@ NAME             %05s "TWISS"
@ TYPE             %05s "TWISS"
@ SEQUENCE         %05s "LHCB1"
@ PARTICLE         %06s "PROTON"
@ MASS             %le        0.9382720882
@ CHARGE           %le                   1
@ ENERGY           %le                 450
@ PC               %le         449.9990218
@ GAMMA            %le         479.6050162
@ KBUNCH           %le                   1
@ BCURRENT         %le     0.0002071977796
@ SIGE             %le               0.001
@ SIGT             %le                   1
@ NPART            %le            1.15e+11
@ EX               %le                   1
@ EY               %le                   1
@ ET               %le               0.001
@ BV_FLAG          %le                   1
@ LENGTH           %le          26658.8832
@ ALFA             %le     0.0003485039768
@ ORBIT5           %le                  -0
@ GAMMATR          %le         53.56685277
@ Q1               %le               62.28
@ Q2               %le               60.31
@ DQ1              %le        0.1860887688
@ DQ2              %le        0.6329210338
@ DXMAX            %le         2.871703871
@ DYMAX            %le        0.3146019347
@ XCOMAX           %le      0.005834040148
@ YCOMAX           %le      0.009768288764
@ BETXMAX          %le         19924.88471
@ BETYMAX          %le         20079.77596
@ XCORMS           %le     0.0004296434937
@ YCORMS           %le      0.001021357075
@ DXRMS            %le         1.500236017
@ DYRMS            %le       0.05471640455
@ DELTAP           %le                   0
@ SYNCH_1          %le         9.290748275
@ SYNCH_2          %le      0.002244883795
@ SYNCH_3          %le      7.99769003e-07
@ SYNCH_4          %le      1.18174961e-06
@ SYNCH_5          %le     2.853877955e-08
@ SYNCH_6          %le          67.4811581
@ SYNCH_8          %le        0.2791693088
@ DQMIN            %le      0.001376467749
@ DQMIN_PHASE      %le        -2.903289038
@ TITLE            %25s "LHC Model created by omc3"
@ ORIGIN           %16s "5.09.01 Linux 64"
@ DATE             %08s "07/11/25"
@ TIME             %08s "04.17.15"
* NAME                                S               BETX               ALFX               BETY               ALFY                MUX                MUY                 DX                 DY                DPX                DPY                  X                  Y                DDX                DDY                K1L               K1SL                K2L                K3L                K4L                 WX                 WY               PHIX               PHIY               DMUX               DMUY KEYWORD                           DBX                DBY                R11                R12                R21                R22 
$ %s                                %le                %le                %le                %le                %le                %le                %le                %le                %le                %le                %le                %le                %le                %le                %le                %le                %le                %le                %le                %le                %le                %le                %le                %le                %le                %le %s                                %le                %le                %le                %le                %le                %le 
 "BPMYB.5L2.B1"                  28.288         160.347446        2.296402641        47.00484253      -0.9566515486      0.03524139202      0.08888487476      -0.1491485905     0.001718849986     0.002040395259   -0.0001029418531    1.613086492e-06   -0.0001702283106        1.740300318         3.09916406                  0                  0                  0                  0                  0        29.51545689        34.90451095      -0.1798706189     -0.07591461043      -0.2699777384       -1.578525175 "MONITOR"                            0                  0      0.01188504268        1.457796983   -0.0002957045822     0.003961362065
 "BPMYB.4L2.B1"                  48.858        82.42786333        1.491617906        103.6014401       -1.794763016      0.06387204677       0.1365060314      -0.1071808014   -9.640811808e-06     0.002040395259   -0.0001029418531    4.754417171e-06   -0.0005592505849          7.7483299        6.981293434                  0                  0                  0                  0                  0        30.26403247        34.14547004      -0.1210366999      0.01768200303      -0.7984103927       -3.221691289 "MONITOR"                            0                  0     0.005802399424        1.419926845   -0.0002957045822      0.01004400532
 "BPMWI.4L2.B1"                 73.3255        83.56694222      -0.4976782349        104.6765991       0.3079639677       0.1152510368       0.1714150776     -0.08924850728    -0.001347634467     0.001443476493   -9.437391389e-05   -6.397490631e-06    -0.001578041348        18.81391357        8.385080974                  0                  0                  0                  0                  0        30.15083814        34.17635154     -0.01698978761      0.08781540479       -2.237173874       -4.372627268 "MONITOR"                            0                  0     -0.02673140841        1.608435768    1.446433564e-05     -0.01875765408
 "BPMSX.4L2.B1"                123.4225         170.902153       -1.245643937        100.0702095      -0.2160145564       0.1840956348       0.2528216797     -0.01688873718     -0.00271909195     0.001443476493   -9.437391389e-05   -5.232564252e-05    -0.004934426533        43.36353699        9.715454893                  0                  0                  0                  0                  0        29.51194375        34.65515145       0.1227654314        0.251610912        -4.18948911       -5.746336939 "MONITOR"                            0                  0     -0.02600678859         1.97159566    1.446433564e-05      -0.0194822739
 "BPMS.2L2.B1"                  161.394        63.58367727       -1.300787617        173.3880503        10.83406269       0.2344029437       0.2964783658    -0.005279106101    -0.004971627571   -0.0001456313955    1.906679865e-05   -0.0001087013858    -0.007895619788        30.81616573        12.51055472                  0                  0                  0                  0                  0         27.1341459        30.88161477       0.2077788596       0.3526179156       -4.961381636       -5.360377748 "MONITOR"                            0                  0     -0.05552684054        1.553474268     0.003546478993      -0.1078311302
 "BPMSW.1L2.B1"                 171.328        56.76853905        2.166589793        56.64752236        2.157996803       0.2577665876       0.3144241757    -0.005229836851     -0.01019316619    0.0001725566203   -0.0004075916031   -0.0001518857503    -0.004329980053        30.06943215        6.927836493                  0                  0                  0                  0                  0         26.9482959        27.49932879        0.253785523       0.3966133128       -5.058101052        -5.01582465 "MONITOR"                            0                  0      0.01831637362       0.8450863108    -0.001636064516     -0.04937973173
 "BPMSW.1L2.B1_DOROS"             171.328        56.76853905        2.166589793        56.64752236        2.157996803       0.2577665876       0.3144241757    -0.005229836851     -0.01019316619    0.0001725566203   -0.0004075916031   -0.0001518857503    -0.004329980053        30.06943215        6.927836493                  0                  0                  0                  0                  0         26.9482959        27.49932879        0.253785523       0.3966133128       -5.058101052        -5.01582465 "MONITOR"                            0                  0      0.01831637362       0.8450863108    -0.001636064516     -0.04937973173
 "BPMSW.1R2.B1"                 214.518        56.72319017       -2.165539807        56.52045121        -2.15505466       0.6200932608        0.676215403     0.002219800209     -0.03645169576    0.0001725566203   -0.0004075916031   -0.0001488023855      0.00432464936       -16.23665718        -6.26953754                  0                  0                  0                  0                  0        24.27553693        23.19361241       0.9572223165        1.121767289       -2.745998184        -5.31371852 "MONITOR"                            0                  0     -0.05234525285       0.9731671681    -0.001636064516      0.02128189474
 "BPMSW.1R2.B1_DOROS"             214.518        56.72319017       -2.165539807        56.52045121        -2.15505466       0.6200932608        0.676215403     0.002219800209     -0.03645169576    0.0001725566203   -0.0004075916031   -0.0001488023855      0.00432464936       -16.23665718        -6.26953754                  0                  0                  0                  0                  0        24.27553693        23.19361241       0.9572223165        1.121767289       -2.745998184        -5.31371852 "MONITOR"                            0                  0     -0.05234525285       0.9731671681    -0.001636064516      0.02128189474
 "BPMS.2R2.B1"                  224.452        173.7945316       -10.86370783         63.2796978        1.295279074       0.6380059724        0.699687222     0.004889886301     -0.02983575865    0.0003503826986     0.001645374643   -0.0001966956145     0.004811370276       -33.28522959       -7.157003351                  0                  0                  0                  0                  0        23.77425188        22.97765075       0.9686948441        1.168414262       -3.186196646       -5.665364476 "MONITOR"                            0                  0      -0.1174505616        1.730954223     0.004011286811     -0.06318839054
 "BPMSX.4R2.B1"                262.3035        100.5441126       0.2157429133        170.4684425        1.239888913       0.6813262279       0.7501192155      0.01457711676     -0.01242726075     0.001562122591    0.0009466215999   -0.0001259967831     0.007101643363       -32.85420116       -12.72025166                  0                  0                  0                  0                  0        25.29752477        19.38459421        1.026302824        1.273373912       -4.295429223       -5.921776337 "MONITOR"                            0                  0     -0.01560024168        1.979440165   -1.829337875e-05     -0.02832915222
 "BPMWB.4R2.B1"                312.5965        105.1713037      -0.3077475879        83.40142685       0.4913065948       0.7626600651       0.8194186722      0.09311405817       0.0397034193     0.001562122591    0.0009466215999   -9.910678306e-05     0.002579413268        -41.1429922       -8.426366795                  0                  0                  0                  0                  0        25.59257797        19.13350195        1.191666415        1.406151287       -5.907221025       -5.302073478 "MONITOR"                            0                  0     -0.01652027058         1.38553608   -1.829337875e-05     -0.02740912332
 "BPMYB.4R2.B1"                 336.988        103.9014868        1.803853078        82.58893876       -1.498930075       0.7973272815       0.8706296132      0.09417167216      0.07042655937    -0.002117083403       0.0022514572   -6.516296756e-05    0.0007716459021       -40.89592411       -7.022778094                  0                  0                  0                  0                  0        25.66422959        19.21088268        1.261098082         1.50644117       -6.069722635       -4.427817271 "MONITOR"                            0                  0     0.005578086615        1.146912307   -0.0004144054488    0.0005147932685
 "BPMR.5R2.B1"                  366.522        42.72547635      -0.4756567572        162.2622385        2.270834628       0.8785131181       0.9075965372      0.03694034065        0.122663409   -0.0009361181168    -0.001191968877    1.207076102e-06    1.725046302e-05       -21.42003638       -7.833900218                  0                  0                  0                  0                  0        25.22137878        20.01693896        1.417901816        1.583183171       -5.110652183       -3.773621228 "MONITOR"                            0                  0     -0.04005847471        1.350288515    0.0003965094067       -0.025302021
 "BPM.6R2.B1"                   439.818        190.0078573        4.691418482        44.59814239       -1.816753669         0.99972338        1.162058147     -0.02739296362       0.0428389403   -6.898921727e-05    0.0002753470809    2.342703307e-07   -4.241873378e-06       -10.30704804        5.429754939                  0                  0                  0                  0                  0        27.19576022        18.95101073        1.660240036        2.113265619       -2.468042529       -5.792410758 "MONITOR"                            0                  0    -0.002173102607       0.3602188805    -0.001157970089     -0.02808683835
 "BPM_A.7R2.B1"                 452.693        89.27757382        3.132292853        107.3643101       -3.058288481        1.015482075        1.191844496     -0.02828089202      0.04638883627   -6.898921727e-05    0.0002753470809   -7.350702376e-08   -9.044170799e-06       -3.339160895         9.40384267                  0                  0                  0                  0                  0        28.08898176        17.72385573        1.699117101        2.174470828       -2.299137931       -6.160844188 "MONITOR"                            0                  0     -0.01708196751       0.2185311684    -0.001157970089     -0.01317797345
 "BPM.8R2.B1"               494.1300106        108.2772693      -0.8927447887         38.2641797       0.6354050223        1.097119974        1.283800831      0.08621066353     -0.01342228446     0.008855445589    -0.001640261001   -1.348386151e-06   -8.561537147e-06        17.14080352        6.198554548                  0                  0                  0                  0                  0        27.79403824        17.27016061        1.862137913        2.347812694        -2.81300572       -6.149640711 "MONITOR"                            0                  0     -0.01266187471      0.03447511741    0.0005615616416      -0.0392926222
 "BPM.9R2.B1"               533.1950212         17.0660326       0.2373014642        124.3447268       -1.932930366        1.253192014        1.389494966       0.4744962886     -0.09825702875      0.01564055268    -0.002221467558   -1.033162692e-06   -1.575953869e-05        16.03690439        7.972375795                  0                  0                  0                  0                  0         29.9210998        18.59576574        2.174494331        2.560928995        -6.79094187       -4.589680457 "MONITOR"                            0                  0      -0.0504480149       0.2259959722    -0.001057214285    -0.004742147655
 "BPM.10R2.B1"              573.6580318        162.8402045       -3.472446482        31.26565694       0.6521741789         1.41639769        1.487554241         1.92711458      -0.0652299057      0.04382422886     0.001141414895   -1.781415871e-06    -5.02795987e-06        31.33529107       0.8435545149                  0                  0                  0                  0                  0        31.83815156        18.13099401         2.51325956        2.769826178       -4.711699178       -3.843700298 "MONITOR"                            0                  0     -0.02751767876        0.916962719     0.001122792726     -0.05479086991
 "BPM.11R2.B1"              625.4967424        32.85531972       0.5788294208        179.5544502       -2.642768423        1.526505143         1.62576769         1.08883533      -0.1135355559     -0.01591567714    -0.001065510404     1.43749695e-07    4.241388508e-06        2.340859563       -9.079244392                  0                  0                  0                  0                  0        30.85591235        16.26090534        2.741923663        3.036457106       -2.634216503       -5.750169435 "MONITOR"                            0                  0     -0.03099326577       0.9258364183   -0.0007155463045     0.005947108133
 "BPM.12R2.B1"              680.2202583        174.2494125       -2.382058516        31.45196805       0.5152658791        1.667712639        1.744106439        2.141916297    -0.004191338677      0.02930710821      0.00215571523    2.758484432e-06    6.795665421e-06       -31.05216555       -5.511115325                  0                  0                  0                  0                  0        31.39425103        22.99782627        3.015188355        3.344660831       -5.673139828       -6.157245462 "MONITOR"                            0                  0     -0.02144479834         1.07107791    0.0007861049475     -0.06154320969
 "BPM.13R2.B1"              733.6687742        33.20163311       0.5395731806        170.2150369       -2.401751314        1.781089137         1.88713099        1.075521657       0.1134272306     -0.01458212093     0.002204202512    1.430597528e-06    1.852184381e-05       -20.15058627        -8.62037088                  0                  0                  0                  0                  0        34.97549198        23.98288902        3.280415674        3.638396925       -7.525966541       -3.488357203 "MONITOR"                            0                  0     -0.03147420408       0.6451470901   -0.0007424551863    3.250578017e-05
 "BPM.14R2.B1"              787.1172901        169.8717343       -2.339626898        34.95624863       0.5329522713        1.918886673         1.99874976        2.108783263      0.06962569263      0.02921661691   -0.0009890845176    1.776419087e-06    -0.000349515407       -34.71800768      -0.4263701792                  0                  0                  0                  0                  0        34.90054059        15.74856201        3.563724186        3.806511752       -4.046067264       -2.981516396 "MONITOR"                            0                  0     -0.02132663009       0.9234427422     0.000638748724     -0.05002468718
 "BPM.15R2.B1"               840.565806        34.93188648        0.532682895        172.5828424       -2.324916648         2.03056197        2.130630814        1.105539082       0.1085656258     -0.01334976577    0.0008040619321   -8.276711105e-08    -0.001266935387       -3.865605729        8.527680962                  0                  0                  0                  0                  0        30.87512082        15.54173773        3.750650472        4.053824406       -2.050664529        -4.87441571 "MONITOR"                            0                  0     -0.03024220679       0.9019712561   -0.0006483566185     0.003836928945
 "BPM.16R2.B1"              894.0143219        169.2571093       -2.279028334        36.91971564       0.5648380903        2.163942991        2.237862664        2.195142462      0.01039407531      0.03030099086    -0.001970574025   -4.885761883e-06   -0.0008668414045         26.1914576         5.49234853                  0                  0                  0                  0                  0        31.64193625         23.1234791        4.009014881         4.33814671       -4.993787844       -5.190554809 "MONITOR"                            0                  0     -0.02628553444        1.299705915    0.0006352207422      -0.0525849592
 "BPM.17R2.B1"              947.4628378        33.15532775        0.509341718        171.6915085       -2.258627676        2.279466388        2.365564257        1.130274631      -0.0898939289     -0.01462571792    -0.001887697218   -2.575411213e-06    -0.001572330249        18.12496903           9.035198                  0                  0                  0                  0                  0        34.94126838        23.54669368        4.279140775        4.604873541       -6.942631611       -2.793668732 "MONITOR"                            0                  0     -0.02101145459        1.215756413   -0.0005673402364     0.007599551078
 "BPM.18R2.B1"              1000.911354        169.7882521        -2.33846606        34.96644076       0.5405274465        2.417306856        2.476670565        2.179291745     -0.06213906561      0.02956901623    0.0006825384504   -6.903574021e-06   -0.0002302760197        31.15688873        1.162522534                  0                  0                  0                  0                  0        34.75900302        17.07329244        4.562791972         4.75309369       -3.489202301       -1.738808052 "MONITOR"                            0                  0     -0.02827439952        1.485896679    0.0005647723141     -0.05321579863
 "BPM.19R2.B1"               1054.35987        34.93044086       0.5321708856        171.3049742       -2.308072383        2.529017915        2.609173006        1.099256701      -0.1101371156     -0.01488450879   -0.0009606889828   -2.185807682e-06     0.001014817162        1.993348076       -6.442939769                  0                  0                  0                  0                  0         30.7189156        17.44892482        4.747976221        5.003469424       -1.462622044       -3.438879317 "MONITOR"                            0                  0     -0.01935904948         1.56074463    -0.000591682044      0.01353247153
 "BPM.20R2.B1"              1107.808386        169.2994355       -2.279754364        36.87859826       0.5566257557        2.662389021        2.716962683        2.092618255     -0.01712481604      0.02848532746     0.001882358872   -1.296157495e-06    0.0008357582031       -29.62523111       -4.828174063                  0                  0                  0                  0                  0        31.48455625        22.28316625        5.006305589         5.29942472       -4.347502909       -4.277316755 "MONITOR"                            0                  0      -0.0269368985         1.62692542    0.0007527908757     -0.06565141384
 "BPM.21R2.B1"              1161.256901        33.16311199       0.5097417484        172.9960047       -2.276601624        2.777874454        2.844130036        1.074676753      0.06852277971     -0.01359926256     0.001606690736    1.442048029e-06     0.001709301273       -20.05955536       -9.220201333                  0                  0                  0                  0                  0        34.50156433        22.37966107        5.274801521        5.565815681       -6.355506364       -2.181695149 "MONITOR"                            0                  0     -0.01763779813        1.055215015   -0.0006481762269     0.006133783796
 "BPM.22R2.B1"              1214.705417        169.6927976       -2.337197701        35.04629195       0.5487714297        2.915758041        2.954598415        2.107734837      0.05457108626      0.02919799954   -0.0003952650628    1.926292262e-06    0.0003430596864        -34.8991624       -1.609725366                  0                  0                  0                  0                  0        34.36934459        18.73054531        5.558372143        5.707254109       -2.997473123      -0.6578833725 "MONITOR"                            0                  0     -0.02292699234        1.224723916    0.0005248763961     -0.04756089266
 "BPM.23R2.B1"              1268.153933        33.06166213       0.5113506744        171.9530337       -2.314632922        3.031263194        3.086612878        1.070884717       0.1097579557     -0.01398431255     0.001088840085   -4.918398645e-07   -0.0007784526022       -3.431781466        5.089000015                  0                  0                  0                  0                  0        30.61432618        19.48134484         5.75243275        5.959365284      -0.9307484641       -2.010325805 "MONITOR"                            0                  0     -0.01772069235        1.173447184   -0.0005341835182     0.009745304617
 "BPM.24R2.B1"              1321.602449        171.0750906       -2.358396858        34.80407126       0.5408104617        3.168710829        3.197899581        2.096821467      0.02112159673      0.02906500986    -0.001805681857   -4.977907837e-06   -0.0007727539031          27.715068        4.292594923                  0                  0                  0                  0                  0        31.05553474        21.41865072        6.018794295        6.264423121        -3.99302995       -3.306241261 "MONITOR"                            0                  0     -0.02771539634        1.559846057    0.0004943840618     -0.04672454729
 "BPM.25R2.B1"              1375.050965        33.16542407       0.5207146263        172.7800227       -2.332355899        3.283428321        3.330102805        1.068125752     -0.05402160787     -0.01381608191    -0.001406259994   -2.134065335e-06    -0.001777674882        18.37249428        8.952015682                  0                  0                  0                  0                  0        34.68400349          21.370101         6.28512627        6.540873091       -5.781769048       -1.483320676 "MONITOR"                            0                  0    -0.005928531622        1.464335757   -0.0003893611535      0.01301820496
 "BPM.26R2.B1"              1428.499481        169.6944439       -2.337403959        35.05875204       0.5484601803        3.421333583        3.440577793        2.099315326     -0.04796921936      0.02915906775    0.0002277364706   -6.471207524e-06   -0.0004113644471        30.46804879        1.931402889                  0                  0                  0                  0                  0        34.67310754        19.51878684        6.568685139        6.678941992       -2.268451405       0.2817556639 "MONITOR"                            0                  0     -0.02887717072        1.672085915      0.00037002359     -0.04463285859
 "BPM.27R2.B1"              1481.947997        33.06832372       0.5114190686         172.034742       -2.315353973        3.536825163        3.572521384        1.071952812      -0.1036565467     -0.01379488471    -0.001091516208   -2.255629022e-06    0.0006213131622        1.013272285       -3.665317249                  0                  0                  0                  0                  0        30.41473192         20.4997427         6.76431653        6.932603914      -0.4034371404      -0.7552882133 "MONITOR"                            0                  0    -0.005365912807        1.850374039   -0.0004134789091      0.02000878563
 "BPM.28R2.B1"              1535.396513        171.0557711       -2.358066471        34.79576469       0.5410433655        3.674272541        3.683802281        2.110098495     -0.02285420283      0.02929567956     0.001654079416   -9.921555962e-07    0.0007363910928       -32.22791245        -3.71419501                  0                  0                  0                  0                  0        30.73773724        20.62900432        7.030385969        7.238696513       -3.613698855       -2.267791733 "MONITOR"                            0                  0     -0.02869029038        1.903084636    0.0005837077164     -0.05867133321
 "BPM.29R2.B1"              1588.845029        33.16381999       0.5206479024        172.7166283       -2.331697611        3.788997007        3.816053307        1.074872721       0.0410384302     -0.01395754273     0.001194235165    1.712713044e-06     0.001832601663        -20.2261818       -8.656783266                  0                  0                  0                  0                  0        34.91150716        20.31219914        7.295770972        7.515629269        -5.19543015      -0.7791933541 "MONITOR"                            0                  0    -0.001706870235        1.375936582   -0.0004579219832      0.01280251827
 "BPM.30R2.B1"              1642.293545        169.6695839       -2.337427324        35.06575948       0.5477985136        3.926940108        3.926561448        2.107238231      0.04140459916      0.02919007921   -8.951381622e-05    1.787312375e-06    0.0004764389369       -32.84760404       -2.019270888                  0                  0                  0                  0                  0        35.00318231         20.2951403        7.579350459        7.651403369       -1.534391764        1.178550516 "MONITOR"                            0                  0     -0.02323864393        1.438771047    0.0003570390921     -0.04093984437
 "BPM.31R2.B1"               1695.74206         33.0791699       0.5114134008        172.1643006       -2.316819292        4.042417983        4.058421574        1.070656187      0.09496148467     -0.01397860435     0.001043266362   -9.028024904e-07   -0.0004593919229       0.7858453263        2.912907736                  0                  0                  0                  0                  0        34.64763103        19.74844675         7.81876134        7.900866052      -0.5191745034       0.6242921782 "MONITOR"                            0                  0    -0.003208262461        1.358202734   -0.0003559100454      0.01424648592
 "BPM.32R2.B1"              1749.190576        171.0896767       -2.358059843        34.78992964       0.5418832683        4.179809049        4.169654837        2.096475145      0.02286923515      0.02906227122    -0.001482412851   -5.559614795e-06   -0.0006943001099        40.11251091        3.348125366                  0                  0                  0                  0                  0        34.37920055        17.90128162        8.085737227        8.213350872       -4.761739507      -0.8856362055 "MONITOR"                            0                  0     -0.02667172537        1.661362184    0.0003023938878     -0.03702325421
 "BPM.33R2.B1"              1802.639092        33.14849128       0.5205997592        172.5625294       -2.329941188        4.294556367        4.302003187        1.068111104     -0.03098052683      -0.0138093784    -0.001006929179    -2.11481484e-06    -0.001873204842        21.88658517        8.187923907                  0                  0                  0                  0                  0        40.57005782        17.35644488        8.339535739        8.491775505       -5.476044703        0.123684364 "MONITOR"                            0                  0     0.007460559292        1.607318792   -0.0002022163656      0.01724505872
 "BPM.34R2.B1"              1856.087608        169.6768189       -2.337662177        35.07035245       0.5473201136        4.432516756        4.412538473        2.099784304     -0.03522810939      0.02916834071    2.385091776e-06   -6.341945823e-06   -0.0005378101349        28.25405546        2.262549372                  0                  0                  0                  0                  0        41.11770975        19.25110162        8.621686734        8.620156144      -0.8140128796        2.039862466 "MONITOR"                            0                  0     -0.02828792946        1.791894479    0.0001687932573     -0.03378064752
 "BPM.33L3.B1"              1909.536124        33.08377751        0.511510818        172.2567507       -2.317885726        4.547981793        4.544340684        1.072211187     -0.08506758261     -0.01379957846   -0.0009672335935   -2.305151756e-06    0.0002938066574       -0.455933563       -1.518134133                  0                  0                  0                  0                  0        41.25426434         19.0747256        8.859868119        8.868229751      -0.7044169974        1.951891023 "MONITOR"                            0                  0     0.009153171118        2.049701631   -0.0002068280438      0.02503843537
 "BPM.32L3.B1"               1962.98464        171.0737366        -2.35779566        34.78739509       0.5423040501        4.685374031        4.655548946        2.110314262     -0.02188463357      0.02929500158     0.001305266549   -7.927496962e-07    0.0006467582799       -34.40988269       -2.718926989                  0                  0                  0                  0                  0        40.55792861        15.14972754        9.128491059        9.185076992       -5.902998866       0.5238080399 "MONITOR"                            0                  0     -0.02873156871        2.073458682    0.0003755451507     -0.04819304944
 "BPM.31L3.B1"              2016.433156        33.14649086       0.5205143104        172.4845717       -2.328971772        4.800129993        4.787941029        1.074776669      0.02109396699     -0.01396365336    0.0008019344118    1.528724002e-06     0.001899177965       -17.31004708       -7.609330223                  0                  0                  0                  0                  0        40.41635522        16.22416492        9.350585455        9.465647208       -6.323874099        1.196789594 "MONITOR"                            0                  0      0.01507860171        1.567743343    -0.000219728162      0.01734242471
 "BPM.30L3.B1"              2069.881672        169.6694984       -2.337994439        35.06987615       0.5464526412        4.938124976        4.898531837        2.106775554      0.02807778091      0.02918324029    6.330739975e-05    4.417944124e-07    0.0005949618653       -20.03710262       -2.214804128                  0                  0                  0                  0                  0        41.06570368        19.84703641        9.632681626        9.596019886       -1.644220799        3.169494853 "MONITOR"                            0                  0     -0.02053569609        1.448176608    0.0001493928725     -0.03061228157
 "BPM.29L3.B1"              2123.330188        33.09801984       0.5116537616         172.404318       -2.319793021        5.053561496        5.030259804        1.070497423      0.07295475777      -0.0139722041    0.0008689470864   -1.403190691e-06    -0.000125997264        2.779606569        1.121812283                  0                  0                  0                  0                  0        34.07496013        21.33831097        9.843756455        9.854510522       -1.197945823        3.311162043 "MONITOR"                            0                  0     0.007541049329        1.440981246   -0.0002031582115       0.0182588112
 "BPM.28L3.B1"              2176.778704        171.0794411       -2.357375722        34.79003327       0.5432667529         5.19090672        5.141401731        2.096352526      0.02049828319      0.02906256514    -0.001091015261   -5.348926069e-06   -0.0005941900299        31.90365237        2.472858996                  0                  0                  0                  0                  0        33.54621014        16.17484051         10.1107551        10.15760728       -5.499071709        1.684760531 "MONITOR"                            0                  0     -0.02586452722        1.783966711    0.0001322161959     -0.02641695865
 "BPM.27L3.B1"               2230.22722        33.13024994       0.5203562619        172.3251763       -2.326829866        5.305694628        5.273867977        1.068170085     -0.01207114045     -0.01380581145    -0.000609414924   -1.882519487e-06    -0.001910317516        18.26217004        7.219052261                  0                  0                  0                  0                  0        33.62504416        16.97169993        10.33134381        10.43894992       -6.279146697        2.098510333 "MONITOR"                            0                  0      0.02334041712         1.72283735    2.418598759e-05      0.02095417367
 "BPM.26L3.B1"              2283.675735         169.675479       -2.338174728        35.06643179       0.5458899038        5.443705224        5.384501379        2.100242314     -0.02138047606      0.02917610809   -0.0001205129656   -6.101591395e-06   -0.0006474867478        25.57844072        2.376655707                  0                  0                  0                  0                  0        34.09923341        21.85155178        10.61498452        10.58115793       -2.484890887        4.246714266 "MONITOR"                            0                  0     -0.02583555956        1.797644418    -6.59545582e-05     -0.02090510676
 "BPM.25L3.B1"              2337.124251        33.10175324       0.5116875343        172.4915928       -2.321065891         5.55913432        5.516196746        1.072468174     -0.06024285332     -0.01380394635   -0.0007495648482   -2.195348123e-06   -4.286559168e-05       -1.726149329      -0.1143363074                  0                  0                  0                  0                  0         27.8292018        23.39263743        10.81713427        10.84092082        -1.64964022        4.657078344 "MONITOR"                            0                  0       0.0229098803        2.125539764    1.048003276e-05      0.02856916585
 "BPM.24L3.B1"              2390.572767        171.0793832       -2.357276942        34.79642383       0.5438298052        5.696470174         5.62729374        2.110580945     -0.01825174714      0.02929536414    0.0008806906277   -4.847853501e-07    0.0005369568888       -35.98829856       -2.022695961                  0                  0                  0                  0                  0        27.59633864        17.11952961         11.0819787         11.1326209       -5.087600674        2.880779815 "MONITOR"                            0                  0     -0.02704600679        2.119734019    0.0001492743274     -0.03504085528
 "BPM.23L3.B1"              2444.021283        33.12718451       0.5203534065        172.2429042       -2.325545824        5.811262384        5.759783481        1.074689216     0.007015811286      -0.0139706665    0.0004790732823     1.86913484e-06     0.001906533176       -20.02025589       -6.897551554                  0                  0                  0                  0                  0        33.80618482        15.88656891        11.34171488         11.4076623        -5.64336655        2.889056848 "MONITOR"                            0                  0      0.02911356237        1.743390913   -6.283340418e-06       0.0224569162
 "BPM.22L3.B1"              2497.469799        169.6696443        -2.33861852        35.05315668       0.5448393905         5.94931429         5.87049992        2.106256898      0.01645166821      0.02917518924    0.0001311183172    1.182241083e-06    0.0006949297216       -27.82253948       -2.344484666                  0                  0                  0                  0                  0        34.37672862        22.41771494        11.62524034        11.55682088       -1.785185888        5.004328029 "MONITOR"                            0                  0     -0.01928977924        1.565866235   -3.514246048e-05     -0.02064265592
 "BPM.21L3.B1"              2550.918315        33.11817603       0.5118997787        172.6450122       -2.323388054        6.064707333        6.002148103        1.070274681      0.04908513589     -0.01396594175    0.0006285732965   -1.198930864e-06    0.0002113170884       0.6268851301      -0.1645122036                  0                  0                  0                  0                  0        27.70738491        24.02255192        11.82969545        11.81822905       -1.177089371        5.812267634 "MONITOR"                            0                  0      0.02314930881        1.522915908    1.473333541e-05      0.02162026861
 "BPM.20L3.B1"              2604.366831        169.2736747       -2.333128596        36.84078256       0.5643706715        6.202945201        6.109499678        2.076812451      0.01622660151      0.02869475353   -0.0006970595434   -5.462288521e-06    -0.000472177614        33.48080159        1.838876443                  0                  0                  0                  0                  0        27.33769162        16.28833033        12.09673422        12.09345292       -4.687189661        4.158076225 "MONITOR"                            0                  0     -0.02245342099        1.761803978   -0.0001052062774      -0.0123281564
 "BPM.19L3.B1"              2657.815347        34.97313095       0.5295139862        171.5714658       -2.259204667        6.314779814        6.237434719        1.090451128    -0.001411994491     -0.01298759569   -0.0003386704857   -2.015407146e-06    -0.001867541798        18.71811755        6.496669308                  0                  0                  0                  0                  0         33.8893678        14.72473399        12.34742049        12.35469216       -5.044904616        3.642577713 "MONITOR"                            0                  0      0.03762388155        1.738727605    0.0002582367532       0.0235177113
 "BPM.18L3.B1"              2711.263863        169.8482836       -2.285276392        35.04239811       0.5406658683        6.447737985        6.348439236        2.180029645      -0.0112069221      0.03028035544   -0.0001478754801    -6.17899787e-06   -0.0007584939218        24.76536136        2.574652531                  0                  0                  0                  0                  0        34.31546295        23.51175803        12.62163089        12.52131131        -1.28985105        5.632768184 "MONITOR"                            0                  0     -0.02139931765        1.703036747    -0.000294580814    -0.006390714194
 "BPM.17L3.B1"              2764.712379        33.11429285       0.5123629472        171.4442205       -2.307716334        6.563103261        6.480682744         1.13437834     -0.03737111519      -0.0142452994    -0.000504069497   -2.105548726e-06   -0.0004633708536       -2.346854632        1.365203227                  0                  0                  0                  0                  0        27.56340131        25.14160738        12.82349045         12.7866232      -0.5760817904        7.019074894 "MONITOR"                            0                  0      0.03535548755         2.07762942      0.00022597756      0.03043804389
 "BPM.16L3.B1"              2818.160894         169.189113       -2.332093531        36.80421132        0.556956033        6.701394127        6.588539137        2.211058041     -0.01257128795      0.03009465823    0.0005287074622   -3.163171458e-07    6.075521495e-05        -36.9893363       -1.315106827                  0                  0                  0                  0                  0        27.36282158        15.21856662        13.09000211        13.04857952       -4.050862439        5.563002685 "MONITOR"                            0                  0     -0.02412869871         2.09213931   -0.0001074526492       -0.018109345
 "BPM.15L3.B1"               2871.60941        34.97403219       0.5290510882        172.7603128       -2.275593222        6.813258543        6.715985815        1.114614757    4.731860656e-05     -0.01523745852    0.0002330700376    1.627565261e-06    0.0007040985682       -20.82406463       -6.104696114                  0                  0                  0                  0                  0        34.14694856        13.47847707        13.34408767        13.30270987       -4.485242948        4.595532509 "MONITOR"                            0                  0      0.04495072043        1.830952683    0.0002690807682      0.02581804696
 "BPM.14L3.B1"              2925.057926        169.9393889        -2.28672837        35.10523264       0.5480520076        6.946187504        6.826429762        2.108084058     0.009596171289      0.02850654987    0.0001648814195    5.093265813e-06    0.0002569597633       -29.02467985       -2.634989648                  0                  0                  0                  0                  0        34.51761571        23.85907015        13.61833302        13.48783304      -0.7141666031        6.297008993 "MONITOR"                            0                  0     -0.01736770161         1.60467985   -0.0003130657557    -0.004888345548
 "BPM.13L3.B1"              2978.506442        33.12232862       0.5130426219        170.3299222       -2.291500219         7.06149496        6.959084476        1.070499156       0.0330622859     -0.01398821858    0.0004507954087    1.578779929e-06    5.898809682e-05       0.1370195397       -2.038384028                  0                  0                  0                  0                  0        28.08977512        25.39212518         13.8211693        13.75565053       0.0545946655        8.155676036 "MONITOR"                            0                  0       0.0381913256        1.760562492    0.0002574146575      0.02749869024
 "BPM.12L3.B1"              3031.954958        172.0111896       -2.368966477        33.51461533       0.5172725597        7.198297824        7.073581206        2.107341657      0.01122959291      0.02927174647   -0.0004560592184   -4.282043886e-07    1.226418275e-05         33.1785696        1.006253885                  0                  0                  0                  0                  0         27.8115661        15.29160305        14.08497988        14.00777438       -3.423395958        6.857224047 "MONITOR"                            0                  0     -0.02094948566        1.839741467   -0.0002560004688    -0.005804622162
 "BPM.11L3.B1"              3085.403474        28.23915198       0.4581313292        179.3500329        -2.45753588        7.324580257        7.205935659       0.9778695505     0.001343699924     -0.01573796946   -0.0001709416591   -1.600012686e-06   -4.851340297e-07        17.00562924        5.880695403                  0                  0                  0                  0                  0        33.98800976        13.56111996        14.36564334        14.27151041       -3.722895506        5.536719479 "MONITOR"                            0                  0       0.0538417225        1.607025466    0.0004641343481      0.02486870563
 "BPM.10L3.B1"              3138.184185        172.3220652       -2.544490227        34.58043606       0.5915146909         7.47400986        7.313697055        1.598511514    -0.008868342359      0.02009252546   -0.0001947536834   -4.987739227e-06    -1.08490767e-05        19.91633607        2.622985223                  0                  0                  0                  0                  0        35.41415426        22.81900122        14.66935535        14.46488264       0.4383524986        6.916009172 "MONITOR"                            0                  0     -0.01361362527        1.361146801   -0.0005342716527     0.009840622233
 "BPM.9L3.B1"               3177.249195        54.89696164        1.081630803        111.8097644       -1.776213989         7.53505146        7.431005166       0.8734593163     -0.02626647651     -0.01568614109   -0.0004643737633   -2.347258732e-06   -3.034508131e-05        3.810070224        2.464699919                  0                  0                  0                  0                  0        35.95297919        23.78883388        14.79714576        14.69309546       0.5936579058        8.972231779 "MONITOR"                            0                  0      0.04249966933        1.781816491    0.0004890452712      0.03446250473
 "BPM.8L3.B1"               3217.712206        175.9360003       -2.492574487        15.14700072       0.2092016051        7.611694696        7.597652434        1.619738991    -0.006537825533      0.02745397891    0.0005786460299   -2.309464137e-06   -6.989593678e-06       -12.58157026      -0.9540776687                  0                  0                  0                  0                  0        35.30084115        25.20075862        14.94499522        15.03902059       -1.316352832        6.512282446 "MONITOR"                            0                  0     -0.02066154795        1.305199848    0.0001493752557     -0.03814918058
 "BPM.7L3.B1"               3256.776216        58.27090593        1.099063239        145.4984719        -3.22080094         7.67049262         7.77107544        1.198577987      0.01092233401    -0.007777833779    0.0004386172246   -2.724232615e-07    1.431974788e-05       -13.66356492       -5.759434488                  0                  0                  0                  0                  0         36.4632402        25.16034352        15.05963274        15.40471038       -3.442604755        5.630384972 "MONITOR"                            0                  0    -0.005043741731        1.309779672   -0.0005105324337      0.01495486273
 "BPM.6L3.B1"               3329.415216        206.9488114         2.29537996        80.41478395        -1.38350089        7.782385081        7.890169294         2.77600259       0.0204293468     -0.03184398476    0.0004768662565    3.235932081e-06    2.394410043e-05       -40.36869758       -2.946745049                  0                  0                  0                  0                  0        35.75183069        24.37404962        15.28900548        15.64083768       -5.277339601        8.158049761 "MONITOR"                            0                  0     0.003000752732        1.391890937   -0.0004514344539     -0.01169406135
 "BPMWG.A5L3.B1"            3371.119716        68.17824554        1.032092285        258.8383538       -2.894775582        7.839480907        7.936842033         1.46296573      0.04029434159     -0.03184398476    0.0004768643217    2.668565268e-06    4.638499355e-05       -20.89002711       -3.456975687                  0                  0                  0                  0                  0        34.69975915        25.66266204        15.40005309        15.72916481        -4.24015523        8.561476313 "MONITOR"                            0                  0     -0.01582609229         1.56421365   -0.0004514340237      0.00713269738
 "BPMW.5L3.B1"              3400.089716        56.42667742      -0.5615730155        293.7618193        1.898509638        7.923030485        7.952419074       0.8502623086      0.04342523271     -0.01258323286   -0.0002703909565    2.933668597e-06      4.9699725e-05       -12.06664738       -2.942758961                  0                  0                  0                  0                  0        34.55351268        25.78767969        15.56465058        15.75962573       -1.581335544        8.560993609 "MONITOR"                            0                  0     -0.05645422148        2.486299102    0.0002415082155     -0.02114488806
 "BPMWE.4L3.B1"             3475.217716        272.3789181       -2.312884452        96.96519057       0.7209748258        8.026643978        8.025842047     -0.09509329806       0.0231353098     -0.01258323286   -0.0002703909565    5.421835245e-06    2.569090042e-05        1.036155364       0.4891016411                  0                  0                  0                  0                  0        35.59606022        26.52728839        15.76548282        15.91203602      0.01204403477        7.527159571 "MONITOR"                            0                  0     -0.03831019227        3.775894076    0.0002415082155     -0.03928891727
 "BPMW.4L3.B1"              3502.762716        250.4773768         3.44877057        118.0781059       -1.817388684        8.041858972        8.071550032      -0.3843688091      0.02150583255    -0.006896677151    0.0001842783408    4.853421275e-06      2.3292777e-05         5.06287504        2.006275822                  0                  0                  0                  0                  0        35.84680409        26.26589716        15.79602434        16.00414974       -0.106035365          6.3281483 "MONITOR"                            0                  0      0.04187948692        3.759678084    0.0003057296618       0.0416122969
 "BPMW.4R3.B1"              3547.727716        44.40984508        1.134072345        355.1944483       -3.455964865        8.111956686        8.106781415      -0.6944742002      0.02978386938    -0.006896677151    0.0001842783408    1.156458483e-06    3.133153012e-05        9.368005598        5.245454731                  0                  0                  0                  0                  0        38.07976327        24.87354626        15.93882978        16.06921864       -1.888189405        5.418258269 "MONITOR"                            0                  0      0.05562662116        3.129523994    0.0003057296618      0.02786516266
 "BPMWE.4R3.B1"             3575.272716         30.7723144      -0.5341118921        366.4897092        2.870636581        8.259225468        8.118100457       -1.075124814       0.0274749757     -0.02145504957   -0.0003246658657   -9.767272261e-07    2.851312096e-05        14.78044409        5.860264717                  0                  0                  0                  0                  0        38.95511029        24.76931387        16.23611841        16.09102619       -6.202571545        5.161832958 "MONITOR"                            0                  0     0.004332164294        2.409784421   -0.0002743764611     -0.01568075034
 "BPMW.5R3.B1"              3650.400716        346.7693312       -3.672003229         77.4708068       0.9763832034        8.388833289        8.191652115       -2.686993766     0.003110021867     -0.02145504957   -0.0003246658657   -6.988368368e-06    1.969848873e-06        37.95220054        3.922626736                  0                  0                  0                  0                  0         40.5601559        25.02650051        16.50616422        16.22611284       -3.239122364        4.108775602 "MONITOR"                            0                  0     -0.01628119047        2.454894287   -0.0002743764611     0.004932604424
 "BPMWJ.A5R3.B1"            3679.118716        301.7309811        4.216809997        87.54214213       -1.251207148         8.40149384        8.255047944        -2.31862969    -0.006059834214      0.04054227531   -0.0003488334836   -6.652828279e-06   -8.562536497e-06        31.95697027        4.598527661                  0                  0                  0                  0                  0        40.48780951        25.40056392        16.53329144        16.35318561       -2.741975358        4.423160227 "MONITOR"                            0                  0      0.05151226511        3.139264887    0.0009011925181      0.06643735343
 "BPMWC.6R3.B1"             3718.936716        64.61014488        1.738306707        233.6469124       -2.418104085        8.447520538        8.299952266      -0.7193209216     -0.01993309029      0.04054227531   -0.0003488326675   -3.138409426e-06   -2.514574558e-05        7.130482613        7.297248946                  0                  0                  0                  0                  0        39.93098229        25.90479441        16.63490899        16.44953516       -1.225863435        5.298740424 "MONITOR"                            0                  0       0.0873958727        2.304733784    0.0009011881518      0.03055356319
 "BPMR.6R3.B1"              3731.015216        39.62074514       0.3033163924         245.465423        2.317518446        8.487736077        8.307612554      -0.2773840744     -0.02204747019      0.03187714099     7.32388614e-05   -2.331234528e-06   -2.754413932e-05    -0.009700083449        7.379554897                  0                  0                  0                  0                  0        39.70215519        25.92256496        16.71719254        16.46557529      -0.5589504657        5.482865046 "MONITOR"                            0                  0      0.05339515537         1.54560397    -0.000648627107    -0.007664816941
 "BPM_A.7R3.B1"             3786.839216        91.64600389        -1.23526786        67.60110931       0.8686436654        8.676296691         8.37894863        1.502123318     -0.01796528417      0.03187714099     7.32388614e-05   -2.052847125e-07   -2.124397574e-05       -31.27222387        2.962919203                  0                  0                  0                  0                  0        38.27932336        24.69092984        17.09666038        16.61307097       -5.512275659        7.091708038 "MONITOR"                            0                  0      0.01718619575       0.1583210378    -0.000648627107      0.02854414268
 "BPM.8R3.B1"               3825.903227        35.28906274        0.302832807        179.7784901       -2.186348639        8.786828016        8.440828759        1.304068416     -0.03367950529    -0.002081907911   -0.0004374565283    1.388891457e-06   -3.874968536e-05       -18.53375007        2.774776301                  0                  0                  0                  0                  0        38.84513544        25.46114101        17.31407341        16.73182779       -6.709962255        7.727046614 "MONITOR"                            0                  0      0.04966687952      -0.3141243865    0.0007921992418     0.006934358971
 "BPM.9R3.B1"               3864.968238        128.1779889       -1.988260756        72.66379438        1.053007188        8.891077067        8.493553203        2.508726227     -0.02129916931      0.03854048068    0.0003628047424    4.266222423e-06   -2.395780765e-05       -20.05260314       0.4050867371                  0                  0                  0                  0                  0        40.14326649        26.09902489        17.52504896        16.84233626       -3.483432164        7.362927649 "MONITOR"                            0                  0      0.03381882071       -1.116948767   -0.0007397897055      0.04197555312
 "BPM.10R3.B1"              3905.431248        54.52646306       0.6234959046        170.0326471       -1.840156341        8.966023019        8.556839355        1.608523089     -0.02770320292     -0.02043732223   -0.0001930554202    2.837328945e-06   -3.018257047e-05     -0.08732102437       -1.924577678                  0                  0                  0                  0                  0        39.45212674        25.42846596        17.67726763        16.96509132       -1.247476834        5.984555953 "MONITOR"                            0                  0      0.02211219103       -1.398095887    0.0005048620126    -0.005091708213
 "BPM.11R3.B1"              3958.211959        183.5462756       -1.975735227        41.64030027       0.5541777396        9.059210825        8.658790455        2.651034821    -0.005647935227      0.02564474057     0.000444559269    3.770878527e-06   -5.238359643e-06        26.70277129       -2.622517304                  0                  0                  0                  0                  0        39.31601036        26.78660318        17.85829484        17.16431463       -1.744316105        3.585292413 "MONITOR"                            0                  0      0.02436354851       -1.331103871     -0.00063835994      0.05922698436
 "BPM.12R3.B1"              4012.935475        42.68229067       0.5867281827        162.7051017       -1.940947499        9.159820324        8.780936155        1.246749707      0.01304370442     -0.01933468039    0.0003379156575     4.03378198e-07    1.720332525e-05        20.23954954       -6.379256195                  0                  0                  0                  0                  0        33.33565378         24.6327235         18.0986084        17.41312208       -4.920091324        4.040848405 "MONITOR"                            0                  0      0.02661699605      -0.9572396614    0.0005996151716    0.0007272545333
 "BPM.13R3.B1"              4066.383991         170.957795       -2.098346231        35.07537769        0.485152708         9.27635514        8.895642853        2.096845671       0.0136103188      0.02596297082   -8.198829539e-06   -2.780415605e-06    1.603465215e-05        36.18177141       -1.971938846                  0                  0                  0                  0                  0        32.08336384        26.13265488        18.33470411        17.61374212       -5.828666049        6.741098933 "MONITOR"                            0                  0      0.01822688825      -0.7171128501   -0.0007166508578       0.0607799799
 "BPM.14R3.B1"              4119.832506         33.0330753       0.5162438796        174.3245104       -2.342430629         9.39155442        9.026222692        1.068494546      0.03101457533     -0.01376281076    0.0003450680716    -2.16757557e-06     3.44068799e-05        5.118217615       0.6796637409                  0                  0                  0                  0                  0        38.67417266         27.5824462        18.54174858        17.87003572       -2.220711466        6.670292623 "MONITOR"                            0                  0      0.04711756825      -0.5675883971    0.0009073636529     0.001669880438
 "BPM.15R3.B1"              4173.281022        168.4052617       -2.324633052         36.7933026       0.5738809526        9.530520308        9.133041142        2.084273822     0.007564098481      0.02886611853   -0.0004824096754   -4.195084449e-06    7.579884001e-06        -25.7014198        2.139913139                  0                  0                  0                  0                  0        39.70902751        25.86954232        18.81551115        18.10770344      -0.3616904573        4.068376314 "MONITOR"                            0                  0      0.02604401725        -1.14536409   -0.0008326571987      0.05944465671
 "BPM.16R3.B1"              4226.729538         35.0638766       0.5252640894        169.8358799       -2.238045522        9.642525415        9.261926389        1.096452624    -0.009616654924     -0.01302587313   -0.0003131553766    -6.12189994e-07   -1.346455167e-05        -20.5146638        6.585748604                  0                  0                  0                  0                  0        33.26617473        24.39217425        19.06268867         18.3695718       -3.666877242        3.633518084 "MONITOR"                            0                  0      0.03116689676      -0.9358702937    0.0006926782027     -0.00172975014
 "BPM.17R3.B1"              4280.178054        170.7646452       -2.294695067        35.03715147       0.5300898729        9.774799627        9.373634529        2.191922632     -0.01259793254      0.03039890538   -4.156332878e-05    2.735696337e-06   -1.502539758e-05       -41.95099907        2.264772817                  0                  0                  0                  0                  0        32.23179578        26.68350051        19.33206585        18.56956252       -5.123085661        6.237290864 "MONITOR"                            0                  0      0.02126318201      -0.9426754484   -0.0007741659816      0.06225166613
 "BPM.18R3.B1"               4333.62657        33.03958021       0.5169342207        173.2525706        -2.33127923        9.889942905        9.504979898        1.136216059     -0.03231669091     -0.01445041045   -0.0003874712534    2.161539823e-06   -3.622403834e-05       -8.041232058       0.2048365651                  0                  0                  0                  0                  0        39.32006953        28.32660192        19.53879678        18.83025867       -1.489759498        6.998070112 "MONITOR"                            0                  0      0.04073984647       -0.756510554    0.0008563638226    -0.001317137956
 "BPM.19R3.B1"              4387.075086        168.3019607       -2.323118045        36.85859388       0.5681534206         10.0289485        9.612076646        2.203699084    -0.009266361819      0.02992439879     0.000476854246    4.221393818e-06   -9.607516021e-06        19.22307037       -1.836306755                  0                  0                  0                  0                  0         40.4020484        25.37074781        19.81300136        19.06615108       0.4776357818        4.522464267 "MONITOR"                            0                  0      0.02773077769       -1.319734465   -0.0007645720928      0.05777698079
 "BPM.20R3.B1"              4440.523602        35.05603661        0.524564006        170.9710565       -2.250928369        10.14101002        9.740260306        1.108634428     0.005252534653     -0.01520095555    0.0002608465133    6.329856952e-07    8.576371814e-06        17.52115389       -6.561287786                  0                  0                  0                  0                  0        33.42497805        23.67638398        20.06076548        19.32338644       -2.831149726        3.335144278 "MONITOR"                            0                  0      0.02504248649       -1.157167303    0.0006308394029    -0.005454347033
 "BPM.21R3.B1"              4493.972118        170.8675396       -2.296246891        35.00492793       0.5365162027        10.27325119         9.85158301        2.096157526      0.01134708692      0.02838704474    0.0001059676132   -2.695275306e-06     1.37289521e-05        36.01326108       -2.513805429                  0                  0                  0                  0                  0        32.37488553        26.93551287        20.32998681        19.52711856       -4.338840819        5.675273434 "MONITOR"                            0                  0      0.02312968287       -1.150905146   -0.0007251845568      0.06175535288
 "BPM.22R3.B1"              4547.420634        33.04839566       0.5176439592        172.0751298       -2.316927357        10.38833354        9.983598225        1.068608242      0.03302574904     -0.01378346767    0.0004226795603   -2.155294354e-06    3.738132436e-05        5.432686972       -1.090934215                  0                  0                  0                  0                  0        39.11044828        28.54682188        20.53780628        19.79115546      -0.7378861454        7.201988852 "MONITOR"                            0                  0      0.03359010777      -0.9374164742     0.000787878515    -0.004322094661
 "BPM.23R3.B1"               4600.86915        169.9811884       -2.344807026        34.83177504       0.5417507458        10.52642169        10.09478869        2.102638614      0.01025347638      0.02921363651   -0.0004728653233   -4.287544755e-06    1.083933713e-05       -24.39799993         1.51868292                  0                  0                  0                  0                  0        40.20717756        25.16920324        20.80998715        20.02914959        1.264733821        4.918169194 "MONITOR"                            0                  0      0.02799575253        -1.40623478   -0.0007086839957      0.05683709567
 "BPM.24R3.B1"              4654.317666        33.18861005       0.5145502944        172.6777119        -2.33019508        10.64153784        10.22697191        1.073463123    -0.002503655181     -0.01383366577   -0.0002263718716   -6.091340555e-07   -5.493463684e-06       -19.59986261        6.514899035                  0                  0                  0                  0                  0        33.53718224          23.547947        21.06229129        20.29371811       -2.117183034        3.172546019 "MONITOR"                            0                  0      0.02149282024       -1.272777267    0.0006072632662    -0.008308764281
 "BPM.25R3.B1"              4707.766181        170.7546409       -2.350448926        35.02993596       0.5473734659        10.77880677        10.33755198        2.111234701     -0.01043963072      0.02929028071   -0.0001442922682    2.843651445e-06   -1.277421476e-05       -40.70918164         2.65186042                  0                  0                  0                  0                  0        32.61269412        27.16812856        21.34243674        20.50002515        -3.50942712        5.257284642 "MONITOR"                            0                  0      0.02490692797       -1.325122568   -0.0006864375639      0.06037179648
 "BPM.26R3.B1"              4761.214697        33.04137103       0.5173890172        172.1568259        -2.31774864        10.89391618        10.46950462        1.074210853     -0.03324908256     -0.01399277632   -0.0004427957523    2.176663537e-06   -3.786693903e-05       -7.291109825        1.665474224                  0                  0                  0                  0                  0        39.03456994        28.76296802        21.54812225        20.76553958       0.2015599808        7.227747952 "MONITOR"                            0                  0      0.02645197701       -1.110721304    0.0007125680949    -0.007446708922
 "BPM.27R3.B1"              4814.663213        170.0115306       -2.345414329        34.82437587       0.5421531432        11.03200773        10.58067766        2.103907795     -0.01118044006      0.02913956784    0.0004600747678    4.187364722e-06   -1.196823635e-05        20.22558307       -1.287929617                  0                  0                  0                  0                  0        40.06838809        24.95845179        21.82003554        20.99986647        1.920976482        5.230651067 "MONITOR"                            0                  0      0.02902257281       -1.553667016   -0.0006293507069      0.05412565646
 "BPM.28R3.B1"              4868.111729        33.19434097       0.5148001053        172.5932309       -2.329314031        11.14709904        10.71292213        1.069315811   -0.0004474739975     -0.01393660934    0.0001870764638    5.324512917e-07    2.147127841e-06        17.30674213       -6.379449757                  0                  0                  0                  0                  0          33.761218        23.36146578         22.0742122         21.2625349       -1.560033088        3.068927664 "MONITOR"                            0                  0      0.01442430429         -1.4417966    0.0005267210952      -0.0115074484
 "BPM.29R3.B1"              4921.560245         170.723101       -2.349868597        35.03568089       0.5469362509        11.28436908        10.82352375         2.09556145      0.00944759017      0.02906832343    0.0001851333484   -2.991234271e-06    1.171657486e-05         34.4372112       -2.769989115                  0                  0                  0                  0                  0        32.93120249        27.32349043        22.35464829        21.47325312        -2.66664768        4.837185864 "MONITOR"                            0                  0      0.02588771817       -1.474304753   -0.0006069246244      0.05749344636
 "BPM.30R3.B1"              4975.008761        33.03624736       0.5171408749        172.2443997       -2.318718458        11.39950244        10.95541798        1.068739472      0.03317469289     -0.01377934458    0.0004586822312   -2.195343898e-06    3.805664638e-05         7.01672576       -2.259274221                  0                  0                  0                  0                  0        31.03690187         28.6721604        22.58443209        21.72965846       0.4996362716        7.307643494 "MONITOR"                            0                  0      0.01888234912       -1.267861088    0.0006240943718     -0.01046919549
 "BPM.31R3.B1"              5028.457277        170.0438401       -2.345982409        34.82098135       0.5426357143        11.53759048        11.06656343         2.10318396      0.01199500734      0.02922158808   -0.0004433922633    -4.08370547e-06    1.300385116e-05       -16.86125926        1.025881802                  0                  0                  0                  0                  0        31.81001275        24.51601441         22.8541958        21.95821971        1.017898012        5.828303485 "MONITOR"                            0                  0      0.02971814301       -1.682683587   -0.0005377548063      0.05047537246
 "BPM.32R3.B1"              5081.905793        33.20034251       0.5150592761        172.5016103        -2.32822301        11.65265593        11.19886263        1.073664617     0.003352007511     -0.01384088548   -0.0001466920308   -4.562294949e-07    1.216657355e-06       -16.61294953        6.156617936                  0                  0                  0                  0                  0        27.11601995        23.05110348        23.12213159        22.21818734       -1.876510167        3.217511989 "MONITOR"                            0                  0     0.006962776017       -1.600403564    0.0004354594821     -0.01467926133
 "BPM.33R3.B1"              5135.354309        170.6902761       -2.349263741        35.03741277       0.5464142284        11.78992704        11.30949621        2.111297992    -0.008386199152      0.02928794811   -0.0002237454893    3.133214089e-06   -1.056719937e-05       -39.14187516        2.861641443                  0                  0                  0                  0                  0        26.69678875        27.33085612        23.40511236        22.43565109        -1.81192064        4.440319044 "MONITOR"                            0                  0      0.02647030369       -1.604280707   -0.0005207667155      0.05402922765
 "BPM.34R3.B1"              5188.802825        33.03044517       0.5168781509        172.3379094       -2.319880661        11.90508626        11.44133906        1.074080623     -0.03284515117     -0.01399646465   -0.0004710482722    2.211294965e-06     -3.7949175e-05       -6.081017127        2.830939089                  0                  0                  0                  0                  0        24.87061453        28.94259211        23.63863108        22.69393655       0.7374377456        7.301348211 "MONITOR"                            0                  0      0.01113224718        -1.40183019    0.0005297384255      -0.0132847446
 "BPM.33L4.B1"               5242.25134        170.0778131       -2.346599747        34.82021541       0.5431765084         12.0431723        11.55244987        2.103389605     -0.01271676513      0.02913210863    0.0004233115357    3.972990574e-06   -1.393765557e-05        22.87986068      -0.7574851021                  0                  0                  0                  0                  0        25.19369452        24.63241965        23.90559643         22.9161929       0.1036306456          6.4041733 "MONITOR"                            0                  0      0.02987028375       -1.781157446   -0.0004402922927      0.04610740021
 "BPM.32L4.B1"              5295.699856         33.2054798       0.5153223046        172.4076107       -2.327027145        12.15821277        11.68479859        1.069139759    -0.006195756787     -0.01392944211    0.0001058836377    3.781303096e-07   -4.570140704e-06        20.67004496       -5.856484356                  0                  0                  0                  0                  0        27.01733964        22.93705229        24.13275394        23.18638154       -2.766145445        3.580613544 "MONITOR"                            0                  0   -0.0004964695574       -1.724421913    0.0003388550625     -0.01748792607
 "BPM.31L4.B1"              5349.148372         170.655314       -2.348658054        35.03647022       0.5458502309        12.29548855        11.79547015        2.095555249      0.00728396519      0.02907128343    0.0002603743942   -3.273508908e-06    9.335548874e-06        43.21744319       -2.909145772                  0                  0                  0                  0                  0        26.69966235        27.22842547         24.4159176        23.40887862       -2.484826281        4.366426827 "MONITOR"                            0                  0      0.02658213088       -1.702856227   -0.0004247633856       0.0495118859
 "BPM.30L4.B1"              5402.596888        33.02602676        0.516617937          172.43217       -2.321129232        12.41067167        11.92726789        1.068897888      0.03233440107     -0.01377624755     0.000480770641   -2.224569491e-06    3.754523396e-05        6.320826637       -3.314153538                  0                  0                  0                  0                  0        30.38536727        28.44062426        24.60413962        23.67864822       0.6679612064        7.273620967 "MONITOR"                            0                  0     0.003243482221       -1.512405198    0.0004257105941     -0.01587388732
 "BPM.29L4.B1"              5456.045404         170.113284       -2.347186107        34.82358101       0.5437696422         12.5487504        12.03833561        2.103734977      0.01336710808      0.02922917102   -0.0004009158054   -3.859189673e-06    1.476280988e-05       -29.64923083       0.5063495549                  0                  0                  0                  0                  0        30.99989599         24.1719215        24.87328311        23.89815523       0.7192481691        6.660448945 "MONITOR"                            0                  0      0.02967374696         -1.8567176   -0.0003333018223      0.04087755053
 "BPM.28L4.B1"               5509.49392        33.20953981       0.5155801099        172.3132899       -2.325707843        12.66376765        12.17072366        1.073835216     0.009031310399     -0.01384881471   -6.392895158e-05   -3.008567621e-07    7.888726726e-06       -20.53510389        5.542510689                  0                  0                  0                  0                  0        32.88116926        22.39283824        25.10273433        24.16715277       -2.774590791        3.808934947 "MONITOR"                            0                  0     -0.00809078489       -1.835339889    0.0002346310856     -0.02021001145
 "BPM.27L4.B1"              5562.942436        170.6193023       -2.348071019        35.03144931       0.5452424849        12.80105164        12.28144106        2.111247652    -0.006122097379       0.0292840212   -0.0002957259342    3.407379243e-06    -8.03068415e-06       -37.56703432        2.935948624                  0                  0                  0                  0                  0        32.28497644        26.66122698        25.38395355        24.39290635       -3.152648217        4.312876151 "MONITOR"                            0                  0      0.02635325953       -1.783162374   -0.0003250861217      0.04455652544
 "BPM.26L4.B1"              5616.390952        33.02116006       0.5163499765        172.5262756       -2.322493957         12.9162598          12.413204        1.073893978      -0.0315753658     -0.01399895034   -0.0004868103635    2.235031428e-06   -3.684806995e-05       -4.658118266        3.769982526                  0                  0                  0                  0                  0         37.2175013        27.75926571        25.58285083        24.66349501       0.6477808541        7.218414105 "MONITOR"                            0                  0    -0.004667314219       -1.601504089    0.0003183299513     -0.01824602547
 "BPM.25L4.B1"              5669.839468        170.1499847       -2.347810444        34.82948747       0.5443834628        13.05433242        12.52422414        2.102807016     -0.01391439013      0.02912442664    0.0003754509503    3.739073994e-06   -1.547246805e-05        25.63447822      -0.2517642119                  0                  0                  0                  0                  0        38.00334651        23.53795363        25.85365741        24.88003223        1.339400251        6.889377748 "MONITOR"                            0                  0      0.02898732875       -1.903591712   -0.0002237763503      0.03515758286
 "BPM.24L4.B1"              5723.287984        33.21378775       0.5158489214        172.2216673       -2.324350728        13.16932546        12.65664386        1.068954577     -0.01183419049     -0.01392118818    2.072174916e-05    2.221407502e-07   -1.114502402e-05        18.15139774       -5.220456254                  0                  0                  0                  0                  0        33.14106758        22.59056054        26.11438801        25.13582869       -2.190380825        3.946350119 "MONITOR"                            0                  0     -0.01553437408       -1.910461491    0.0001278075744     -0.02250901233
 "BPM.23L4.B1"                5776.7365        170.5816803       -2.347459019        35.02399908       0.5446235581        13.30661812        12.76741081        2.095589481     0.004887140648       0.0290751627     0.000329057209   -3.539071456e-06    6.663332613e-06        31.11096722       -2.963172076                  0                  0                  0                  0                  0        32.65147189        26.64584622        26.39576834        25.36646179        -2.27664621        4.001298558 "MONITOR"                            0                  0      0.02564050152       -1.829127694   -0.0002184268237      0.03871929717
 "BPM.22L4.B1"              5830.185015        33.01823589       0.5160904291        172.6148201       -2.323854933        13.42184819        12.89914765        1.069079003      0.03052529069     -0.01377355751    0.0004886538742   -2.242773064e-06    3.586297046e-05        1.499193162       -4.234992881                  0                  0                  0                  0                  0        37.03796964        27.54252667        26.59354045        25.63791995        1.550055893        6.942898414 "MONITOR"                            0                  0     -0.01248303558       -1.661717182    0.0002044375582     -0.02027832856
 "BPM.21L4.B1"              5883.633531        170.1878604       -2.348381464        34.83919573        0.545009356        13.55990792        13.01011485        2.104316454      0.01434869011      0.02923692937     -0.00034624014   -3.616073307e-06    1.606144582e-05       -32.24804391    -0.007834545483                  0                  0                  0                  0                  0        37.73649573         23.5524201        26.86406574        25.84992218        1.939783995        7.067596119 "MONITOR"                            0                  0      0.02793023661        -1.92281573   -0.0001072177657       0.0286722622
 "BPM.20L4.B1"              5937.082047        35.09606683       0.5362751022         170.269017       -2.298368557        13.67114371        13.14347101        1.108105453      0.01429475738     -0.01321194917    1.790224221e-05   -2.023926625e-07    1.403488369e-05       -21.29206044        4.856410449                  0                  0                  0                  0                  0        33.27406455        22.88327101        27.11910833        26.10684395       -1.505101969        4.112735507 "MONITOR"                            0                  0      -0.0215374574        -2.00175375    3.083614247e-05     -0.02471012432
 "BPM.19L4.B1"              5990.530563        168.9705063       -2.270687267        36.98239935        0.551486886        13.80426341        13.25146184        2.208598831    -0.003534145059      0.03050824914   -0.0003532356748    3.466837816e-06   -5.186897853e-06       -37.07715645        3.047313067                  0                  0                  0                  0                  0        32.67898235        26.81316631        27.39148963        26.33733268       -1.582628987        3.723311264 "MONITOR"                            0                  0      0.02503505564       -1.902210961    -0.000135484861      0.03404901219
 "BPM.18L4.B1"              6043.979079        33.00150747       0.5058453722        174.1528408       -2.288896363        13.92023438        13.37786068        1.136006648      -0.0286029669     -0.01478970218   -0.0004761443614    2.240241916e-06   -3.397805619e-05       -4.486257279        4.893739054                  0                  0                  0                  0                  0        37.57389045        27.21575469        27.59006049        26.60036904        2.304572906        6.502569325 "MONITOR"                            0                  0     -0.01995198698       -1.701554182    9.799890557e-05     -0.02146649055
 "BPM.17L4.B1"              6097.427595        170.0859658       -2.347096269         34.9858913       0.5550561521        14.05835314        13.48799441        2.183815729     -0.01482582082      0.02955461088    0.0002985556678     3.64923145e-06   -1.676134695e-05        25.73217953       0.4195875559                  0                  0                  0                  0                  0        38.34205421        23.55717405        27.86101671        26.80265802        2.795097028         7.30612027 "MONITOR"                            0                  0      0.02621043065       -1.901146826    1.198256961e-05      0.02176758875
 "BPM.16L4.B1"              6150.876111        35.09553848           0.535665        168.8896056        -2.27641174         14.1696298        13.62169903        1.096979244     -0.01815761575      -0.0150181254   -8.221134328e-05    2.239877849e-07   -1.861998301e-05        18.33445529       -4.199099365                  0                  0                  0                  0                  0        33.52116286        23.40697234        28.11655597        27.05940029      -0.6784091735        4.544138186 "MONITOR"                            0                  0      -0.0280436317       -2.023497165   -7.348828661e-05     -0.02648786299
 "BPM.15L4.B1"              6204.324627        169.0719119       -2.272005608          36.799399        0.541508898        14.30269807        13.73053469        2.079289883      0.00153095431      0.02827414575     0.000393536916    -3.43167547e-06    2.925011485e-06        31.30459856       -2.993046199                  0                  0                  0                  0                  0        32.92074354        26.49664205        28.38879678        27.29710577      -0.8189142407        3.493523095 "MONITOR"                            0                  0      0.02374446121       -1.909900733   -3.094949482e-05      0.02746619429
 "BPM.14L4.B1"              6257.773143        33.00334883       0.5064687697        175.4359452       -2.310618005        14.41862264        13.85674092        1.068705014      0.02614645333     -0.01344242464    0.0004649756341   -2.238089326e-06    3.146516309e-05        1.942495188       -5.464946517                  0                  0                  0                  0                  0        37.47990264         26.5729025         28.5895524        27.55991993        3.055250786        5.978727605 "MONITOR"                            0                  0     -0.02769960189       -1.712241194   -2.314788504e-05     -0.02283217175
 "BPM.13L4.B1"              6311.221659        169.9839221       -2.345727082        35.20269297       0.5647926067        14.55679221         13.9659881        2.103079603      0.01503388881      0.02921564902   -0.0002452911192   -3.683904043e-06    1.715615562e-05       -30.94788097      -0.8218341356                  0                  0                  0                  0                  0        38.20595164        23.90541161        28.86044182        27.75666764        3.561391782        7.386150141 "MONITOR"                            0                  0      0.02411869838       -1.849642404    0.0001345038382       0.0143297225
 "BPM.12L4.B1"              6364.670174        26.24437285        0.410669061        177.6985617       -2.387192986         14.6902138        14.09498975       0.9288374855      0.02308025771     -0.01657972891    0.0001714795269    6.523630339e-08     2.44447702e-05       -18.05516429        3.398719317                  0                  0                  0                  0                  0        34.04491281        24.23068693        29.15729877        28.00337195      -0.4638019609        5.134452186 "MONITOR"                            0                  0     -0.04267907872       -1.755927206   -0.0002871589691     -0.02572232378
 "BPM.11L4.B1"               6418.11869        187.5065967       -2.812948108        26.94595714       0.4652677602        14.84208074        14.22264565        1.685199457   -0.0006487541914      0.02383559259   -0.0004766511666    4.473975805e-06   -1.764422758e-06       -29.34344037        2.544471149                  0                  0                  0                  0                  0        34.58439442        26.03766795        29.47034956        28.27627308        1.034098982        3.322020877 "MONITOR"                            0                  0      0.01941629444        -1.57457292    0.0002822558622     0.007741016005
 "BPMCS.10L4.B1"            6469.765401        36.36928852       0.6967592938        170.3115232        -2.60441583        14.94092436        14.37471694       0.6967235195     -0.02790590128     -0.01457688884   -0.0005314639528     2.36032065e-06   -3.325080704e-05      -0.5659672351        4.959246133                  0                  0                  0                  0                  0        34.77969236        27.27675802        29.63734289        28.58816482        4.124836648        6.225589973 "MONITOR"                            0                  0     -0.03569758351       -1.776741886   -0.0002277634805     -0.02800280793
 "BPM.10L4.B1"              6469.957401        36.10323863       0.6889172125        171.3133035       -2.613189942        14.94176766        14.37489584        0.693924766     -0.02800782436     -0.01457688884   -0.0005314639528    2.351177567e-06   -3.336880626e-05      -0.4524900917        4.968924747                  0                  0                  0                  0                  0        34.77284559        27.28518147        29.63904702        28.58853699        4.142942404        6.229559283 "MONITOR"                            0                  0      -0.0357413141       -1.775256093   -0.0002277634805     -0.02795907734
 "BPMCS.9L4.B1"             6508.830412        112.5405461       -1.794316866         44.6350064        1.113018869        15.05734875         14.4414665        1.022116004     -0.01678132785      0.01610903686    0.0003615397868    2.987140097e-06   -1.931422995e-05        23.14160212         1.38485042                  0                  0                  0                  0                  0        34.39700939        27.27345088        29.86435742        28.73169689        3.967482121        7.095827867 "MONITOR"                            0                  0      0.02121604374       -1.599950113    6.671938058e-05      0.02301125507
 "BPM.9L4.B1"               6509.022412         113.230946       -1.801515677        44.20945618        1.103388497        15.05761944        14.44215441        1.025208934     -0.01671199816      0.01610903686    0.0003615397868    2.991357475e-06    -1.92282876e-05        23.25750546        1.364746571                  0                  0                  0                  0                  0        34.39583126         27.2733725        29.86486588        28.73312892        3.961071865        7.097208974 "MONITOR"                            0                  0      0.02122885386       -1.599607892    6.671938058e-05      0.02299844495
 "BPMCS.8L4.B1"             6549.293422        12.23046003      0.08787697821        135.7303746       -2.077055776         15.2491129        14.54358755       0.2766655879     -0.02608734493     -0.01654944105   -0.0002964795564   -5.366547055e-07   -2.856589314e-05        12.19326571       -1.309559047                  0                  0                  0                  0                  0        37.18576311         26.5521516        30.24579169         28.9296581       -1.285412075         5.72021188 "MONITOR"                            0                  0      -0.0709088992      -0.6756636687   -0.0008137458972     -0.01614428596
 "BPM.8L4.B1"               6549.485422        12.19975266      0.07205723853        136.5294073       -2.084573024        15.25161464        14.54381203       0.2734881143     -0.02614421059     -0.01654944105   -0.0002964795564   -5.556973042e-07   -2.862430774e-05        12.12127253       -1.321582456                  0                  0                  0                  0                  0        37.20140896        26.54884654         30.2507855         28.9300665       -1.288914492        5.714597769 "MONITOR"                            0                  0     -0.07106513841       -0.665118865   -0.0008137458972     -0.01598804674
 "BPMCS.7L4.B1"             6588.357433        176.2194486       -4.077892601        71.55886583       0.7197346141        15.42937731        14.60338244    -0.003995424775     -0.01392025611   -0.0006793842393    0.0003685940763   -5.195806093e-06   -1.448909004e-05        7.186748102       -2.447685891                  0                  0                  0                  0                  0        40.74154784        27.22423512        30.61190009        29.04899054        3.463810133        4.095016471 "MONITOR"                            0                  0     -0.02427711357       0.3266645367     0.001033348991     -0.03841123732
 "BPM.7L4.B1"               6588.549433        177.7890473       -4.097100515        71.28326975       0.7156616116        15.42954995        14.60381029    -0.004125843262     -0.01384956714   -0.0006793842393    0.0003685940763   -5.219092853e-06   -1.440799947e-05        7.165421824       -2.452667668                  0                  0                  0                  0                  0         40.7593382        27.22830764        30.61227368        29.04984647         3.46899914        4.083498757 "MONITOR"                            0                  0     -0.02407871056       0.3239126915     0.001033348991     -0.03860964033
 "BPMYB.6L4.B1"             6685.153433        162.2748914     -0.09354122543        530.3301971       -3.890049593        15.51922736        14.69227799     -0.05634314659    -0.008549436799   -0.0005365625297    4.642600671e-05   -4.307247573e-06   -4.892068599e-06       -19.28321024       -10.84035078                  0                  0                  0                  0                  0        40.37179817        24.63357923        30.79198187        29.23337002        4.405767976        2.571501139 "MONITOR"                            0                  0     -0.04601519726        1.384456237   -0.0003338958173    -0.002883641977
 "BPMYA.5L4.B1"             6722.153433        433.5816879       -4.962883746        244.7837152        3.532283774         15.5424677        14.70795162      -0.1105714231    -0.001919901487      -0.0015398475    0.0001898202359   -6.366837119e-06     1.14132691e-06       -41.45800659       -7.652515823                  0                  0                  0                  0                  0        41.53408691        22.96933264        30.83216155        29.25919867        4.018298693         2.54670294 "MONITOR"                            0                  0     -0.04066956012        1.951976578    0.0009436825623     -0.05992200932
 "BPMWI.A5L4.B1"            6798.755933        315.0857916       0.7962088246         215.530309       -0.102079354         15.5744886        14.76410597     -0.01054072905      0.01116162753     0.001600767148    0.0001703001718    -4.44988706e-06    1.571143912e-05       -45.95916289       -7.564312422                  0                  0                  0                  0                  0        41.83523939         23.1573039        30.89692467        29.36975077        3.112921229        2.988701942 "MONITOR"                            0                  0     -0.01817049126       0.5614669712   -8.045673285e-05     -0.03025684393
 "BPMWA.B5L4.B1"            6824.619933        277.3684796       0.6620852348        223.9445653      -0.2232734118        15.58843071        14.78288612     0.001139318211      0.01556127071    2.915930029e-05    0.0001702969496   -3.720606972e-06    2.065197234e-05       -46.91383128       -7.628316718                  0                  0                  0                  0                  0        41.92149011        23.26077084        30.92519525        29.40688316        2.604620724        3.302116601 "MONITOR"                            0                  0     -0.02025133179       0.3026823956   -8.045183744e-05     -0.02817612938
 "BPMWA.A5L4.B1"            6833.504933        266.0126029       0.6160100618        228.2822192       -0.264926248        15.59363756        14.78914193     0.001398148066       0.0170726619    2.915930029e-05    0.0001702969496   -3.470079037e-06    2.234917125e-05       -47.23803275       -7.650299223                  0                  0                  0                  0                  0        41.95117877        23.29636723        30.93574121        29.41924871        2.401630004        3.420284239 "MONITOR"                            0                  0     -0.02096614637       0.2386216965   -8.045183744e-05     -0.02746131481
 "BPMWA.A5R4.B1"            6881.553933        218.7875862       0.3668411268         264.564306      -0.4901797228        15.62554971        14.82046104     0.002797868458      0.02524608177    2.915930029e-05    0.0001702969496   -2.115254417e-06    3.152741667e-05       -48.99127488       -7.769177934                  0                  0                  0                  0                  0        42.11224214        23.48921352        31.00027699        29.48110515        1.064427057        4.081731333 "MONITOR"                            0                  0     -0.02483177671       0.1122750203   -8.045183744e-05     -0.02359568447
 "BPMWA.B5R4.B1"            6890.438933        212.6781973       0.3207659538        273.6448852      -0.5318325589        15.63210705        14.82571754     0.003056698312      0.02675747296    2.915930029e-05    0.0001702969496   -1.864726482e-06    3.322461558e-05       -49.31547634       -7.791160438                  0                  0                  0                  0                  0        42.14211919        23.52493691        31.01352266        29.49147495       0.7819989035         4.19958035 "MONITOR"                            0                  0     -0.02554659128       0.1296088273   -8.045183744e-05     -0.02288086989
 "BPMYB.5R4.B1"             6992.829433         215.611278       -2.890917325         402.573368        4.277106963        15.71440116        14.87390221      -0.1106968867      0.04266732712    -0.001348403178   -0.0003842036019    1.055004865e-06    5.097850153e-05       -54.77848597       -7.765079065                  0                  0                  0                  0                  0        42.38134544        23.91823622        31.17970516        29.58690585       -2.031349843        5.243750097 "MONITOR"                            0                  0     -0.04694141386        1.239755771      0.00073156229     -0.03199550139
 "BPMYA.6R4.B1"             7024.393433        441.3473391       -4.260776409        180.3159511        2.764377541        15.73071465        14.89259057      -0.1532591587       0.0305552214    -0.001348403178   -0.0003842036019    2.329099344e-06    3.608175842e-05       -77.35052479       -4.607606142                  0                  0                  0                  0                  0        41.04710165        24.09623157         31.2135151        29.63424662       -2.272366284        5.567290385 "MONITOR"                            0                  0     -0.02385038174       0.9826632148      0.00073156229     -0.05508653351
 "BPMCS.7R4.B1"             7120.717433        91.58315944       0.9859728111        226.9320202       -0.610202088         15.8066176        14.97525896     -0.04991935169      0.03820885817     0.001143159876    9.297354025e-05    2.592728159e-06    4.329313754e-05        -28.6164482       -1.580664703                  0                  0                  0                  0                  0        39.71028429          23.697997        31.35937641        29.79766106       -1.698649938        5.883433056 "MONITOR"                            0                  0     -0.03567720687       0.2414659544   -0.0002990088081      -0.0146523537
 "BPM.7R4.B1"               7120.909433         91.2053397       0.9818383028        227.1665607       -0.611363187        15.80695195        14.97539355     -0.04969986531      0.03822669167     0.001143159876    9.297354025e-05    2.593043195e-06    4.331055432e-05        -28.5124977        -1.57501164                  0                  0                  0                  0                  0        39.70770709        23.69718514        31.36003225        29.79792464       -1.690539277        5.882355104 "MONITOR"                            0                  0     -0.03573461656       0.2455137489   -0.0002990088081     -0.01459494401
 "BPMCS.8R4.B1"             7158.506443        138.5003272      -0.9972508023        69.93719813        1.486237987        15.86344108        15.02169165       0.1289156086      0.01998233962      0.01057375433   -0.0005282833967    4.150635559e-06    2.208714771e-05       -23.92311314       0.4020216974                  0                  0                  0                  0                  0        40.18011242        25.19317167        31.47315157        29.89352677        0.163451605        5.198369331 "MONITOR"                            0                  0     -0.02051295469       0.3648270516    0.0005980812644     -0.03964085951
 "BPM.8R4.B1"               7158.698443        138.8838023       -1.000015747        69.36817416         1.47742852        15.86366141        15.02213037       0.1309457609      0.01988102682      0.01057375433   -0.0005282833967    4.159152122e-06    2.196953735e-05       -23.90662622       0.4124410502                  0                  0                  0                  0                  0        40.18283958        25.20163112        31.47359409        29.89441961       0.1719618746        5.189240854 "MONITOR"                            0                  0     -0.02039812309       0.3611324462    0.0005980812644     -0.03975569111
 "BPMCS.9R4.B1"             7197.571454        12.60078401       -1.009660009         201.655555       -2.717859193        16.20978563        15.08206244       0.4718244963      0.02695724863      0.01424180445    0.0002444386665   -2.153099403e-07    2.854289262e-05        13.03665551        3.367690889                  0                  0                  0                  0                  0        37.60991572        24.25170298         31.1859359         30.0081579       -2.498652088        3.732766527 "MONITOR"                            0                  0     -0.05464435823        1.212962929     -0.00134145397      0.01888902375
 "BPM.9R4.B1"               7197.763454        12.99440131       -1.040430107        202.7007461       -2.725844382        16.21217377        15.08221358        0.474558947      0.02700413525      0.01424180445    0.0002444386665   -2.395505259e-07    2.858849239e-05        13.23241252        3.382682568                  0                  0                  0                  0                  0        37.59760662        24.24622339        31.19083158          30.008422       -2.534944581        3.728955964 "MONITOR"                            0                  0     -0.05490191739         1.22713079     -0.00134145397      0.01914658291
 "BPMCS.10R4.B1"            7238.034465        614.3212137        -13.7712867        19.31947168       0.9771852962         16.2965702        15.17838306        1.903969293     0.002666648768      0.04356945801    -0.000695131801   -6.259392626e-06    2.038547778e-06         75.8051952        2.051168054                  0                  0                  0                  0                  0        31.12370364        25.57945908        31.40568641        30.17996396       -2.071242093        1.704858786 "MONITOR"                            0                  0     -0.05496292255        2.538060054     0.001665053367     -0.08771293871
 "BPM.10R4.B1"              7238.226465        619.6208282       -13.83087194         18.9479627       0.9577572757        16.29661973        15.17998022        1.912334658     0.002533328301      0.04356945801    -0.000695131801   -6.288652495e-06     1.89370937e-06        76.11414495        2.042526414                  0                  0                  0                  0                  0        31.09796507        25.58814185        31.40606036        30.18304997       -2.070012288        1.686215786 "MONITOR"                            0                  0     -0.05464323231         2.53171067     0.001665053367     -0.08803262895
 "BPM.11R4.B1"              7290.065175        83.80788614        3.188004916        173.5241322       -3.412426691        16.32937308         15.4363516        1.024439491     -0.03275347964     -0.01691741514   -0.0006815355007   -2.823855027e-06    -3.79661595e-05        26.26925219        3.088359891                  0                  0                  0                  0                  0        26.90837384        29.21069076        31.50068781        30.68993092       -1.223223768        5.400312467 "MONITOR"                            0                  0      0.01822773059        1.272264242   -0.0003195446841      0.01033638919
 "BPM.12R4.B1"              7344.788691        58.68688905      -0.4602922451        35.07949761       0.5637451777        16.49127499        15.54687886        2.132849676      -0.0131411495      0.03057935306    0.0004179660093   -2.816298437e-06   -1.432961015e-05        2.471819132      -0.7428501784                  0                  0                  0                  0                  0        26.18655589        23.90986805        31.83747441        30.90845666       0.2491174529        4.637153261 "MONITOR"                            0                  0     -0.02057902022       0.8518194076    6.732992309e-05     -0.03178146729
 "BPM.13R4.B1"              7398.237207        42.12991147      -0.7618061824        171.3705549       -2.306185129        16.73765072         15.6791127        1.096308197    -0.007782778148     -0.01401647222    8.340950572e-05     8.24376355e-07   -5.899691339e-06       -20.81332036       -6.110037346                  0                  0                  0                  0                  0        25.58340757        22.67139697        32.34955366        31.16712211       -3.118132626        1.753541878 "MONITOR"                            0                  0     -0.03603170324        2.187064897   -0.0007460400518      0.02872976281
 "BPM.14R4.B1"              7451.685723        566.3517445       -8.130526868        33.60322765       0.5263428735        16.79805404        15.79287584        2.163568874     0.006776168887      0.02989413806    0.0002830171999    6.075007835e-06    8.911420949e-06       -72.97783908       -2.980372956                  0                  0                  0                  0                  0        23.81905946        45.50285906        32.55303491        31.42841107       -1.958746918          3.5887506 "MONITOR"                            0                  0     -0.04579036269        3.085708339     0.001115356863     -0.08822306521
 "BPM.15R4.B1"              7505.134239        79.79954867        2.670417956        172.0917752       -2.358127808         16.8356303        15.92850803        1.098239775      0.03244341837     -0.01458431011    0.0004917763432     2.83839877e-06    3.755648652e-05       -32.58734879       -3.187202116                  0                  0                  0                  0                  0        102.7680911        46.44224957        32.35560881        31.71793434      -0.3844597242        8.114588363 "MONITOR"                            0                  0      0.01944569993        1.454053227   -0.0003283274201     0.006348284379
 "BPM.16R4.B1"              7558.582755         58.7573695      -0.4470284823        33.38055834       0.5284475637        16.99316099        16.04241111        2.152686822       0.0126773933      0.02965992989   -0.0004092930333     2.80527904e-06    0.0004199527244       -30.73725537       0.7146992764                  0                  0                  0                  0                  0        100.5375779        40.81731931        32.67186035        31.94757289         12.8134579        5.933478485 "MONITOR"                            0                  0     -0.01953675326       0.8619726787    1.564121191e-05     -0.03134706257
 "BPM.17R4.B1"              7612.031271        42.13579083      -0.7499219376        171.2937898       -2.354534239        17.23762889        16.17907703        1.090448397     0.006862652205     -0.01451047122    -7.12530217e-05   -7.026170206e-07     0.001455954368        10.00619638        6.126551821                  0                  0                  0                  0                  0        97.42388989        39.36529361        33.16214777          32.219561      -0.7791890979        1.523125018 "MONITOR"                            0                  0     -0.03586873983        2.207159738   -0.0007592492463      0.02978480822
 "BPM.18R4.B1"              7665.479786        566.1037976       -8.127647921        33.60057734       0.5257955938        17.29806263        16.29287907        2.138262814     -0.01515373874      0.02952478552   -0.0004573528873   -1.263383517e-05    0.0004870429647        71.19637268        2.804533319                  0                  0                  0                  0                  0        84.67595995        62.96502747        33.28302372        32.45210718       -1.878274112        4.944479608 "MONITOR"                            0                  0     -0.03706252188        2.676190768     0.001315937481     -0.09815136538
 "BPM.19R4.B1"              7718.928302         79.8337035        2.669913398        172.1586854       -2.358949928        17.33563783        16.42847445         1.08884172     -0.05787837979     -0.01424999172   -0.0008247746826   -7.001612721e-06    5.611739031e-06        25.19925787        2.594200733                  0                  0                  0                  0                  0         190.757291        64.58092462        33.33725018        32.73593427       0.2904305345        10.88515504 "MONITOR"                            0                  0     0.006477598819       0.4726546082   -0.0005257683522    -0.006859653107
 "BPM.20R4.B1"              7772.376818        58.83526419      -0.4465773175        33.38103772       0.5288452563        17.49295587        16.54234967        2.149378182     -0.02035698189      0.02976189305    0.0007768671445   -9.590803446e-06   -0.0004198461444        2.830391352      -0.8891288376                  0                  0                  0                  0                  0        188.4690264        59.10560783        33.65237022        32.96671305        25.21064195        7.127573339 "MONITOR"                            0                  0     -0.01675476565        0.421022459   -0.0001922325645    -0.007378878836
 "BPM.21R4.B1"              7825.825334        42.07765877      -0.7498417461        171.2267239       -2.353668248        17.73758295        16.67905122        1.096690609    -0.004146704354     -0.01432737371     0.000256433545    5.928481348e-07    -0.001455976233       -20.55466109       -6.063513529                  0                  0                  0                  0                  0        185.2749382        57.62427921        34.14197428        33.23960008        1.535121458        1.291186616 "MONITOR"                            0                  0     -0.03121272432        2.307352141   -0.0005100934355      0.03131201669
 "BPM.22R4.B1"               7879.27385        566.3304949       -8.131853014        33.60485697       0.5264595428        17.79803154        16.79280656        2.163672228      0.02348560679      0.02989340457    0.0005580511003    6.106882079e-06   -0.0004871224884       -72.90618161       -2.999136093                  0                  0                  0                  0                  0        172.5902345        81.43405401        34.26139306        33.46520438       -1.798671095        6.306263578 "MONITOR"                            0                  0     -0.04563039014        3.086688681     0.001077308441     -0.08837052208
 "BPM.23R4.B1"              7932.722366        79.84653777        2.670516078        172.0834979       -2.358096772        17.83559919        16.92844727        1.098117511       0.0834800072     -0.01458875915      0.00116005778     2.83887396e-06   -5.893297976e-06       -32.77315452       -3.036486815                  0                  0                  0                  0                  0         280.988276        83.41910743        34.33045176        33.74609748       0.9734840001        13.67851568 "MONITOR"                            0                  0      0.01947185114        1.454863936   -0.0003276304358     0.006355954818
 "BPM.24R4.B1"              7986.170882        58.82322863      -0.4464039455        33.38304693       0.5284282293        17.99292304         17.0423485         2.15213778       0.0280926657      0.02965174906    -0.001147606136     2.81075387e-06    0.0004197469849       -31.46600345       0.8173996469                  0                  0                  0                  0                  0        278.6669045        77.97725056        34.64529819        33.97685987        37.78469109        8.330349353 "MONITOR"                            0                  0     -0.01952185788       0.8612275261    1.578094041e-05      -0.0313688623
 "BPM.25R4.B1"              8039.619398        42.08548833      -0.7500717909        171.3018767       -2.354563084        18.23756368        17.17900319        1.090239615     0.001386412823     -0.01450330634   -0.0004434229725   -6.998861429e-07     0.001455964067        9.741565196        6.311769721                  0                  0                  0                  0                  0        275.4525256        76.48943754        35.13477059        34.25003707        3.879808085        1.060357322 "MONITOR"                            0                  0     -0.03590874443        2.206041112   -0.0007598950232      0.02977217794
 "BPM.26R4.B1"              8093.067914        566.0211386       -8.128041367        33.59805676       0.5258146484           18.29804        17.29280714        2.138240095     -0.03174864481      0.02952811823   -0.0006563067005   -1.263096864e-05     0.000487227355        71.11901033        2.866654356                  0                  0                  0                  0                  0        262.9041345        100.0324128        35.25439248        34.47353582       -1.718166034        7.660337856 "MONITOR"                            0                  0     -0.03707536499        2.676654457     0.001315948442     -0.09813514156
 "BPM.27R4.B1"               8146.51643        79.88071494        2.670011417        172.1504193        -2.35891872        18.33560673        17.42841371        1.088982039      -0.1088660441     -0.01424698411    -0.001492644186   -7.001950298e-06    6.237174447e-06        25.38600667        2.451045291                  0                  0                  0                  0                  0        370.1689629        102.2317733        35.32697349        34.75238584         1.64642164        16.44874713 "MONITOR"                            0                  0     0.006503038468       0.4734820226   -0.0005252998269    -0.006852367146
 "BPM.28R4.B1"              8199.964946        58.90136002      -0.4459568235        33.38352837       0.5288257133        18.49271824         17.5422871         2.14988236     -0.03577326606      0.02976890663     0.001515027574   -9.595191829e-06   -0.0004196403896        3.556902087       -1.013578138                  0                  0                  0                  0                  0        367.8544447         96.9029865        35.64138649        34.98291826        50.14311243        9.525424723 "MONITOR"                            0                  0     -0.01674016513       0.4203184497   -0.0001920534388    -0.007402516568
 "BPM.29R4.B1"              8253.413461        42.02741606      -0.7499903002        171.2348481       -2.353697465        18.73751769        17.67897738        1.096869954      0.00131799811     -0.01433416047     0.000628403812    5.904875429e-07    -0.001455985773       -20.29253882       -6.333372289                  0                  0                  0                  0                  0        364.6348864        95.41438203        36.13108466         35.2562054        6.203019148       0.8282694768 "MONITOR"                            0                  0     -0.03125184978        2.306176973   -0.0005107376917       0.0312983496
 "BPM.30R4.B1"              8306.861977        566.2475632       -8.132242875        33.60234241       0.5264785093        18.79800891        17.79273463         2.16377702      0.04007773431      0.02989235123    0.0007571909975    6.103525535e-06   -0.0004873068446       -72.83931299       -3.087845226                  0                  0                  0                  0                  0        352.0947501        119.0396293        36.25096024        35.47911707       -1.638351031        9.021039514 "MONITOR"                            0                  0     -0.04564294989        3.087105774     0.001077273373     -0.08835134245
 "BPM.31R4.B1"              8360.310493        79.91422712        2.671018633        172.0640069       -2.357793519        18.83556134         17.9283837        1.098137517       0.1384345968     -0.01459029773     0.001909272117     2.46307036e-06   -6.507565629e-06       -22.54028535       -3.457731269                  0                  0                  0                  0                  0        346.9982364        120.3084374        36.32555006        35.74849387         1.40167347        19.67286542 "MONITOR"                            0                  0      0.01769022631        1.544111737   -0.0003642253984     0.008171170453
 "BPM.32R4.B1"              8413.759009        58.89878542      -0.4455048369        33.38140913       0.5282945847        18.99262809        18.04229618        2.152094611      0.04616871867      0.02965056431    -0.001915999883    1.476993861e-06    0.0004195487251        4.889695562         0.58247435                  0                  0                  0                  0                  0        344.6658973        114.8858395        36.63978732        35.97841429        46.77147376        11.72469227 "MONITOR"                            0                  0     -0.02242790289        1.070928024    4.926018398e-05     -0.03379654315
 "BPM.33R4.B1"              8467.207525        42.02747404      -0.7504179331        171.3212499       -2.354859873        19.23749556         18.1789448        1.090205791     0.000538183093     -0.01450303133   -0.0007751396354   -1.153886006e-06     0.001455985944         22.1233497        6.010848646                  0                  0                  0                  0                  0        341.4423765        113.3974827        37.12963508        36.25163438        5.961392105        1.181004029 "MONITOR"                            0                  0     -0.03093856372        2.329478554   -0.0007169900481      0.03084446558
 "BPM.34R4.B1"              8520.656041        566.0040464       -8.129813861        33.60038352       0.5259334239        19.29801732        18.29273758        2.138193869     -0.04794877926      0.02952788158    -0.000940974495   -1.266348829e-05    0.0004874160389        72.02069428        2.811014715                  0                  0                  0                  0                  0         328.976424        136.9094919        37.24942979        36.47594727       -1.558886734        10.39482932 "MONITOR"                            0                  0     -0.03692678814        2.678250595     0.001279134501     -0.09830485719
 "BPM.33L5.B1"              8574.104557        79.92243288        2.670145515        172.1530882       -2.359003468        19.33557602        18.42834486        1.088929316      -0.1677382396     -0.01424714247    -0.002322224428   -7.002389067e-06     6.88746293e-06        25.33102933        2.835243916                  0                  0                  0                  0                  0        323.8924436        138.2059895        37.32395054        36.74559675        1.160024583        22.86799851 "MONITOR"                            0                  0     0.006533656294       0.4744007534   -0.0005247715652    -0.006843106087
 "BPM.32L5.B1"              8627.553073          58.957629      -0.4454085297        33.38519476       0.5288607282        19.49250976        18.54221373        2.149744311     -0.05647929419      0.02976722938     0.002313214267   -9.599469548e-06   -0.0004194218119        3.403812898      -0.6897013364                  0                  0                  0                  0                  0        321.5722798        132.8046441        37.63800735        36.97510776        43.41474481        13.90533719 "MONITOR"                            0                  0       -0.016726084       0.4197040043    -0.000191945624     -0.00742291221
 "BPM.31L5.B1"              8681.001589        41.98453057      -0.7501364649        171.2333421       -2.353624705         19.7374595        18.67890004        1.096797669    -0.001295340154     -0.01433280225    0.0009429383883    4.662032802e-07    -0.001455984429       -17.81716297       -5.554481401                  0                  0                  0                  0                  0        320.6775304        131.5327888        38.12869639        37.25014618        5.291735914        1.630792916 "MONITOR"                            0                  0     -0.03179505353        2.330010387   -0.0005217576215      0.03179714322
 "BPM.30L5.B1"              8734.450105        566.1871354       -8.132735969        33.60092863       0.5264586174        19.79798649        18.79266048        2.163671587      0.05663124297      0.02989160897     0.001118046931    5.666136863e-06   -0.0004874977109       -63.84041807       -2.874124278                  0                  0                  0                  0                  0        308.1826731        155.2419173        38.24839024        37.47506602       -1.882586715        12.01529677 "MONITOR"                            0                  0     -0.04647995334        3.147015009     0.001086559628     -0.08900615534
 "BPM.29L5.B1"               8787.89862        79.93603575        2.670750397        172.0755602       -2.358114097        19.83553759        18.92831615        1.097964376       0.1946309512     -0.01459171192     0.002668935076    2.691761878e-06   -7.178672431e-06       -29.83929014       -2.899170247                  0                  0                  0                  0                  0        416.8825532        157.4591933        38.32277718        37.75134192        1.510343013        25.80303057 "MONITOR"                            0                  0      0.02094863009        1.491716012   -0.0003141781576     0.006677733904
 "BPM.28L5.B1"              8841.347136        58.94661817      -0.4452246289        33.38702588       0.5284278858        19.99247384        19.04221232        2.151596958       0.0643308406      0.02964425857    -0.002707760568    2.810344792e-06    0.0004193209785       -31.79940667       0.7552787938                  0                  0                  0                  0                  0        414.5454147        152.0645508        38.63669578        37.98083549        55.95225551        15.11588169 "MONITOR"                            0                  0     -0.01944496947       0.8600429373    5.551976408e-06     -0.03145938867
 "BPM.27L5.B1"              8894.795652        41.99209053      -0.7503839593        171.3102245       -2.354559744        20.23744054         19.1788522        1.090049818    -0.002552351519     -0.01449597636    -0.001152380427   -6.945668741e-07     0.001455971448        9.517039467        5.841821112                  0                  0                  0                  0                  0        413.6371055        150.8455788        39.12729002        38.25569389        7.215630404        1.504724914 "MONITOR"                            0                  0     -0.03598408623        2.203932525   -0.0007611298391      0.02974963995
 "BPM.26L5.B1"              8948.244168        565.8819475       -8.129006244        33.59434801       0.5258218182        20.29799534        19.29266039        2.138272804     -0.06562897902      0.02953216143     -0.00120811572   -1.262561877e-05    0.0004876016101         71.0010578        2.682580791                  0                  0                  0                  0                  0         401.213219        174.2801219        39.24729284         38.4801614       -2.204687822         13.6070869 "MONITOR"                            0                  0     -0.03710231563        2.677732937     0.001315916516     -0.09810067187
 "BPM.25L5.B1"              9001.692684        79.97091989        2.670273305        172.1418207       -2.358918837        20.33554517        19.42828153         1.08910227      -0.2212985229     -0.01424553279    -0.003012754503   -7.002702789e-06    7.520777368e-06        25.52094483        2.050683274                  0                  0                  0                  0                  0        508.5795464         176.628342        39.32202375        38.75576713        1.849806753         28.7142082 "MONITOR"                            0                  0     0.006560910651       0.4752755885   -0.0005242812558    -0.006835364215
 "BPM.24L5.B1"                9055.1412        59.02474637      -0.4447754755        33.38719813        0.528817904        20.49226954        19.54215078         2.15024646     -0.07212450989      0.02977363487     0.003098842897   -9.603793333e-06   -0.0004192144846        4.126268237       -1.056701171                  0                  0                  0                  0                  0         506.255568         171.330204        39.63556415        38.98520713        68.26216768        16.31833906 "MONITOR"                            0                  0     -0.01671115339       0.4189881753   -0.0001917734743    -0.007446958213
 "BPM.23L5.B1"              9108.589716        41.93412951      -0.7503000526        171.2432671       -2.353694782        20.73739447        19.67882639        1.096993686     0.005231283839      -0.0143391488     0.001336959048     5.85929405e-07    -0.001455992829       -20.07831104         -6.0345794                  0                  0                  0                  0                  0        503.0288195        169.8417431         40.1258918        39.25849432          9.5490427        1.272533798 "MONITOR"                            0                  0     -0.03132543085        2.303951304   -0.0005119715807      0.03127366791
 "BPM.22L5.B1"              9162.038232        566.1078748       -8.133201263        33.59864556        0.526485496        20.79796424        19.79258787        2.163852547      0.07394941333      0.02989172053     0.001309355742    6.097280161e-06   -0.0004876810266       -72.75183812       -2.918405323                  0                  0                  0                  0                  0        490.5828208        193.4042201        40.24611296          39.482917       -2.124625304        14.96536846 "MONITOR"                            0                  0     -0.04566924759        3.088085277     0.001077149064     -0.08831089402
 "BPM.21L5.B1"              9215.486748        79.98368286        2.670871621        172.0667117       -2.358066618        20.83550657        19.92825429        1.097868211       0.2469083393     -0.01459721978     0.003348398779    2.840362877e-06   -7.802558637e-06       -33.08422875        -2.33381476                  0                  0                  0                  0                  0        599.2969374        195.8426044        40.32110798         39.7581414        2.529910688        31.50889341 "MONITOR"                            0                  0      0.01955977256        1.457439464   -0.0003259944581     0.006378867712
 "BPM.20L5.B1"              9268.935264        59.01281871      -0.4446024338        33.38919796        0.528401308        20.99223654        20.04214952        2.151049992      0.07987262733      0.02963565862    -0.003469519966    2.827176523e-06    0.0004191151317       -32.76484978        1.112176768                  0                  0                  0                  0                  0        596.9570919        190.5238816        40.63453936        39.98747752        80.78138645        17.52524789 "MONITOR"                            0                  0     -0.01947734733       0.8590663013    1.611952482e-05     -0.03143120761
 "BPM.19L5.B1"              9322.383779        41.94185143      -0.7505286116        171.3183355        -2.35458895        21.23737511        20.17877838        1.089841084     -0.00795881405     -0.01448881212    -0.001523551034   -6.918356689e-07     0.001455980263        9.250965944        6.537225094                  0                  0                  0                  0                  0        593.7293916        189.0360114        41.12493704        40.26077807        11.90712777        1.040965141 "MONITOR"                            0                  0     -0.03602403978        2.202811997   -0.0007617753599      0.02973696707
 "BPM.18L5.B1"              9375.832295        565.7985665       -8.129388686        33.59182972       0.5258410238         21.2979727        20.29258847        2.138249497     -0.08219853835      0.02953548111    -0.001408000554   -1.262274279e-05    0.0004877856938        70.91601329        2.831311848                  0                  0                  0                  0                  0        581.3504563        212.3540918        41.24531387        40.48524255       -2.044006057        16.31490703 "MONITOR"                            0                  0     -0.03711513023        2.678193731      0.00131592585     -0.09808435161
 "BPM.17L5.B1"              9429.280811        80.01788072        2.670366327        172.1335376       -2.358887364        21.33551413         20.4282208        1.089242084      -0.2722789995     -0.01424252287    -0.003680931798     -7.0030343e-06    8.146170609e-06        25.70860888         1.61940669                  0                  0                  0                  0                  0        688.7148877        214.8396754        41.32042268         40.7600399        3.199057815        34.27842425 "MONITOR"                            0                  0     0.006586291284       0.4761046787   -0.0005238129524    -0.006828039748
 "BPM.16L5.B1"              9482.729327         59.0916297      -0.4441668861         33.3896879       0.5287982323        21.49203267        20.54208821        2.150749922     -0.08755861075      0.02978064443     0.003836526959   -9.608173781e-06   -0.0004190084881          4.8503846       -1.424891764                  0                  0                  0                  0                  0        686.3879456         209.589813        41.63348771        40.98928268        93.05485969         18.7235162 "MONITOR"                            0                  0     -0.01669657899       0.4182867939   -0.0001915926378    -0.007470695338
 "BPM.15L5.B1"              9536.177843         41.8839502      -0.7504434082        171.2514156       -2.353724363        21.73732898        20.67875257        1.097173076      0.01062620228     -0.01434592031     0.001707929706    5.835679607e-07    -0.001456001486       -19.81894066       -6.814358977                  0                  0                  0                  0                  0          683.15924        208.1024131        42.12417988        41.26258474        14.24950726       0.8086283226 "MONITOR"                            0                  0     -0.03136450817        2.302774177    -0.000512615732      0.03125995739
 "BPM.14L5.B1"              9589.626359        566.0242205       -8.133580106        33.59613327       0.5265046125         21.7979416        20.79251593        2.163957653      0.09051530272      0.02989067116     0.001509426679    6.093920016e-06    -0.000486980744       -72.69706583        -3.09336727                  0                  0                  0                  0                  0        670.7463067        231.5676864        42.24470724        41.48711154       -1.963730144        17.67210533 "MONITOR"                            0                  0     -0.04568177387        3.088499231     0.001077112515     -0.08829162423
 "BPM.13L5.B1"              9643.074875        80.03064187        2.670963908        172.0584362       -2.358034921        21.83547553        20.92819353        1.097746452       0.2978993751     -0.01460166246     0.004016900025    2.838964417e-06   -5.267395944e-06       -33.27119807        -1.89385259                  0                  0                  0                  0                  0        779.4579747        234.1204274        42.31989521        41.76166556        3.877727517        37.07389284 "MONITOR"                            0                  0       0.0195822704        1.458472158   -0.0003255677244     0.006390196661
 "BPM.12L5.B1"              9696.523391        55.90257058      -0.4440936055        38.28618606       0.5755214255        21.99877563        21.03322837        2.102554564       0.1076918126      0.02871550414    -0.003980693102    2.702995255e-06    1.571083235e-05       -32.01356462        1.422004251                  0                  0                  0                  0                  0        777.0370135        228.6472924        42.64639319        41.97306212        108.9043318        21.96225246 "MONITOR"                            0                  0     -0.02032689059        0.958597754   -2.419537362e-05     -0.02829244915
 "BPM.11L5.B1"              9749.971907        44.39071256       -0.768654973         174.016611       -2.252168783        22.23954937        21.15691069          1.0725803      0.02853770042     -0.01383157541    -0.001345466205   -8.714843889e-07    1.108935257e-05        9.728669696        7.121346695                  0                  0                  0                  0                  0        773.8884101        227.1698098        43.12814273        42.22003026        15.37201379       0.8543458184 "MONITOR"                            0                  0     -0.02855310307        2.248359979    -0.000651364613       0.0303267007
 "BPM.10L5.B1"              9802.752617        562.1594659       -8.055895807        31.98992194        0.525083221        22.29738212        21.27228549        1.912849282     -0.07572479741      0.02432889266    -0.002006675656   -6.014760729e-06   -6.815214405e-06        70.73103424         3.03553456                  0                  0                  0                  0                  0        760.1387945        249.9752278        43.24310669        42.45169296       -1.874891087        14.43219489 "MONITOR"                            0                  0     -0.04567393643        3.136232192     0.000978147119     -0.08019738531
 "BPM.9L5.B1"               9841.817628        69.95489268        3.734178292        131.1140541       -2.252294847        22.32597919        21.38721276       0.7192152648      -0.2541229414     -0.02972989641    -0.004797429799   -2.534738526e-06     -3.0244193e-05        32.22599285         3.12607454                  0                  0                  0                  0                  0        752.7896957        251.4279914        43.29997864        42.68104772        0.984055713        38.39738977 "MONITOR"                            0                  0      0.06065383844         1.54414145    0.0001590324912      0.01386232075
 "BPM.8L5.B1"               9882.280639        30.31693348      -0.7190220669        16.53198087        0.467101445        22.56925581        21.52348341       0.5830781926     -0.07434825287     0.005078248664     0.005425669958    -1.44014914e-06   -1.064847301e-05        24.63642895       -1.166167528                  0                  0                  0                  0                  0        751.1135415         252.877805        43.78601467        42.95489326         116.004405        25.65372312 "MONITOR"                            0                  0     -0.01607121603       0.5655469658   -0.0005976020527      -0.0160076466
 "BPMR.7L5.B1"              9921.346649        48.16921025      -0.7748646406        136.3837003       -3.080345888        22.75292765        21.70651055         0.15630298      0.05686445767    -0.006695360884     0.003186633987    1.120040064e-06    5.611127363e-07       -10.38620875       -7.837690167                  0                  0                  0                  0                  0        750.5781517        251.7054062        44.15371669        43.32262714        8.523148934        1.809943521 "MONITOR"                            0                  0     -0.03262834275        2.040719899   -0.0009949679622       0.0439868069
 "BPM.6L5.B1"               9958.240649        623.0832767       -13.56753626        8.321545193       0.2817298795        22.79391878        21.88287745       0.1371995788      0.06361253253     0.000281564714   -0.0002270448959    6.168331568e-06    7.524175462e-06       -71.87008459      -0.7188798055                  0                  0                  0                  0                  0         741.104377         247.744769           44.23587        43.67561709       -1.852209199        37.06524277 "MONITOR"                            0                  0     -0.02278993938       0.9491427702     0.004424423329      -0.2103842245
 "BPMR.5L5.B1"              9990.140649        1388.652431       -13.73511852        126.9156375       -3.964658181        22.79927772        22.12913424       0.1199674957      0.06842831224   -0.0006298716552    0.0001925518314    9.585433462e-06    1.473778456e-05         -113.57029        6.984348221                  0                  0                  0                  0                  0        736.2936791        243.5544775        44.24670464        44.16809101       -2.074456411        2.260104174 "MONITOR"                            0                  0      0.07651099987       -8.272021354     0.002898316213      -0.3055730462
 "BPMYA.4L5.B1"             10017.54665        3056.572414       -38.45145182        344.1152514       -4.770490705        22.80144365        22.14958573       0.1270363807      0.05962772983    0.0003731343904    -0.000386416516    1.444252198e-05    4.446399175e-05       -172.2266637        12.04587303                  0                  0                  0                  0                  0        724.2378431        241.4903511        44.25119901        44.20916526       -2.087271369       0.3770449784 "MONITOR"                            0                  0       0.2678214769       -21.70186427     0.004177296777      -0.3362683769
 "BPMWB.4L5.B1"             10038.68115        4898.082951       -48.68146911        576.5959005       -6.229531133        22.80231297        22.15713991       0.1272346816      0.05097896972   -0.0007559168725   -0.0003864237287    1.839421496e-05    0.0005264479419       -219.8996186        15.79033976                  0                  0                  0                  0                  0        714.0251305        240.0492647        44.25307321        44.22442576       -2.079777072    -0.007363435608 "MONITOR"                            0                  0       0.3561063036       -36.33483244     0.004177252571      -0.4245488985
 "BPMSY.4L5.B1"             10131.40115        18086.89593       -93.56198538        2325.316577       -12.63059495        22.80388083        22.16989789      0.07249794202      0.01215288768    0.0003731342738   -0.0003864246587    3.573071249e-05     0.003523304215       -428.9919397        32.21765569                  0                  0                  0                  0                  0        669.2273902        233.7300049        44.25685284        44.25062809       -2.047956656      -0.2597972027 "MONITOR"                            0                  0        0.743420547       -144.6289004     0.004177209619      -0.8118554366
 "BPMS.2L5.B1"              10158.24665        4933.245695       -72.09760461        3861.445307        246.4720922        22.80436732         22.1710784      0.03783372788     0.005264679658    0.0005505656048   -0.0005484223736    1.872248417e-05     0.004752269122       -225.0454043        41.56163587                  0                  0                  0                  0                  0         329.817673        122.4798817        44.26454738        44.25580999       -2.034123691      -0.2574899054 "MONITOR"                            0                  0        1.412797903       -97.46370087     -0.09001869319        6.210477936
 "BPMWF.A1L5.B1"            10168.02465        3952.103791        181.6948766        1180.330595        54.24406977        22.80468088        22.17189258      0.03384457312      0.00302562551    -0.001558519786   -0.0003303759228    1.679318541e-05     0.002629940225       -202.0073031        22.99855174                  0                  0                  0                  0                  0        303.3602044        35.77980505        44.26637095        44.26723269       -2.024796992       -0.254997792 "MONITOR"                            0                  0       -2.226622982       -48.27691941       0.1015603882        2.201732172
 "BPMSW.1L5.B1"             10168.21165        3884.442022         180.132766        1160.130516        53.77774332        22.80468848        22.17191801      0.03355327343     0.002986471014    -0.001558519786   -0.0003303759228    1.664966577e-05     0.002607314472       -200.2843027        22.80149767                  0                  0                  0                  0                  0        301.8045739        35.31471843        44.26646171         44.2674335       -2.024567957      -0.2549249561 "MONITOR"                            0                  0       -2.207631189       -47.45236846       0.1015603882        2.182740379
 "BPMSW.1L5.B1_DOROS"         10168.21165        3884.442022         180.132766        1160.130516        53.77774332        22.80468848        22.17191801      0.03355327343     0.002986471014    -0.001558519786   -0.0003303759228    1.664966577e-05     0.002607314472       -200.2843027        22.80149767                  0                  0                  0                  0                  0        301.8045739        35.31471843        44.26646171         44.2674335       -2.024567957      -0.2549249561 "MONITOR"                            0                  0       -2.207631189       -47.45236846       0.1015603882        2.182740379
 "BPMSW.1R5.B1"             10211.33965        3884.684642       -180.1383916        1159.865522       -53.77159896        23.30292144        22.66599936     -0.03362946775    -0.006043770024    -0.001558519786   -0.0003303759228   -1.645041489e-05    -0.002610885947        197.0930365        -22.6452828                  0                  0                  0                  0                  0        65.94286127        72.36377839        43.67890201        44.73846491       -2.075499337      -0.2759495489 "MONITOR"                            0                  0        2.172465231       -47.00922189       0.1015603882       -2.197356041
 "BPMSW.1R5.B1_DOROS"         10211.33965        3884.684642       -180.1383916        1159.865522       -53.77159896        23.30292144        22.66599936     -0.03362946775    -0.006043770024    -0.001558519786   -0.0003303759228   -1.645041489e-05    -0.002610885947        197.0930365        -22.6452828                  0                  0                  0                  0                  0        65.94286127        72.36377839        43.67890201        44.73846491       -2.075499337      -0.2759495489 "MONITOR"                            0                  0        2.172465231       -47.00922189       0.1015603882       -2.197356041
 "BPMWF.A1R5.B1"            10211.47265         3932.74922       -181.2494114        1174.212879       -54.10326429        23.30292685         22.6660175     -0.03383664881    -0.006071617873    -0.001558519786   -0.0003303759228   -1.655249036e-05     -0.00262697806         198.318486       -22.78543355                  0                  0                  0                  0                  0        66.95185321        72.69521274        43.68002741         44.7385268       -2.075350463      -0.2758726725 "MONITOR"                            0                  0        2.185972763       -47.59220462       0.1015603882       -2.210863573
 "BPMS.2R5.B1"              10221.30465          12932.296       -825.5032915        1472.799001        21.53297499        23.30317216        22.66707502     -0.06133403991    -0.007031135485    -0.003915282414    4.144448061e-05   -3.006683552e-05    -0.002935665563        360.4527024       -25.55396311                  0                  0                  0                  0                  0        353.1113874        80.74831043        43.73678731        44.74128459       -2.068536501      -0.2716958185 "MONITOR"                            0                  0        6.177483567       -96.84739549     -0.08847456604        1.387154885
 "BPMSY.4R5.B1"             10248.03015        7799.095602        42.30986776        5406.039441        27.94688162        23.30352216        22.66870112     -0.04765413997     -0.01339993972    0.0002572069708   -6.396327089e-05   -2.340541654e-05    -0.005441884763        280.7279292       -49.05520484                  0                  0                  0                  0                  0        725.2493881        182.1882622        43.74428993         44.7469537       -2.059119586      -0.2669300065 "MONITOR"                            0                  0      -0.7952021438       -144.5395966     0.004051946587       0.7357519198
 "BPMWB.4R5.B1"             10340.87015        1922.482848        20.98841604        1463.684357        14.51684394        23.30733847        22.67395488       -0.113102942     -0.02264306637    -0.000871844164   -6.396264527e-05   -1.192130494e-05    -0.002137062864        143.7879442       -25.70322482                  0                  0                  0                  0                  0          746.50068        195.5664336        43.75229931        44.75845174       -2.033872028      -0.2903025196 "MONITOR"                            0                  0      -0.4190157021       -37.33029226     0.004051992699       0.3595733401
 "BPMYA.4R5.B1"             10362.00265        1137.968787        16.13516852         914.729016         11.4599041        23.30961247        22.67686175      -0.1153538842     -0.02468898875    0.0002572070874   -6.395976742e-05   -9.307146187e-06    -0.001442797134        112.6046409       -20.38772414                  0                  0                  0                  0                  0        751.3385372        198.6127822        43.75692972        44.76447257       -2.085589029      -0.3345188354 "MONITOR"                            0                  0      -0.3333862414       -22.68625939     0.004052045547       0.2739481652
 "BPM.5R5.B1"               10383.12065        558.9043814        11.28525037        495.2248082        8.404865655        23.31382739        22.68185631      -0.1099247972     -0.02663418447    0.0002572070874   -6.395976742e-05   -6.694861851e-06   -0.0008483050773        81.43505081       -15.07585207                  0                  0                  0                  0                  0        756.1732608        201.6571889        43.76544024        44.77466272       -2.313107105      -0.4623308213 "MONITOR"                            0                  0      -0.2478151436       -11.66766184     0.004052045547       0.1883770673
 "BPMWT.C6R5.B1"            10392.92765        313.9469841        11.72704882        390.1578989        3.901367382        23.31749303        22.68546588      -0.1012967811     -0.02901497586     0.001172176262   -0.0002927464591   -5.127087552e-06   -0.0006156645559        62.63557582       -13.41958901                  0                  0                  0                  0                  0        759.8152451        202.3470759        43.77279979        44.78197944       -2.649778046      -0.5950906225 "MONITOR"                            0                  0      -0.3032089473       -7.729060596     0.002789648615      0.06914755047
 "BPMWT.D6R5.B1"            10403.00065        122.4636792        7.282511879        315.7793344        3.482586207        23.32567275        22.69003388     -0.08949122821     -0.03218230883     0.001172176262   -0.0002927464591   -3.348517864e-06   -0.0003971671488        41.27352665       -12.10674452                  0                  0                  0                  0                  0        764.2585906        202.7470444         43.7891809        44.79121359       -3.864181845      -0.8105527294 "MONITOR"                            0                  0      -0.2751088168       -4.261366209     0.002789648615      0.04104741997
 "BPMWT.A6R5.B1"            10404.17865        105.9183728        6.762739763        307.6320537        3.433611301        23.32731896        22.69063541     -0.08811061257     -0.03255271667     0.001172176262   -0.0002927464591   -3.140520734e-06   -0.0003716146872         38.7753142       -11.95321223                  0                  0                  0                  0                  0        764.7782246        202.7938242        43.79247547        44.79242811       -4.185083775      -0.8428397265 "MONITOR"                            0                  0      -0.2718226107       -3.892805312     0.002789648615       0.0377612139
 "BPMWT.B6R5.B1"            10410.00065        42.12891497        4.193883011         269.060284        3.191563848        23.34120786        22.69385634     -0.08128723035     -0.03438337413     0.001172176262   -0.0002927464591   -2.112541708e-06    -0.000245327394         26.4284612        -11.1944134                  0                  0                  0                  0                  0        767.3464024        203.0250379        43.82026011        44.79892658        -7.88478489       -1.031075301 "MONITOR"                            0                  0      -0.2555812765       -2.184965333     0.002789648615      0.02151987966
 "BPMR.6R5.B1"              10415.02065        11.14156996         1.97889488        238.0646801        2.982859242         23.3784235        22.69701338     -0.07540379189     -0.03596185238     0.001172176262   -0.0002927464591   -1.226170236e-06   -0.0001364365984        15.78242855       -10.54014165                  0                  0                  0                  0                  0          769.56081        203.2244214        43.89467506        44.80528941       -25.63742948       -1.240464618 "MONITOR"                            0                  0      -0.2415772404      -0.8642177906     0.002789648615     0.007515843613
 "BPM_A.7R5.B1"             10449.03465          380.51915       -12.80365854        38.68143412        1.560323083        23.78912108        22.75356491     -0.05032111785     -0.03853452384    0.0006937021286   -4.883730535e-05     4.63902213e-06    5.524234595e-06       -54.43114489       -4.048521111                  0                  0                  0                  0                  0        784.2967361        206.0755069        44.71627693        44.91860434       -3.428231641       -8.648529113 "MONITOR"                            0                  0     -0.09837540208         2.91034137     0.004329578898      -0.1341367812
 "BPM.8R5.B1"               10490.47364        51.77874615          2.8272339        102.3328792       -1.753034303        23.82778792        22.89835319        0.227146021      -0.1181248232      0.01314952018    -0.002144931101    2.201011479e-06    2.748570271e-05       -27.42713751       -2.290187873                  0                  0                  0                  0                  0        790.7293935        205.3698144        44.79408073        45.20905789       -4.470189164       -32.61839548 "MONITOR"                            0                  0      0.03587181761        1.096696395   -0.0003518672738     0.005835094796
 "BPM.9R5.B1"               10529.54063        36.40670953      -0.8948513908        19.43957756       0.3033401663        24.07033265        23.04148295        1.281689623     -0.03625131488      0.03385881043     0.002466198338    1.566596198e-06     1.08638293e-05       -24.69663542        1.463778001                  0                  0                  0                  0                  0        791.6980218        204.3392328        45.27941144         45.4940576        -127.105096       -17.58108984 "MONITOR"                            0                  0     -0.02087025368       0.6687709491   -0.0004483757785     -0.01415154032
 "BPM.10R5.B1"              10570.00562        43.94202321      -0.5291851087        167.3096842       -3.463511295        24.24208997        23.19042178       0.9123180549      0.02418643225     -0.00803236809      0.00139656255   -9.058879125e-07    3.155086971e-06        9.798552739        8.328302795                  0                  0                  0                  0                  0         792.032332        206.1493602        45.62288887        45.79018568       -21.29967505       -1.329200011 "MONITOR"                            0                  0     -0.02484569757        2.188020476   -0.0007713488992      0.04397220788
 "BPM.11R5.B1"              10622.78831        585.9668522       -8.600086811        36.31963376       0.6099089463        24.30097949        23.29522947        2.306875151      0.05166038956       0.0326766944    0.0004635261679   -6.302868861e-06   -9.461841271e-06        79.04121911        3.346864827                  0                  0                  0                  0                  0        798.2618375        207.8277089         45.7404407        46.00036715       -2.371141653       -17.40784756 "MONITOR"                            0                  0     -0.04925997332        3.253595335     0.001227948661     -0.09318833133
 "BPM.12R5.B1"              10677.51479         81.1439531        2.663844015        169.9113123       -2.213264866         24.3386936        23.42841509        1.140653889       0.1523955152     -0.01567860274     0.001907776659   -2.899951402e-06   -3.720529656e-05        29.03377408        2.122534715                  0                  0                  0                  0                  0        685.9458272        204.4590564        45.81509944        46.26246939       -6.770732588       -34.33147396 "MONITOR"                            0                  0      0.02097089115         1.49385805    -0.000313730992     0.005884674546
 "BPM.13R5.B1"              10730.96627        58.34194166      -0.4277689048        33.36623895       0.5143086475        24.49496442        23.54331431        2.149294266      0.04713427148      0.02884404464    -0.002188950024    -2.78907499e-06   -0.0002607830175        7.519411959       -1.624850951                  0                  0                  0                  0                  0        688.4262433        209.9102057        46.12745652        46.49071478       -96.49446504       -18.68329971 "MONITOR"                            0                  0     -0.01919345833       0.8554448985   -1.053306445e-05     -0.03047943215
 "BPM.14R5.B1"              10784.41776        42.49507951       -0.748350145        171.3536546       -2.355058011        24.73812537        23.67994262        1.096365632     -0.01391846441     -0.01431694685    -0.001097871015    8.769532731e-07    -0.000881410345       -21.04473777       -7.999300446                  0                  0                  0                  0                  0        691.6544182        211.3975154        46.61392062        46.76392444       -20.98192712        -1.23514866 "MONITOR"                            0                  0     -0.03499189919        2.180046238    -0.000737861358      0.02914326311
 "BPM.15R5.B1"              10837.86924        566.9229029       -8.126944499        33.59287357       0.5268099436        24.79823498        23.79369088        2.163471844     -0.04343527992      0.02989386602    -0.000505155673    3.397904815e-06   -0.0002904453918       -79.56959006       -3.309286369                  0                  0                  0                  0                  0        704.6059399        185.3260699        46.73518063        46.99577204       -2.456020484       -15.53468496 "MONITOR"                            0                  0     -0.05153484574        3.355832239    0.0009844333824     -0.08185652002
 "BPM.16R5.B1"              10891.32073        79.42625921        2.668960297        172.0078128       -2.357363982        24.83588522        23.92941097        1.098270839      -0.1352585649     -0.01458038853    -0.001780274426    1.115726496e-06    1.158623205e-05        -36.1599683       -2.527364794                  0                  0                  0                  0                  0        596.5544444        182.6318816        46.80857872        47.26318022       -5.385591727        -31.0773505 "MONITOR"                            0                  0      0.02776931299        2.101790548   -0.0002026109382      0.01508141565
 "BPM.17R5.B1"              10944.77221        58.28006438      -0.4521847055        33.38829277       0.5279661796        24.99500341        24.04333952        2.153059192     -0.04160719306       0.0296651448     0.001949353018   -4.617319135e-08     0.000259107206       -35.49674074        1.443575935                  0                  0                  0                  0                  0        598.9048774         187.912101        47.12660297         47.4892633       -84.01662762       -17.21259978 "MONITOR"                            0                  0     -0.02163882973        1.167463825    0.0001527985586     -0.04715867325
 "BPM.18R5.B1"               10998.2237        42.51355834      -0.7484784168        171.4039588       -2.355653983        25.23813088        24.17993518        1.090499323      0.01233436668     -0.01451575627    0.0009713376049   -9.504125261e-07    0.0008812540328         10.3267411        7.869255682                  0                  0                  0                  0                  0         602.135954         189.400014        47.61303697        47.76247378       -18.67247995       -1.463084273 "MONITOR"                            0                  0     -0.03773367304        2.118199988   -0.0009018882245      0.02813240617
 "BPM.19R5.B1"              11051.67518        566.7289251       -8.124101488        33.58859818       0.5264042677        25.29824768        24.29371393        2.138094698      0.03774141306      0.02951956898    0.0004310545874    -6.06714094e-06    0.0002904518244        78.20587326        3.150371202                  0                  0                  0                  0                  0        615.0198262        163.4673701        47.73444448        47.99463689        -2.38590642       -13.99826701 "MONITOR"                            0                  0     -0.04570500845        3.075113192     0.001140822221      -0.0883420371
 "BPM.20R5.B1"              11105.12666        79.42977996        2.668512308        172.0553939       -2.357950441        25.33590143        24.42940962        1.088591366       0.1173991211     -0.01425008342     0.001544222411   -2.834168191e-06   -1.156841306e-05        29.09361705        2.217925178                  0                  0                  0                  0                  0        508.3471323        160.8308439        47.80738602        48.26155594       -4.743281264       -27.86272973 "MONITOR"                            0                  0      0.01910471797        1.432586183   -0.0003329028089     0.006037300435
 "BPM.21R5.B1"              11158.57815        58.30884313      -0.4521288157        33.38800819       0.5282455806        25.49495249         24.5433194        2.148857025      0.03610350088       0.0297553262    -0.001692741672   -2.788248066e-06   -0.0002591034679        8.204344031       -1.461936367                  0                  0                  0                  0                  0        510.6806786        166.0781321        48.12533432        48.48747532       -71.68981008       -15.75205806 "MONITOR"                            0                  0      -0.0195635394       0.8553984934      1.0458126e-05     -0.03081909823
 "BPM.22R5.B1"              11212.02963        42.49205692      -0.7483447448        171.3572309       -2.355074543        25.73812219        24.67994195        1.096453367     -0.01077805588     -0.01432028193   -0.0008459592848    8.769058618e-07   -0.0008812608699       -20.79423652       -7.590254702                  0                  0                  0                  0                  0        513.9074533        167.5661959        48.61185098        48.76069231       -16.39734206       -1.692684265 "MONITOR"                            0                  0     -0.03499417252        2.179991727    -0.000737888408      0.02914203192
 "BPM.23R5.B1"              11265.48112        566.9121361       -8.126873765        33.59188712       0.5268197227        25.79823464        24.79369079        2.163516643      -0.0320032144      0.02989321976   -0.0003553935573    3.397846016e-06   -0.0002904440178        -79.4915034       -3.238712963                  0                  0                  0                  0                  0        526.8067612        141.3997796         48.7335047        48.99327503       -2.316926432       -12.45474572 "MONITOR"                            0                  0     -0.05153417724        3.355757849    0.0009844651762     -0.08185791417
 "BPM.24R5.B1"               11318.9326        79.42794267        2.668933788        172.0041879       -2.357346792        25.83588484        24.92941548        1.098209453     -0.09940310971     -0.01458245798    -0.001306479101    1.115739333e-06    1.159452829e-05       -36.33425838       -2.653329679                  0                  0                  0                  0                  0        418.8727548        138.7965803        48.80566236        49.25938586       -4.093394313        -24.6233012 "MONITOR"                            0                  0      0.02776562097        2.101710915   -0.0002026565427      0.01508004766
 "BPM.25R5.B1"              11372.38408        58.28395469       -0.452161079        33.38926949       0.5279562472        25.99499214        25.04334346        2.152792014     -0.03056298436      0.02966119535     0.001434070113   -4.606192203e-08    0.0002591108657       -36.18116731        1.298618963                  0                  0                  0                  0                  0        421.2234321        144.1249048        49.12366106        49.48508426       -59.21042174       -14.28156446 "MONITOR"                            0                  0     -0.02163876695        1.167423129    0.0001528357708     -0.04715986072
 "BPM.26R5.B1"              11425.83557        42.51053405       -0.748473025        171.4075344       -2.355670498         26.2381277        25.17993451        1.090399027     0.009193731942     -0.01451224607    0.0007194144407   -9.503575683e-07    0.0008812571189        10.07829441        7.516995317                  0                  0                  0                  0                  0        424.4523118        145.6139705        49.61015913        49.75831735       -14.08816356        -1.92069009 "MONITOR"                            0                  0     -0.03773595794        2.118144392   -0.0009019132495      0.02813116862
 "BPM.27R5.B1"              11479.28705        566.7181674       -8.124030865        33.58761204        0.526414055        26.29824734        25.29371384        2.138082602      0.02630975053      0.02952113895    0.0002813031382   -6.067097691e-06    0.0002904504501        78.13802721        3.099505079                  0                  0                  0                  0                  0        437.2616817        119.5689277        49.73212566        49.99126677       -2.246851932       -10.91852312 "MONITOR"                            0                  0      -0.0457043159        3.075037235     0.001140853981     -0.08834341657
 "BPM.28R5.B1"              11532.73854        79.43146351        2.668485808        172.0517668       -2.357933213        26.33590104        25.42941413        1.088660048      0.08154572399     -0.01424858665     0.001070459534   -2.834194203e-06   -1.157671026e-05        29.26800337        2.348146794                  0                  0                  0                  0                  0        330.7783303        117.0538967        49.80305471        50.25644878       -3.451304737       -21.40898095 "MONITOR"                            0                  0      0.01910101599        1.432503988   -0.0003329482288     0.006035894517
 "BPM.29R5.B1"              11586.19002        58.31273712      -0.4521052615        33.38898435        0.528235636        26.49494122        25.54332335        2.149104394       0.0250599685      0.02975876861    -0.001177487964   -2.788388386e-06   -0.0002591071279        8.890718038        -1.33204393                  0                  0                  0                  0                  0        333.1116051        122.3638406        50.12099368        50.48191169       -46.88979501       -12.82118511 "MONITOR"                            0                  0     -0.01956346562       0.8553561567    1.049429424e-05      -0.0308202021
 "BPM.30R5.B1"               11639.6415        42.48883822      -0.7483329456        171.3605798       -2.355082516        26.73811863        25.67994102        1.096541496    -0.006955889972     -0.01432360986   -0.0005800803809    8.307215355e-07   -0.0008812647896       -18.02681375       -7.341928529                  0                  0                  0                  0                  0        334.1937638        123.5899009        50.60682219        50.75322117       -12.23499527       -2.045280505 "MONITOR"                            0                  0     -0.03530976808        2.195230969   -0.0007443349898       0.0294542136
 "BPM.31R5.B1"              11693.09299        566.8993643        -8.12677372        33.59086105       0.5268299215        26.79823415        25.79369048        2.163567038     -0.02011446855      0.02989267654    -0.000210831562    3.233594088e-06   -0.0002904435409       -70.45524486       -3.223067675                  0                  0                  0                  0                  0        346.9579304        97.22396551        50.72938588        50.98606322       -2.579723902       -9.134397254 "MONITOR"                            0                  0     -0.05203982558        3.392177378     0.000990261519       -0.082274862
 "BPM.32R5.B1"              11746.54447        79.42960773        2.668897273        172.0003099       -2.357328167         26.8358844        25.92942004        1.098152214     -0.06275547309     -0.01458455864   -0.0008257813337    1.059768477e-06    1.160082828e-05       -33.45391417        -2.78848308                  0                  0                  0                  0                  0        239.4445659        94.87237734        50.79733171        51.24954277       -3.134731099       -18.02806516 "MONITOR"                            0                  0      0.02863272766        2.123216133   -0.0001951148241       0.0152667509
 "BPM.33R5.B1"              11799.99596        58.28834404      -0.4521376901        33.39031718        0.527945612        26.99497977        26.04334741        2.152532749     -0.01945208997      0.02965732277    0.0009041002584   -5.023651362e-08    0.0002591141551       -36.63307996        1.194957272                  0                  0                  0                  0                  0        241.7918319        100.3076699        51.11537184        51.47484808       -34.41095876       -11.34550266 "MONITOR"                            0                  0     -0.02160960372        1.167523237    0.0001464618033     -0.04719191615
 "BPM.34R5.B1"              11853.44744        42.50736253      -0.7484743297        171.4123404        -2.35570921        27.23812484        26.17993358        1.090304545     0.004688932558     -0.01450877775    0.0004395347271   -9.503046353e-07     0.000881261267        9.835985915        7.366926694                  0                  0                  0                  0                  0        242.9257499        101.6009108         51.6009293        51.74581864       -10.34992112       -2.168273301 "MONITOR"                            0                  0     -0.03773853894         2.11809354   -0.0009019432668      0.02813010859
 "BPM.33L6.B1"              11906.89893        566.7095905       -8.124000645        33.58683566       0.5264334901        27.29824732        26.29371258        2.138091057      0.01396397535      0.02952300888    0.0001419573356   -6.067075236e-06    0.0002904500224        78.09260691        3.144237763                  0                  0                  0                  0                  0        255.4736176        75.27818894         51.7245725        51.97758213       -2.912117222       -7.357689405 "MONITOR"                            0                  0     -0.04570396705        3.074986281     0.001140888359     -0.08834489914
 "BPM.32L6.B1"              11960.35041        79.41697503        2.668196732        172.0548703        -2.35807356        27.33590583        26.42941866        1.088660814       0.0417945033     -0.01424891206    0.0005354956072   -2.965925409e-06   -1.157631003e-05        39.58875964        2.341772466                  0                  0                  0                  0                  0        260.3438409        74.01892925        51.80107068        52.25209733         -3.7431476       -14.24940869 "MONITOR"                            0                  0      0.02016717121        1.380196573   -0.0003110624288     0.004967062119
 "BPM.31L6.B1"              12013.80189        58.30663251      -0.4523061786        33.39233052       0.5282926013        27.49498154         26.5433197        2.149085194      0.01233363789      0.02975838365   -0.0006151986237   -3.257308653e-06   -0.0002591059658        45.66452501       -1.382308296                  0                  0                  0                  0                  0        262.6762561        79.38028536        52.11907929        52.47657792       -37.92255886       -8.901064404 "MONITOR"                            0                  0     -0.01783905206       0.7310880334   -9.207954866e-06     -0.02939733141
 "BPM.30L6.B1"              12067.25338        42.49434725       -0.748193567        171.3575888       -2.354947436        27.73812046        26.67993007        1.096532788    -0.005820488185     -0.01432337169   -0.0003376043404    7.169531503e-07   -0.0008812602566       -7.996067116       -7.477542431                  0                  0                  0                  0                  0        265.8969969         80.8683046        52.60569353        52.74993975       -10.59643438       -1.823513137 "MONITOR"                            0                  0     -0.03795336551        2.106443123   -0.0007635917779      0.02850077276
 "BPM.29L6.B1"              12120.70486        566.8639774       -8.126033862        33.58781467       0.5267663846        27.79823414        26.79368771        2.163572845     -0.00845211308      0.02989296534    -1.64625054e-05    3.385533891e-06   -0.0002904423533       -78.42336731       -3.221320524                  0                  0                  0                  0                  0        278.6361445         54.4544919        52.72886277        52.98534164       -2.844209266       -5.793096046 "MONITOR"                            0                  0     -0.05162788979        3.354962863      0.00100622873     -0.08174806546
 "BPM.28L6.B1"              12174.15635        79.42971631         2.66890918        172.0000648       -2.357336197        27.83588436        26.92942016        1.098171836      -0.0214567536     -0.01458429834   -0.0002497619003    1.115752043e-06    1.160313451e-05       -36.44752653       -2.507610594                  0                  0                  0                  0                  0        283.5562202        53.27530523         52.8051878        53.26126966        -4.02045861       -10.58152298 "MONITOR"                            0                  0       0.0277617419        2.101625067   -0.0002027034842      0.01507864834
 "BPM.27L6.B1"              12227.60783        58.28787795      -0.4521362132         33.3906767       0.5279483896        27.99498055        27.04334688         2.15259206    -0.005224518052      0.02965808879    0.0003386529398   -4.594987263e-08    0.0002591147656       -36.68209348        1.345800768                  0                  0                  0                  0                  0        285.9068517        58.60088288        53.12315229        53.48372121       -41.44231797       -6.439652881 "MONITOR"                            0                  0     -0.02163872163        1.167383934    0.0001528732837     -0.04716093728
 "BPM.26L6.B1"              12281.05931        42.50748097      -0.7484685677        171.4115923       -2.355680197        28.23812443        27.17993187        1.090321032      0.00695629605     -0.01450966517    0.0002347519608   -9.503019685e-07    0.0008812606773        9.884216802        7.521003135                  0                  0                  0                  0                  0        289.1350973        60.09011301        53.60971446        53.75694277       -10.84368181       -1.470417432 "MONITOR"                            0                  0     -0.03773800145        2.118086559   -0.0009019341563      0.02812988305
 "BPM.25L6.B1"               12334.5108        566.7076921        -8.12396581        33.58619227       0.5264217185        28.29824693        27.29371249          2.1380718      0.00298796851      0.02952234576   -0.0001080512805   -6.067056112e-06    0.0002904491434        78.04441043        3.093317614                  0                  0                  0                  0                  0        301.9424662         34.1588835        53.73247006        54.00235919       -2.775290044       -4.236023001 "MONITOR"                            0                  0      -0.0457034465        3.074950382     0.001140882594     -0.08834461418
 "BPM.24L6.B1"              12387.96228        79.43323733        2.668461212        172.0476412       -2.357922576        28.33590056        27.42941881        1.088695631     0.003601361993     -0.01424775955    1.377771364e-05    -2.83422197e-06   -1.158531746e-05        29.38006617        2.112293698                  0                  0                  0                  0                  0        195.5148706        31.54731532        53.80056579        54.25167721       -3.378532655        -7.36743525 "MONITOR"                            0                  0      0.01909712306         1.43241521   -0.0003329950322      0.00603445218
 "BPM.23L6.B1"              12441.41377        58.31666412      -0.4520804677        33.39039096       0.5282277654        28.49492964        27.54332677        2.149231824   -0.0002779258635      0.02976053215   -8.210115435e-05   -2.788532862e-06   -0.0002591110282        9.391118633       -1.442852529                  0                  0                  0                  0                  0        197.8472579        36.93251876        54.11851159        54.47239708       -29.12691392       -4.979384282 "MONITOR"                            0                  0     -0.01956340804        0.855315133    1.053066664e-05     -0.03082118533
 "BPM.22L6.B1"              12494.86525        42.48598264      -0.7483348618        171.3648635       -2.355100761        28.73811574        27.67993864        1.096591048    -0.005400601724     -0.01432523679   -0.0001094073387    8.767880691e-07   -0.0008812675144       -20.34857999       -7.415659455                  0                  0                  0                  0                  0        201.0673865        38.41881256        54.60525319        54.74603071       -8.566327238       -1.699919715 "MONITOR"                            0                  0     -0.03499850122        2.179880387   -0.0007379330841      0.02913954583
 "BPM.21L6.B1"              12548.31673        566.8908843       -8.126737851        33.58948062       0.5268371559        28.79823389        27.79368936        2.163615509     0.002750411915      0.02989276357    0.0001837311632     3.39772734e-06   -0.0002904413375       -79.31659247       -3.210353941                  0                  0                  0                  0                  0        213.8071055        12.05151514        54.72934204        55.00052537       -2.706241418       -2.692097984 "MONITOR"                            0                  0     -0.05153266662        3.355598344    0.0009845255533     -0.08186051836
 "BPM.20L6.B1"              12601.76822        79.43139981        2.668882668        171.9964408       -2.357319019        28.83588398        27.92942467         1.09811045      0.01439769068     -0.01458636783    0.0002240221553     1.11576488e-06    1.161143075e-05       -36.62228462       -2.442304942                  0                  0                  0                  0                  0          106.61612        10.19519762        54.78806447        55.19978578       -2.728594678       -4.127558927 "MONITOR"                            0                  0      0.02775805012        2.101545431   -0.0002027490855      0.01507728027
 "BPM.19L6.B1"               12655.2197        58.29176972      -0.4521126092        33.39165357        0.527938461        28.99496928        28.04335083        2.152324877     0.005819483152      0.02965413924   -0.0001766135012   -4.583860292e-08    0.0002591184254       -37.36872648        1.364793039                  0                  0                  0                  0                  0        108.9523357        15.84015679        55.10636904        55.42929023       -16.64421197       -3.508995765 "MONITOR"                            0                  0      -0.0216386587        1.167343228    0.0001529104913     -0.04716212448
 "BPM.18L6.B1"              12708.67119        42.50445692      -0.7484631682        171.4151683       -2.355696716        29.23812125         28.1799312        1.090220733     0.003816108587     -0.01450615491   -1.715917716e-05   -9.502470101e-07    0.0008812637636        9.634613316        7.514617028                  0                  0                  0                  0                  0        112.1482233        17.25424375        55.59357066        55.70703913        -6.25755835       -1.928046342 "MONITOR"                            0                  0     -0.03774028646        2.118030962   -0.0009019591814      0.02812864554
 "BPM.17L6.B1"              12762.12267        566.6969344       -8.123895184         33.5852062       0.5264315059        29.29824659        28.29371241        2.138059696    -0.008443252054      0.02952391563   -0.0002578034922   -6.067012862e-06    0.0002904477692        77.97269713        3.102355562                  0                  0                  0                  0                  0        124.5183495        9.845449666        55.72150196        55.50880663       -2.636236639       -1.156259696 "MONITOR"                            0                  0     -0.04570275397        3.074874428     0.001140914355     -0.08834599365
 "BPM.16L6.B1"              12815.57415        79.43492092        2.668434709        172.0440149        -2.35790536        29.33590018        28.42942332        1.088764312     -0.03225102407     -0.01424626264   -0.0004599738929   -2.834247982e-06   -1.159361467e-05        29.55518178        2.051218056                  0                  0                  0                  0                  0        24.75008469        13.60995277        55.68361752        55.83057197       -2.086889539       -0.913771733 "MONITOR"                            0                  0      0.01909342131        1.432333012   -0.0003330404488     0.006033046193
 "BPM.15L6.B1"              12869.02564        58.32055961      -0.4520569362        33.39136728       0.5282178255        29.49491837        28.54333072        2.149479196     -0.01156611857       0.0297639746    0.0004331384799   -2.788658693e-06   -1.412507076e-05         10.0773933        -1.47689126                  0                  0                  0                  0                  0        26.47339128        10.47637382        56.01124716        56.12056878       -4.335003158       -2.048889552 "MONITOR"                            0                  0     -0.01956341191       0.8552746737    1.056683042e-05     -0.03082236677
 "BPM.14L6.B1"              12922.47712        42.48280506      -0.7483208472        171.3679165        -2.35510465         29.7381117        28.67993784        1.096675893    -0.002846314232      -0.0143286321    0.0001486905588    8.308196493e-07   -5.659885183e-06       -20.10002339       -7.465074763                  0                  0                  0                  0                  0        28.92565588        9.583198035        56.50991909        56.41275559       -3.978990924       -2.157484718 "MONITOR"                            0                  0     -0.03530117432        2.194487367    -0.000744109379      0.02943828559
 "BPM.13L6.B1"              12975.92861        566.7342305       -8.124784261          33.586257       0.5264912826        29.79824613        28.79371496        2.163656285     0.008411306581      0.02989215871    0.0002142267441    6.078210357e-06    8.960312193e-06       -79.19997783       -3.073698504                  0                  0                  0                  0                  0        38.24312101        31.95152583        56.67826506        56.50503732       -2.567145437       0.3878627665 "MONITOR"                            0                  0     -0.04565642147        3.079812553     0.001119769689     -0.08857807459
 "BPM.12L6.B1"              13029.38009        97.41999013        2.800732982          167.52195       -2.298718015        29.83220823         28.9317808        1.187307893      0.03202161086     -0.01289913288    0.0004551588273    3.085598099e-06    3.703611626e-05       -40.18637972       -1.804573123                  0                  0                  0                  0                  0        76.73286147        35.13181219        56.34659971         56.8008252       -1.587362475        2.298440348 "MONITOR"                            0                  0      0.01562789921        1.473073064   -0.0003578001804     0.004552390017
 "BPM.11L6.B1"              13082.83158        75.54502244      -0.3002958458        43.21207081       0.5808287801        29.94831125        29.03127473        2.360251575      0.01391584549      0.03197704187   -0.0003844700525    3.397870887e-06    1.678869477e-05       -46.29989257        1.461066002                  0                  0                  0                  0                  0        73.99015626        29.82425266        56.58183289        57.01785002        5.975269606      -0.1649885366 "MONITOR"                            0                  0     -0.01916829881       0.8596898275    6.680573698e-05     -0.03410310487
 "BPM.10L6.B1"              13134.67226        31.80171397      -0.6474724035        167.3428113       -2.047544549        30.20401979        29.14256318        1.216422987      0.01019330351      -0.0177562747   -5.706194379e-05   -2.580748814e-07    1.403792312e-05        1.581991555        6.757362922                  0                  0                  0                  0                  0        70.68993205         28.0230256        57.09151706        57.23525003       0.1125090414       -2.428231474 "MONITOR"                            0                  0     -0.03555783332        1.913250226   -0.0007443636464      0.02327533816
 "BPM.9L6.B1"               13173.73925        376.2905141       -7.386775488        14.92646848       0.6269747086          30.268325        29.26719206        2.183214165    -0.004233810873      0.03408876335   -0.0003967089356     -3.7869645e-06   -4.326503644e-06        43.39779869        2.195961955                  0                  0                  0                  0                  0        65.36995317        25.31840143        57.22157832        57.47404554       -2.376473678      -0.7961365582 "MONITOR"                            0                  0     -0.03484181499        1.708138665     0.002185524633      -0.1242676807
 "BPM.8L6.B1"               13214.20424        40.26219139         2.38102994         146.602556       -3.501256462        30.31441522        29.48879729       0.5407458387     -0.02877177334     -0.04280353148   -0.0006313083846   -1.803556837e-06   -3.414199202e-05        24.36982903      -0.7872580923                  0                  0                  0                  0                  0        59.89496757        25.14982371        57.30797996        57.89491464       -2.186216971       0.4699571238 "MONITOR"                            0                  0     -0.04334221473      0.06540750088    -0.001838166357     -0.01098932557
 "BPMYA.5L6.B1"             13311.29423        572.7233594       -6.966261705         143.324405       -0.200629351        30.69330797        29.59491572        -1.85412015     -0.01736609487     -0.02193005502    0.0001428027461    4.657548824e-07   -2.186789917e-05        15.41018521       -5.043956632                  0                  0                  0                  0                  0        54.60579103        25.31994291        58.04689177        58.10993137       0.3199242597       -2.111524682 "MONITOR"                            0                  0     -0.08614441531          7.3462113   -0.0003421997949      0.02225728078
 "BPMYB.4L6.B1"             13347.69423        226.0680932        4.279096808        509.6608867       -7.140177693        30.70848593        29.61770992       -1.138274133     -0.02595438058      0.02302237591    -0.000266895277    8.521450009e-07   -3.360181931e-05      -0.8906712623       -10.78750081                  0                  0                  0                  0                  0        54.53588272        22.11653556        58.06883366        58.14825131      -0.4695287226       -2.511234793 "MONITOR"                            0                  0       0.1743982327        8.759179512      0.00243346481       0.1256416784
 "BPMSX.B4L6.B1"            13383.23473        169.0606671       0.4113230815        450.4618665        1.398309975        30.73880251         29.6290413      -0.9118841984     -0.02104827781     0.004997751036     0.000171776011      1.6790165e-06   -2.777131406e-05        -18.4618882       -10.67534391                  0                  0                  0                  0                  0        54.78339765        21.96216536        58.12889673        58.16902828       -1.841604986       -2.657728199 "MONITOR"                            0                  0      0.03133514189        6.843182273   -0.0001654703508      -0.0170994027
 "BPMSX.A4L6.B1"            13383.81973        168.5817859       0.4072773491         448.828089        1.394472062        30.73935402        29.62924836      -0.9089605283     -0.02094791028     0.004997751036     0.000171776011    1.693289711e-06   -2.764988317e-05       -18.75206679       -10.66522753                  0                  0                  0                  0                  0        54.78744212        21.96285181        58.12999997        58.16941512       -1.862924481       -2.660145976 "MONITOR"                            0                  0      0.03123834174        6.814904693   -0.0001654703508     -0.01700260255
 "BPMSE.4L6.B1"             13476.94473         152.701876      -0.2367548269        246.0023686       0.7835222516        30.83790888        29.67445822      -0.4435472352     -0.00497059964     0.004997751036     0.000171776011    3.965414015e-06   -8.319537767e-06       -64.94502617       -9.054822018                  0                  0                  0                  0                  0        55.43127416        22.08036144        58.32706931        58.25551605       -2.639909631       -2.936347262 "MONITOR"                            0                  0      0.01582891532        3.757469592   -0.0001654703508    -0.001593176129
 "BPMSA.4R6.B1"             13568.51473        254.0504338      -0.8700329624        157.5186141       0.1827740729        30.91486596        29.75146277      0.01409459301      0.01073992208     0.004997751036     0.000171776011    6.199598419e-06    1.068802978e-05       -110.3666561       -7.471307032                  0                  0                  0                  0                  0        56.06435786        22.21169316        58.48085097        58.40532583       0.6781411132       -2.218623114 "MONITOR"                            0                  0     0.000676795291        3.549608309   -0.0001654703508       0.0135589439
 "BPMYA.4R6.B1"             13691.29423        571.9489237       -1.719149189        211.5355836       -0.622725119        30.96705989         29.8688778       0.6277129707      0.03180500891     0.004997751036     0.000171776011    9.195252497e-06    3.617388367e-05       -171.2691899       -5.348087876                  0                  0                  0                  0                  0        56.91321691        22.41186034        58.58512643         58.6345699        3.454625018      0.04241076859 "MONITOR"                            0                  0     -0.01963957165        7.625705448   -0.0001654703508      0.03387531084
 "BPMYB.5R6.B1"             13727.69423        124.3371135        4.226774656        668.1387488       -8.632003926        30.98780905        29.88505958       0.3980461354       0.0591823158    -0.007221513345    0.0008001605781    4.138600909e-06    6.781415836e-05       -78.11937352       -8.216422015                  0                  0                  0                  0                  0        58.72373971        26.04765116        58.63945013        58.67332455        4.337425962        0.244074182 "MONITOR"                            0                  0       0.2283716941        6.330349047       0.0029809787      0.08524334553
 "BPM.8R6.B1"               13823.42122        95.36996093       -1.387324372        17.01875106       0.4561521508        31.29691188          30.045179       0.6783384015     0.008319087491      0.01165293505   -0.0005708951199    -2.46933432e-06     1.00096518e-05        38.99759016        1.187612539                  0                  0                  0                  0                  0        58.17715197        31.29928955         59.2663696        59.01655317       -4.115358117       -2.385184907 "MONITOR"                            0                  0     0.004103735432       0.4104896155    -0.001038785582       0.0414552519
 "BPM.9R6.B1"               13862.48821        24.61926858       0.3103701373        127.7452838       -2.870597459        31.42737192        30.23054601        0.463003926    -0.005881787714    -0.001397159472   -0.0003465781762   -1.943635234e-06   -5.452888726e-06        35.48962128        7.079748779                  0                  0                  0                  0                  0        57.13793767        31.50623516        59.52417983        59.40113774        1.049937146       -3.808486699 "MONITOR"                            0                  0      0.05577405969       0.7983443588     0.001043703792      0.02563498924
 "BPM.10R6.B1"               13902.9532        192.7116417       -3.758382683        18.56826262       0.5405743787        31.54567938        30.35640951         1.32520092    -0.008997841169      0.02945449885     -4.7648021e-05   -4.189385219e-06   -1.018872278e-05        83.37465864        1.752370538                  0                  0                  0                  0                  0        59.40603868        29.32149189        59.75602385        59.65825708        4.848834212      -0.5964972116 "MONITOR"                            0                  0     -0.01265964642        0.913306606    -0.001153727472      0.03611274777
 "BPM.11R6.B1"              13954.79389        26.64577659       0.6530775355        196.4610284       -3.473947828        31.65873046        30.55378594       0.8371140671     -0.02716477933    -0.007790141827   -0.0003707355861    -3.37775158e-07   -3.277089773e-05        11.50751402       -4.482874478                  0                  0                  0                  0                  0        61.68665034        26.66154881        59.98531468        60.04136899       0.3654757698       -3.371232726 "MONITOR"                            0                  0      0.06236067155        1.826767011    0.0008751072788       0.0352008724
 "BPM.12R6.B1"              14009.52037        163.7443154       -2.497805143        42.03650553        0.726022155        31.83406643        30.64784228        2.054687774      -0.0048719797      0.03206657322    0.0004484766555    4.034688813e-06   -6.456152645e-06       -63.85943337       -3.679580763                  0                  0                  0                  0                  0        60.98785927        29.10311268        60.34054383        60.24625373       -4.419596068       -4.896859681 "MONITOR"                            0                  0     -0.01213857653        1.446050573   -0.0004667278039     0.006329058623
 "BPM.13R6.B1"              14062.97186        32.71741723       0.4739834611        170.8241565       -2.120478872        31.95271244         30.7661109          1.0774129      0.01362198855     -0.01284990131    0.0003412301701    2.229812102e-06    1.439960388e-05       -41.02811407       -7.865793185                  0                  0                  0                  0                  0        66.80776847        28.18495992        60.56425278        60.49146342        2.329545898       -3.012757541 "MONITOR"                            0                  0       0.0583585768        1.129159711    0.0005825353078      0.02151678413
 "BPM.14R6.B1"              14116.42334        173.5765143       -2.404171155        31.99631085       0.5044325125        32.09002884        30.88351681        2.138437301      0.01289959555      0.02975822939   -3.376175484e-05    2.913983283e-06    1.477306589e-05       -67.14192182       -1.822678212                  0                  0                  0                  0                  0        67.78397956        27.15371923        60.83602793        60.70276938         4.62279587      -0.5571403213 "MONITOR"                            0                  0    -0.006745147938         1.04238343    -0.000791580011      0.03374924172
 "BPM.15R6.B1"              14169.87483        32.03541074       0.5222369997        174.9217539       -2.445724036        32.20611613        31.02231525        1.058506444      0.02913799843     -0.01484881438    0.0003225912315    -2.87945471e-07    3.472984021e-05       -3.109314088        2.746096334                  0                  0                  0                  0                  0        61.71738985        27.63357022        61.08352942        60.97138334       -1.830908952       -2.538828492 "MONITOR"                            0                  0      0.06282952019        1.426326743    0.0007982585415      0.02763930317
 "BPM.16R6.B1"              14223.32631        173.8463248       -2.431722836        30.72837621        0.513971027         32.3455155        31.14074247         2.08353193     0.004751374827      0.02908168578   -0.0004989320594   -4.367972313e-06    6.184867406e-06         64.9003194        3.081784117                  0                  0                  0                  0                  0        60.98129937        28.76268357        61.36597108        61.23065856       -3.233696142        -4.94170924 "MONITOR"                            0                  0    -0.006498516838        1.109661728   -0.0006753803762       0.0235006692
 "BPM.17R6.B1"              14276.77779        32.80830166       0.5334302579        171.2897818       -2.440322302         32.4598171        31.28558695        1.045105199     -0.01710638044      -0.0139933711   -0.0004047250092   -2.220164428e-06   -1.857828558e-05        38.69899658        7.537948961                  0                  0                  0                  0                  0        66.34268737        28.90245556        61.57805207        61.52865324        3.490430466       -2.559792515 "MONITOR"                            0                  0      0.05808436042         1.22180486    0.0006734850219      0.02444228046
 "BPM.18R6.B1"              14330.22928         173.389919       -2.401631607        32.10160583       0.5112362404        32.59721724        31.40236555        2.100049054     -0.01347096149      0.02962578443    9.374031391e-05    -2.71808008e-06   -1.552079847e-05        58.66369011        1.453435045                  0                  0                  0                  0                  0        67.18601782        26.94641319        61.84975681        61.74183851         5.09309368      -0.5725162677 "MONITOR"                            0                  0    -0.009029607853        1.169940243     -0.00073561036      0.02914510102
 "BPM.19R6.B1"              14383.68076        32.03383116       0.5211320668         173.939001       -2.429647976        32.71338475        31.54138672        1.066060236     -0.02708123343     -0.01393552528    -0.000273926373    3.880537212e-07   -3.248405104e-05       -1.097954927       -3.664603292                  0                  0                  0                  0                  0        61.82940146        27.01240637        62.09845921        62.01051356        -1.47254053       -3.161430255 "MONITOR"                            0                  0       0.0619148972        1.522409361    0.0007579838298      0.02827832762
 "BPM.20R6.B1"              14437.13225         174.032323        -2.43417668        30.64302669       0.5071215233        32.85268661        31.66043269        2.154202684    -0.003130988917      0.03027747789    0.0004876757355    4.490174295e-06   -4.308532294e-06       -73.17487644       -3.264359995                  0                  0                  0                  0                  0        61.21462683         29.0634517        62.38082878        62.26921735       -2.179517411       -5.050069368 "MONITOR"                            0                  0    -0.008216143378        1.195714606   -0.0006332944856      0.01936163277
 "BPM.21R6.B1"              14490.58373        32.80685936       0.5344938748        172.3123498       -2.456262806         32.9669168        31.80495343        1.078502649      0.02036481514     -0.01479369794    0.0004376917329    2.202319549e-06    2.250551395e-05       -41.21136385       -7.110257312                  0                  0                  0                  0                  0        66.21789244        29.51318764         62.5910394        62.56626347         4.63370243       -2.111378341 "MONITOR"                            0                  0      0.05568938016        1.318096454    0.0006157283147      0.02531340443
 "BPM.22R6.B1"              14544.03522        173.2059356       -2.399298126        32.16497812       0.5180256273        33.10442012        31.92116548         2.13520443      0.01384701842      0.02970350167   -0.0001524325291    2.514119577e-06    1.604163428e-05       -61.25070108       -1.059654025                  0                  0                  0                  0                  0         66.9709276        26.68153088        62.86285247        62.78076182         5.58282619      -0.7051222022 "MONITOR"                            0                  0     -0.01123276007        1.293158932   -0.0006700551964      0.02396478788
 "BPM.23R6.B1"               14597.4867        33.00477604        0.531813771        171.9820992       -2.402130386        33.21858105        32.06105542         1.07529737      0.02449999563     -0.01446552228    0.0002187826969   -4.662402127e-07    2.961301119e-05      -0.2076134627        4.546505771                  0                  0                  0                  0                  0        62.04997325        26.38435209        63.10896143        63.05140177      -0.9503535841         -3.7615837 "MONITOR"                            0                  0      0.05948091813        1.638795931    0.0006933522143      0.02915517064
 "BPM.24R6.B1"              14650.93818        172.5990805       -2.384967687        32.05318505       0.5142716898        33.35581567        32.17768174        2.130716674     0.001715543995      0.02967135678   -0.0004619238312   -4.521545581e-06    2.676799508e-06        68.24073854        3.465128726                  0                  0                  0                  0                  0        61.48007009        29.26394813        63.38706625        63.30230732       -1.257771019       -5.029285128 "MONITOR"                            0                  0     -0.01006962798        1.313903664   -0.0005577861583      0.01352908596
 "BPM.25R6.B1"              14704.38967        32.79709771       0.5257704972        172.4239344       -2.411360912        33.47066152        32.31765959         1.07532673     -0.02231332464     -0.01437454618     -0.00044960766   -2.191209796e-06   -2.487635407e-05        38.57720158          6.7573588                  0                  0                  0                  0                  0         66.0808294        29.85724525        63.59838081        63.59002836        5.607489158       -1.858080325 "MONITOR"                            0                  0      0.05333853395        1.376654175    0.0005495029139      0.02536868136
 "BPM.26R6.B1"              14757.84115        173.2295935       -2.399505897        32.15986399       0.5182097101        33.60814386        32.43386522        2.135995335     -0.01398292171      0.02977006235    0.0001890971121     -2.4092599e-06   -1.625557864e-05        53.84669417       0.7845380546                  0                  0                  0                  0                  0        66.77081288        26.56957606        63.87006896         63.8073816        6.188803996      -0.8816455291 "MONITOR"                            0                  0     -0.01285806037        1.378098254    -0.000623708836       0.0203720551
 "BPM.27R6.B1"              14811.29264        33.00219528       0.5319182974        171.9413109       -2.401767218         33.7223009        32.57379318        1.078328322     -0.02272822281     -0.01442486092    -0.000183087131    5.174199365e-07   -2.762528427e-05       -3.328117956       -5.092726602                  0                  0                  0                  0                  0        62.18827945        26.02146891        64.11674099        64.07845871      -0.3614057787       -4.146414807 "MONITOR"                            0                  0      0.05831441381        1.699326793    0.0006580095344      0.02941144919
 "BPM.28R6.B1"              14864.74412        172.5761917       -2.384748501        32.05878679       0.5141074138        33.85955492        32.69042379        2.140350156   -0.0006053337194      0.02979957245    0.0004469072024    4.577571764e-06   -1.377794114e-06       -75.33329244       -3.533409341                  0                  0                  0                  0                  0        61.68618728        29.36705728        64.39492931         64.3266468      -0.3014013033       -4.966252647 "MONITOR"                            0                  0     -0.01129728624        1.369765444   -0.0005215765864      0.01029152091
 "BPM.29R6.B1"               14918.1956        32.79831646        0.525653838        172.4626573       -2.411684103         33.9744073        32.83036344        1.078215332      0.02411776794      -0.0145147208    0.0004641422116    2.178861929e-06    2.708414676e-05       -41.14470542       -6.362814035                  0                  0                  0                  0                  0         65.9621647        30.16458401        64.60565919        64.61370505        6.577133908       -1.629402881 "MONITOR"                            0                  0      0.05115303584        1.438394258    0.0005021273771      0.02581409978
 "BPM.30R6.B1"              14971.64709        173.2528024       -2.399772171        32.15294223        0.518347152        34.11187397        32.94656845        2.134933823      0.01403069295      0.02969973818   -0.0002245841234    2.300669893e-06    1.636564844e-05       -57.92951088       -0.501417138                  0                  0                  0                  0                  0        66.59129618        26.49040382        64.87724754        64.83416773        6.793380145       -1.109555263 "MONITOR"                            0                  0     -0.01441267044        1.460364146   -0.0005705290028       0.0163773475
 "BPM.31R6.B1"              15025.09857        33.00063533       0.5320360875        171.9065852       -2.401539713        34.22602491        33.08653654        1.075213862      0.02076835142     -0.01446161862    0.0001453198787   -5.689702874e-07    2.546062321e-05        4.613437272        5.579820362                  0                  0                  0                  0                  0        68.50602408        24.48400603        65.10525558        65.11402126      -0.4083015726        -4.37538246 "MONITOR"                            0                  0      0.05681742366        1.745530285    0.0006164586597      0.02944845946
 "BPM.32R6.B1"              15078.55006        172.5530507       -2.384499792        32.06653023       0.5140001821        34.36329594        33.20316451        2.130739155    -0.000537184202      0.02967323623   -0.0004287007021   -4.632635893e-06    6.989561622e-08        81.50018328        3.557083096                  0                  0                  0                  0                  0        67.90283065        28.28387561        65.38303911        65.35829287      -0.9256430726       -4.575520989 "MONITOR"                            0                  0     -0.01241544187        1.415333296    -0.000483911482     0.007162733747
 "BPM.33R6.B1"              15132.00154        32.80147343       0.5255544796        172.4927724       -2.411824045        34.47815113        33.34306398        1.075412224     -0.02581708536      -0.0143734034    -0.000476134427   -2.165871235e-06   -2.911866935e-05        42.00755711        5.881311538                  0                  0                  0                  0                  0        72.64170962         29.3318011        65.59626575        65.64447329        6.614744219       -1.292827909 "MONITOR"                            0                  0       0.0487959038        1.489395234    0.0004545970863      0.02608721974
 "BPM.34R6.B1"              15185.45302        173.2749738       -2.399957792        32.14531384       0.5184272455        34.61559664        33.45927339        2.136266571     -0.01399205311      0.02977366841    0.0002595610278   -2.193181202e-06   -1.637127379e-05        50.49031232       0.2143673601                  0                  0                  0                  0                  0        73.34965198        25.31128397        65.86821152        65.86920193        7.384204567       -1.385629981 "MONITOR"                            0                  0      -0.0159383746        1.536173318   -0.0005194159977      0.01260055268
 "BPM.33L7.B1"              15238.90451        32.99723825       0.5321246004        171.8799275         -2.4014384        34.72974584        33.59927922        1.078403508     -0.01867489746     -0.01442893277   -0.0001066267803    6.193038164e-07   -2.313394669e-05        -5.26072735       -6.018675035                  0                  0                  0                  0                  0        75.27229936        23.35431704        66.09648477        66.15212872      -0.4880563094       -4.545144238 "MONITOR"                            0                  0       0.0552147111        1.794260687    0.0005755141099      0.02951574576
 "BPM.32L7.B1"              15292.35599        172.5314271        -2.38432248        32.07441928       0.5139473626        34.86703794        33.71590049         2.14029854     0.001676153939      0.02979729183    0.0004077357345    4.682982592e-06    1.238311031e-06       -77.86759915       -3.554891405                  0                  0                  0                  0                  0        74.58939982        27.47672747        66.37392804        66.39130693       -1.543121461       -4.135662744 "MONITOR"                            0                  0     -0.01361596876        1.465173217   -0.0004443342264     0.003881455516
 "BPM.31L7.B1"              15345.80748        32.80419789       0.5254623695        172.5159374       -2.411873248        34.98189601        33.85576353        1.078133583       0.0273401475     -0.01451518286    0.0004848572397    2.151041267e-06    3.096747383e-05       -37.94343822       -5.376817853                  0                  0                  0                  0                  0        72.66979989        29.37919223        66.60382201        66.66730367        6.032819053      -0.8933688248 "MONITOR"                            0                  0      0.04639230868        1.544521899    0.0004055047198      0.02639418155
 "BPM.30L7.B1"              15399.25896        173.2968399       -2.400160748        32.13628391        0.518446465        35.11932233        33.97198349        2.134710064      0.01385644731      0.02969695759   -0.0002927937977    2.082179923e-06    1.627226145e-05       -43.55151169      0.06875305783                  0                  0                  0                  0                  0        73.31472192        25.19477832        66.87567037        66.89572657        6.387165364       -1.428632629 "MONITOR"                            0                  0     -0.01736304841        1.607473279   -0.0004627762135     0.008470062222
 "BPM.29L7.B1"              15452.71045        32.99423716        0.532217246        171.8615079        -2.40148745        35.23346901        34.11202666          1.0751508      0.01649170475     -0.01445829835    6.801336325e-05   -6.701241083e-07    2.065895546e-05        7.125890061        6.453541462                  0                  0                  0                  0                  0        68.96564658        23.95575528        67.12091236         67.1698277      -0.8662873737       -4.625998371 "MONITOR"                            0                  0      0.05327656764        1.827346997    0.0005287119689      0.02935022269
 "BPM.28L7.B1"              15506.16193        172.5096703       -2.384135408        32.08409256       0.5139601351        35.37078141        34.22863419        2.130777482    -0.002777328012      0.02967505672   -0.0003842561919   -4.732405253e-06   -2.538736504e-06        73.34324843        3.555667106                  0                  0                  0                  0                  0          68.504394         28.1359771        67.39885838        67.40618177      -0.5647827514       -3.931285604 "MONITOR"                            0                  0     -0.01470749898        1.504462242   -0.0004039923856    0.0007648576797
 "BPM.27L7.B1"              15559.61341        32.80736915       0.5253736373         172.530397        -2.41175271        35.48564154        34.36846023        1.075475788     -0.02863524727     -0.01437301282   -0.0004899653617   -2.135393968e-06    -3.26182616e-05        38.09992535        4.879593486                  0                  0                  0                  0                  0        66.63345589         29.9704819         67.6294982        67.68125398        6.365142919      -0.6875490373 "MONITOR"                            0                  0      0.04384809212        1.590061313     0.000356956609      0.02654906293
 "BPM.26L7.B1"               15613.0649         173.317285       -2.400323215        32.12699866       0.5184146164        35.62304758        34.48469469        2.136441847     -0.01362701556      0.02977585476    0.0003231807141   -1.972267686e-06    -1.60694399e-05        46.61913212      -0.3444689055                  0                  0                  0                  0                  0        67.04713222        25.75052804        67.90083045        67.91210482        5.381718065       -1.506825916 "MONITOR"                            0                  0     -0.01877153557        1.673433175   -0.0004085067612      0.00456006605
 "BPM.25L7.B1"              15666.51638        32.99140618       0.5323000514        171.8502616       -2.401637277        35.73719218        34.62477198        1.078454673     -0.01420266542      -0.0144314988   -2.897426271e-05    7.198143947e-07   -1.805262361e-05       -7.063680339       -6.835955258                  0                  0                  0                  0                  0        64.00453595        24.42057023        68.14903332        68.18726576       -1.199058345       -4.682492567 "MONITOR"                            0                  0      0.05130190365        1.862466686    0.0004835678648      0.02919833337
 "BPM.24L7.B1"              15719.96787        172.4902366        -2.38396965        32.09338352         0.51401484        35.87452292        34.74136331        2.140275267     0.003860428725       0.0297959625    0.0003583063741    4.778057772e-06    3.822830718e-06       -79.99397658       -3.531717239                  0                  0                  0                  0                  0        63.80475492        28.64815184        68.42740502        68.42101008       0.4240989739       -3.702395737 "MONITOR"                            0                  0     -0.01580702906         1.54358965   -0.0003620763639    -0.002485592034
 "BPM.23L7.B1"              15773.41935         32.8095181       0.5252875121        172.5378115       -2.411554604        35.98938626        34.88115753        1.078062612       0.0297625507     -0.01451606362     0.000492262264    2.118472518e-06    3.406106438e-05       -40.58027938       -4.342093809                  0                  0                  0                  0                  0        66.49428519        30.05217618        68.63684586        68.70431227         7.30357889      -0.6303106367 "MONITOR"                            0                  0      0.04114646508        1.635327177    0.0003056407368      0.02669160794
 "BPM.22L7.B1"              15826.87083        173.3369646       -2.400516086        32.11680122       0.5183264443        36.12677596        34.99741168        2.134488335      0.01332019792      0.02969402712   -0.0003516287295    1.859110414e-06    1.576390664e-05       -50.59204083       0.6294897835                  0                  0                  0                  0                  0        66.84162624        25.83061904        68.90810388        68.93896835        5.954295556       -1.882428206 "MONITOR"                            0                  0     -0.02006132762        1.733421024   -0.0003484075823    0.0003530000706
 "BPM.21L7.B1"              15880.32232        32.98876368       0.5323853285        171.8482835       -2.401934791        36.24091809        35.13752065        1.075085331      0.01183891648     -0.01445505281   -1.011771972e-05   -7.699554927e-07    1.533042858e-05        5.371475696        7.201254009                  0                  0                  0                  0                  0        64.18650397        24.38373679        69.15660621        69.21575513      -0.5681221074       -4.853336956 "MONITOR"                            0                  0      0.04898365453        1.881840576    0.0004327095025      0.02882285572
 "BPM.20L7.B1"               15933.7738        173.9283978       -2.403063011        30.66337379        0.495283614        36.37752341        35.25741517         2.14632545    -0.005073127427      0.02997191629   -0.0003333133248    -4.83413269e-06   -5.284001738e-06        75.43465297        3.393178256                  0                  0                  0                  0                  0         64.0358342        28.49276456        69.43357999        69.45166635        1.376322615       -3.370979321 "MONITOR"                            0                  0     -0.01702597772        1.561316678   -0.0003132807453    -0.006324008321
 "BPM.19L7.B1"              15987.22529        31.85394628       0.5219356031        174.3342102       -2.481554776        36.49387132        35.40068881        1.066237718     -0.03129221508      -0.0148634303   -0.0004998509735   -2.065777587e-06    -3.60397466e-05        37.21934768        3.467796721                  0                  0                  0                  0                  0        66.41355243        30.05471506        69.64568033        69.73957635        8.268368792      -0.6144137377 "MONITOR"                            0                  0      0.03708444332        1.678230767    0.0002364133796      0.02678328694
 "BPM.18L7.B1"              16040.67677        173.5727629       -2.433962449        32.09659528       0.5289006989        36.63396608        35.51622424        2.101443901     -0.01271172039      0.02928333241    0.0003939374632   -1.641708666e-06   -1.512713277e-05        41.32957208       -1.041728332                  0                  0                  0                  0                  0        66.58160628        26.07696221        69.92218814        69.97839331        6.323290847       -2.449959627 "MONITOR"                            0                  0     -0.02201068965        1.805298172   -0.0002635609804     -0.00556193767
 "BPM.17L7.B1"              16094.12825         32.9987243       0.5341361632        170.9375319       -2.391141532        36.74797529        35.65693188        1.048526499    -0.008074591756     -0.01429011044    7.025145162e-05     8.62710521e-07   -1.097377615e-05       -9.614062926       -7.631627605                  0                  0                  0                  0                  0         64.7241699        24.56394856        70.17053376        70.25909745     -0.06432476819       -4.985650039 "MONITOR"                            0                  0      0.04564482256         1.90036469     0.000362856172      0.02819834843
 "BPM.16L7.B1"              16147.57974        173.6476907       -2.399117216        30.71234341       0.4906481802        36.88470164        35.77710424        2.091340538     0.006602017391      0.02940261932     0.000285917984    4.907485823e-06    7.112671663e-06       -82.93402227       -3.272292866                  0                  0                  0                  0                  0        64.73692895        28.22867425        70.44771623        70.48953706        2.554156801       -2.929283242 "MONITOR"                            0                  0     -0.01833503866        1.595406618   -0.0002548363975     -0.01044538454
 "BPM.15L7.B1"              16201.03122        31.84482136       0.5201957756        175.1968214       -2.491058906        37.00118517        35.91972552        1.058160305      0.03226210951     -0.01390754127    0.0004913769577    2.026877352e-06    3.736652928e-05       -39.26188803       -2.552301402                  0                  0                  0                  0                  0         66.2640791        29.81843799        70.66035461         70.7740109        9.290319717      -0.7410737001 "MONITOR"                            0                  0      0.03309172757        1.726126085    0.0001664636994      0.02676839945
 "BPM.14L7.B1"              16254.48271        173.8541638         -2.4378953         32.0267822       0.5329766266        37.14115196        36.03506652         2.13664701      0.01191695369      0.03008546034   -0.0004283139311    1.419230117e-06    1.426722668e-05       -43.17053639        1.441592765                  0                  0                  0                  0                  0        66.28824384        26.26842298        70.93657438        71.01742906        6.635135774       -3.045742973 "MONITOR"                            0                  0      -0.0234448103        1.864255202   -0.0001763691845     -0.01142276349
 "BPM.13L7.B1"              16307.93419        33.00527124       0.5358522515        170.1381648       -2.383132156        37.25503517        36.17644336        1.075430115     0.004193900198     -0.01449762576   -0.0001293456194    -9.54726538e-07    6.456190769e-06        8.862851977        7.962644948                  0                  0                  0                  0                  0        65.15855746        24.78379072        71.18539937        71.30177844       0.4616476089       -4.991122171 "MONITOR"                            0                  0       0.0418109856         1.89666102    0.0002861830654      0.02726629104
 "BPM.12L7.B1"              16361.38567        173.0565433       -2.391177731        31.10071831       0.4912244281        37.39205087        36.29603422        2.141428359    -0.008023756119      0.02987313921    -0.000234176035   -4.969328175e-06   -8.819851165e-06        79.05196038        3.128675919                  0                  0                  0                  0                  0        65.29802154        28.06290625        71.46306649         71.5256444        3.787592637       -2.500576107 "MONITOR"                            0                  0     -0.01954468393        1.623235173   -0.0001985128259      -0.0140555467
 "BPM.11L7.B1"              16414.83716        29.24768253       0.4805855658        178.2580351       -2.518774848        37.51506976        36.43580482        1.010960618      -0.0329453789     -0.01581005051   -0.0004794379097   -1.860750042e-06   -3.832706679e-05        34.37500072        1.749829773                  0                  0                  0                  0                  0        65.98424359        29.69224284        71.68844048        71.80303386        10.46387577      -0.9365791385 "MONITOR"                            0                  0      0.03176721021        1.694153596    0.0001351884048      0.02598633054
 "BPM.10L7.B1"              16467.61985        164.9777974       -2.399313276        43.01956668       0.6405768061        37.66416034        36.53174536        1.631795808      -0.0139938077      0.02001296985    0.0003998555413   -6.709217814e-07   -1.672496233e-05        25.35936222       -1.597413827                  0                  0                  0                  0                  0        65.44521708        26.57980232        71.98298372        72.01080767        5.915447581       -3.040774349 "MONITOR"                            0                  0     -0.02367553797        1.986143017   -0.0002288976793    -0.006069541105
 "BPM.9L7.B1"               16506.68684        27.11962672       0.9037970323        151.5689254       -2.304353188        37.75345397        36.62031495       0.5923970831     -0.01413621075     -0.02480414512   -3.678899247e-05    8.465212402e-07   -1.782281269e-05       -7.590946569       -6.331190444                  0                  0                  0                  0                  0        66.86030711        25.32327894        72.15721744        72.19229734       0.7266916818       -4.905845774 "MONITOR"                            0                  0      0.07911089231        1.499066318     0.001028450134      0.02705112179
 "BPM.8L7.B1"               16547.15183        78.48940833       -1.563890546        56.68635625       0.8372366529        37.94504789        36.68737666       0.3081694506    -0.001151276325    8.641750261e-06    0.0003449481483    3.467656562e-06   -2.246724589e-06       -55.29255357       -4.672132285                  0                  0                  0                  0                  0         68.6122892        24.96491008        72.54064641        72.31992854        6.402648758        -4.91398674 "MONITOR"                            0                  0        0.012627417        0.424981129   -0.0008305722526      0.01942960165
 "BPM.7L7.B1"               16586.21782         58.1810841      0.07950139644        144.3568233       -1.790491621        38.03577039        36.76366275       0.1643262248      0.01203496219     0.001743426888    0.0003376568845    2.415939489e-06    1.274197975e-05       -43.63941771       -7.321024386                  0                  0                  0                  0                  0        68.08342534        25.76621538        72.72196669        72.47632674        10.30093564        -3.50876228 "MONITOR"                            0                  0      0.03764215269       0.3248335664    0.0004078892828      0.01941491239
 "BPM.6L7.B1"               16621.03582        219.5315392       -3.453059109        49.82471301       0.9735988404        38.08887672        36.82658179        0.374438753      0.01267716257     0.006370667437   -6.438409109e-06    3.312258451e-06    1.421416978e-05       -67.63586816       -3.487462867                  0                  0                  0                  0                  0        68.97508261         24.8074954        72.82438582        72.60678697        9.714157558       -2.079528687 "MONITOR"                            0                  0     0.001134696474       0.5957553171   -0.0009263815018      0.04091513628
 "BPMWC.6L7.B1"             16633.13832        219.8860159        2.419129447        47.09224407       -0.515837049        38.09710785        36.86939104       0.3797036682      0.01498440154    -0.003785490772    0.0003338592248    3.063544738e-06    1.710027195e-05        -64.2378822       -2.544420466                  0                  0                  0                  0                  0         69.1397094        24.57694867        72.84063956        72.69179461        9.424723853       -1.507139297 "MONITOR"                            0                  0      0.02159282251          1.1337503    0.0006677134787      0.06276823338
 "BPMWE.5L7.B1"             16710.19232        32.10022718      0.01793792028        286.2127386       -2.587445965        38.28186763        36.98489975       0.0730207596      0.04067869529    -0.003785490772    0.0003338581917   -1.265372771e-06    4.795125566e-05        14.55906352        1.070070511                  0                  0                  0                  0                  0        71.48762197         24.1430537        73.21149969        72.90954428      -0.9231004655       -2.464321052 "MONITOR"                            0                  0      0.07304274573       0.3420531486    0.0006677117601      0.01131824747
 "BPMW.5L7.B1"              16733.39732        65.82556854        -1.84177301        285.6580639        3.599094159        38.37488882         36.9966851    -0.007765951863      0.03981236482    -0.003274727193   -0.0005459047125    -2.95405994e-06    4.707302865e-05        43.51850227        1.862098923                  0                  0                  0                  0                  0        72.13772806        24.27655825        73.39886101        72.93150225        1.116326641       -2.725369725 "MONITOR"                            0                  0      0.08283188826       -1.227553757    -0.001238317304      0.02557498164
 "BPMWE.4L7.B1"             16768.48232        277.1968448       -4.182775267        93.23793286        1.885304617        38.41670639        37.03116973       -0.122656226       0.0206817015    -0.003274727193   -0.0005459047125   -6.483486208e-06     2.46695688e-05        101.1532616        2.365872761                  0                  0                  0                  0                  0        72.99293698        25.71082148        73.48721897        72.99449374        3.871309428       -3.597005748 "MONITOR"                            0                  0      0.03938552564       -1.712096693    -0.001238317304      0.06902134426
 "BPMW.4L7.B1"              16796.58732        342.0286878        2.539061769         54.4318803      -0.2509513509        38.42999872        37.10199388      -0.1723461122      0.01036001188    3.524178546e-05   -0.0002279815615   -7.247760026e-06    1.272879266e-05        114.9181953        3.533687063                  0                  0                  0                  0                  0        73.18979857        26.36751849        73.51452255        73.13623346        4.828725731       -5.310712809 "MONITOR"                            0                  0     0.007206199321      -0.4400768001    0.0004725710748      0.05416938645
 "BPMW.4R7.B1"              16912.63432        45.93649406      0.01242335132        375.6655532       -2.517182879         38.6183082        37.25267735      -0.1682625686     -0.01606692196    3.524178546e-05   -0.0002279815615   -1.087832627e-06   -1.691357915e-05        24.47052641        12.25281653                  0                  0                  0                  0                  0        71.67036785         27.2576988        73.89555374        73.45001377        7.576737027       -4.576547319 "MONITOR"                            0                  0      0.06204665483       -1.354210165    0.0004725710748   -0.0006710690666
 "BPMWE.4R7.B1"             16940.73932        94.25775102       -2.080917341        317.7693179        4.259998978        38.69441295        37.26468161      -0.2143048276     -0.01786572068    -0.003560834567    0.0001125502818    2.148919485e-07   -1.921119405e-05        7.770361069        11.05131447                  0                  0                  0                  0                  0        70.84950064        27.04627387        74.04803468        73.47527582        2.351682381       -4.271059142 "MONITOR"                            0                  0      0.09714208468       -3.077440051    -0.001441935463      0.05183945684
 "BPMW.5R7.B1"              16975.82432        309.8855835        -4.06495219        93.01807073        2.145908024         38.7273194        37.29739032      -0.3392382896     -0.01392065394    -0.003560834567    0.0001125502818    1.796139817e-06   -1.545130141e-05       -8.919192892        5.481725682                  0                  0                  0                  0                  0        69.00572309         25.8815644        74.11222067        73.55130472       0.3107449606       -3.453793302 "MONITOR"                            0                  0      0.04655177896       -2.891921872    -0.001441935463       0.1024297626
 "BPMWE.5R7.B1"             16999.02932        317.9306607        2.727704139        53.16527984      0.04925753692        38.73805097        37.35613018      -0.3240288547     -0.01510573562     0.003728684607   -0.0001719287826    2.270035372e-06   -1.721916464e-05       -16.69328006        3.050162408                  0                  0                  0                  0                  0        68.76524489        25.32717434        74.13319343        73.67070833      -0.2291451982       -2.392747042 "MONITOR"                            0                  0      -0.0031368601       -1.327496103    0.0005902757961      0.05906092426
 "BPMR.6R7.B1"              17078.24482        52.36794788       0.6247043296        163.6774267       -1.444337424        38.84325493        37.51758284     -0.01365931256     -0.02870831314     0.003728684607    -0.000171927805    2.374952774e-06   -3.403851937e-05       -33.80392134       -2.531859293                  0                  0                  0                  0                  0        68.51681435        23.95867233        74.33875151        73.98971632       -0.959373088        -4.15895541 "MONITOR"                            0                  0      0.04362210924      -0.1045036205    0.0005902747391      0.01230195243
 "BPM_A.7R7.B1"             17116.28082         115.081105       -1.500992337        66.37931764        1.130713933        38.93324838        37.57143376       0.1312146353     -0.01444584884     0.003836684707    0.0004577900757    4.206165619e-06   -1.740145171e-05        -68.0638608       -3.206201925                  0                  0                  0                  0                  0        69.42181132        24.72388704        74.51885569        74.09304571        4.238363374       -5.456432075 "MONITOR"                            0                  0      0.02808559543      -0.6954749976   -0.0007466534191      0.03979270257
 "BPM.8R7.B1"               17155.34681        22.52038798       0.4447987056        172.1195184       -2.134338009         39.0569824        37.63655113       0.2818261629     -0.01234215051     0.009499809813    2.134695914e-05    1.343971632e-06   -1.555334572e-05       -25.72601807       -7.449505887                  0                  0                  0                  0                  0        68.36846678        23.95398769        74.76971306        74.22813648        8.831508489       -6.355907284 "MONITOR"                            0                  0      0.03237123876       -1.098595012    0.0007573132723    -0.007218058769
 "BPM.9R7.B1"                17194.4138        103.5761712       -2.049710758        58.81932848        1.033797414        39.21973208        37.69638171        1.100576503    -0.000283356807      0.02740384898    0.0003272559541   -8.536051199e-07   -1.038587359e-06        1.285997702       -4.962642703                  0                  0                  0                  0                  0        66.45265338        23.18284853        75.09537399        74.34112542       0.2937858995       -6.123614467 "MONITOR"                            0                  0      0.04170300329       -1.964395478   -0.0006185398813      0.04348319048
 "BPM.10R7.B1"              17234.87878        32.81121546       0.4541059758        179.1523439        -2.41117076        39.32682332        37.76820247        0.853322847      0.01396442558    -0.003284296512     0.000355519182   -1.743195049e-06    1.521494937e-05        24.59570814       -8.337419892                  0                  0                  0                  0                  0        66.83759952        24.08189884        75.30672215        74.49110249       -1.820299481       -4.796578855 "MONITOR"                            0                  0     -0.02953034817          -1.817274   -5.717696962e-05     -0.02377991381
 "BPM.11R7.B1"              17287.66147        180.9115728       -2.502640804        31.72138014        0.554293816         39.4570339        37.88191441        2.153597366      0.01271787437      0.03017784982   -4.270686867e-05   -5.225677968e-06    1.463864267e-05        88.74877041       -1.898534363                  0                  0                  0                  0                  0         68.7486626        22.77721929        75.56853719        74.72904454        5.281156431       -3.059528396 "MONITOR"                            0                  0      0.02291112942       -1.714219699    5.876639192e-05      0.02171802199
 "BPM.12R7.B1"              17342.38796        32.64545669       0.5248926669        170.3284229       -2.355345805        39.57309759        38.02773153        1.068571253      0.02843444849     -0.01398138678    0.0003036610202   -1.453030714e-06    3.371588862e-05        28.77005909        3.161931266                  0                  0                  0                  0                  0        63.92873683        22.86217093        75.78387453        75.00976228        8.586877054       -5.276097924 "MONITOR"                            0                  0     -0.02221078298       -1.889897143    1.017719812e-05     -0.02604041252
 "BPM.13R7.B1"              17395.83944         172.365631       -2.392835584        32.00297726       0.5037234995        39.71146395        38.14518033        2.134433991     0.004694098056      0.02985680052   -0.0004886332299    8.366952787e-07   -0.0001440964132      -0.2380106247         3.24719266                  0                  0                  0                  0                  0        64.71272626         29.8652964        76.05554633        75.32762463        1.449325375        -6.10964394 "MONITOR"                            0                  0      0.02610924106       -1.948159533   -8.639151163e-05      0.02955604193
 "BPM.14R7.B1"              17449.29093         32.8525027        0.525166245         174.418099       -2.438793178        39.82628019        38.28421566        1.077554447     -0.01675463546     -0.01440962447    -0.000405199948    1.756170532e-06   -0.0005567248643        -25.7247089         7.60387432                  0                  0                  0                  0                  0        69.64052458         30.6859681         76.3020153        75.61295869       -1.407363403       -2.727045578 "MONITOR"                            0                  0      -0.0265154932       -1.799012985   -5.834261711e-06      -0.0234730155
 "BPM.15R7.B1"              17502.74241        174.9008249       -2.419967097        30.72332913       0.5109195705        39.96275942        38.40287254        2.154879879     -0.01078294628      0.03008959089    0.0001366109664    4.477859979e-06   -0.0008191525617       -89.57441075        1.326209557                  0                  0                  0                  0                  0         69.1136915        21.61181259        76.58007855        75.77110071        6.083664811       -1.425496331 "MONITOR"                            0                  0      0.02149592116       -1.593037375   -4.826761563e-05      0.02784125433
 "BPM.16R7.B1"              17556.19389         31.9826322       0.5292469631        171.7908066       -2.446855574        40.07842211        38.54743274        1.068929436     -0.01909229511     -0.01498558083   -0.0002019990559     1.45081637e-06    -0.002281135001       -28.99043098       -4.075414247                  0                  0                  0                  0                  0        63.75573104         21.2418881        76.79466111        76.04922631        8.951325196       -3.951520423 "MONITOR"                            0                  0     -0.01396717948       -1.664773814    0.0001425148802     -0.02295047134
 "BPM.17R7.B1"              17609.64538        172.5444107       -2.416923473        32.08870393       0.5136583929        40.21872415        38.66405433        2.100806063     0.006695055762      0.02922383511    0.0005502025333    -1.15151666e-05    -0.001134549413         1.95821256       -3.567435493                  0                  0                  0                  0                  0        64.28270452        31.07142874        77.07012552        76.35543931          1.4933972       -4.224520479 "MONITOR"                            0                  0      0.01738369074       -1.431563361   -0.0003348272248      0.03944628509
 "BPM.18R7.B1"              17663.09686        32.88830183       0.5268503641        173.4981221       -2.424308374        40.33337756        38.80335205        1.045817862      0.04488854198     -0.01432766772    0.0007166122805   -8.000263096e-06     -0.00138235658        25.66599067       -7.699708427                  0                  0                  0                  0                  0        69.73015223        32.11592389        77.31492238        76.64002204      -0.7998694224      -0.6107210179 "MONITOR"                            0                  0    -0.009652283097      -0.7568419055    0.0002143745559    -0.008446245821
 "BPM.19R7.B1"              17716.54835        174.6747156       -2.415916099        30.66638277       0.5048061213        40.46987475        38.92253622        2.082860488      0.02270242291      0.02929071177   -0.0004399056434   -1.849864001e-05    0.0002275606173        87.25936203       -1.095639002                  0                  0                  0                  0                  0        69.45896773        20.85501965        77.59298688        76.81727941        6.940801023      0.07260322998 "MONITOR"                            0                  0      0.01320318571      -0.8471938904    1.559893755e-05      0.01058928779
 "BPM.20R7.B1"              17769.99983         31.9514326       0.5274925132        172.7297501       -2.460828395        40.58570153        39.06673341        1.055775289       0.0282134331     -0.01378084446    0.0001758069888   -3.759647886e-06     0.002385101232        26.52292583        5.145935564                  0                  0                  0                  0                  0        63.70737992        20.02284402        77.80978792        77.09555787         9.22502545       -2.644127202 "MONITOR"                            0                  0     -0.00890929955       -1.072136808     1.74652312e-05     -0.01408683553
 "BPM.21R7.B1"              17823.45131        172.8090976       -2.420772483        32.13143883       0.5202761788        40.72591111        39.18283142        2.137816098     -0.01196460618       0.0301484937   -0.0008355801052   -4.854952656e-06     0.001107004891       -8.102078376        3.462224421                  0                  0                  0                  0                  0        64.01039588        32.30091244        78.08503332        77.38438408        1.515526435           -2.29249 "MONITOR"                            0                  0      0.02336489243       -1.461873732    4.096021566e-05      0.01390732204
 "BPM.22R7.B1"               17876.9028        32.89764661       0.5284326015        172.4499483       -2.409510405        40.84044266        39.32258711        1.078119974     -0.07372003392      -0.0144709364    -0.001171209076    8.322438074e-08     0.001094091487       -28.20754395        6.014214893                  0                  0                  0                  0                  0        70.13911765        33.51128765         78.3286541        77.66865408      -0.1701572806        1.433737184 "MONITOR"                            0                  0     -0.02052929793       -1.845459738   -7.691176916e-05      -0.0236783599
 "BPM.23R7.B1"              17930.35428        172.9737755       -2.392933339        32.08915957       0.5176401296        40.97776651        39.43892713        2.137552747     -0.03412386201      0.02975124427    0.0008128756852    3.581706551e-06   -0.0003469903088       -88.80733321       0.7575560977                  0                  0                  0                  0                  0        69.99543841        19.90360712        78.60840399        77.85549888        7.843104139         1.53677442 "MONITOR"                            0                  0      0.02228021508       -1.619333421   -0.0001664220701      0.03535538205
 "BPM.24R7.B1"              17983.80577        32.89600258       0.5291747549        171.9163205       -2.403665953        41.09224905        39.57907945        1.076841344     -0.03440365067     -0.01448396385   -9.242420567e-05    1.939778439e-06    -0.002463732406       -27.16103847       -4.248391231                  0                  0                  0                  0                  0        63.51725742        18.94785228        78.82358283        78.12580958        9.494577329        -1.08980913 "MONITOR"                            0                  0    -0.008555145292       -1.544542459    0.0002384991364     -0.01989576114
 "BPM.25R7.B1"              18037.25725        172.8171394       -2.391454083        32.12775112        0.514473956        41.22969519        39.69559108        2.133039425        0.018473215      0.02968727058      0.00108429614   -1.123952779e-05    -0.001079121323        7.876681094       -3.190555329                  0                  0                  0                  0                  0        63.80649784         32.6366934        79.09283319        78.40446276        1.767149019      -0.3103375258 "MONITOR"                            0                  0      0.01664617647       -1.318062799   -0.0003909297119       0.0415588863
 "BPM.26R7.B1"              18090.70874        32.91667828       0.5285170819        172.5138781       -2.410116732        41.34419661        39.83529301        1.075270732       0.1033901279     -0.01442234122     0.001618239092    -8.68550709e-06   -0.0008971211188         27.4390347       -6.141212346                  0                  0                  0                  0                  0        70.20063336        33.96026764        79.33571031        78.68788799       0.4003080095         3.34933918 "MONITOR"                            0                  0    -0.003434096558      -0.6520840916    0.0002857627089    -0.006182059121
 "BPM.27R7.B1"              18144.16022        172.9829776       -2.392671212        32.08629305       0.5177406983        41.48147545        39.95162874         2.13348175      0.04443936504      0.02972424272    -0.001221978846    -1.87362088e-05    0.0004332282878         86.3282231      -0.9055657142                  0                  0                  0                  0                  0        70.16452585        19.38812074        79.61543638        78.88872931        8.492872948        3.019809919 "MONITOR"                            0                  0      0.01475545877      -0.8613545911   -2.324941717e-05      0.01199199463
 "BPM.28R7.B1"               18197.6117        32.88628693       0.5290728077        171.8919074       -2.403472216        41.59597738        40.09180538        1.077016362      0.03594118615     -0.01439834157   -5.870044199e-05   -3.141812416e-06     0.002535313668        25.11861894        4.029812622                  0                  0                  0                  0                  0        63.43704267        18.19355629        79.83140401        79.16067362        9.824420686       0.4949275133 "MONITOR"                            0                  0    -0.006187888733       -1.160571742    4.734131597e-05     -0.01434221732
 "BPM.29R7.B1"              18251.06319        172.8529318       -2.391633343        32.13472257         0.51506332         41.7333926        40.20826854        2.138319366     -0.02676683342      0.02978356069    -0.001272277038   -3.925869007e-06     0.001044473978       -12.20237431        2.728419344                  0                  0                  0                  0                  0        63.61477266        32.88659544        80.10060276        79.42447958        2.024164019        1.700748763 "MONITOR"                            0                  0      0.02411386794       -1.493416831   -4.651426333e-05      0.02037995344
 "BPM.30R7.B1"              18304.51467        32.90544757       0.5285622567        172.4306986       -2.408863696        41.84790523        40.34799878        1.078156718      -0.1365933672     -0.01447482544    -0.002104943223   -7.722187595e-07    0.0006945691505       -26.46029178        4.810265772                  0                  0                  0                  0                  0        63.77435579        34.61176163        80.32484039        79.69907025       0.3314197088        5.344317338 "MONITOR"                            0                  0     -0.01367122151       -1.873428797    5.272665014e-05     -0.02364024862
 "BPM.31R7.B1"              18357.96616        172.9666061       -2.392665673        32.07713634        0.517308701        41.98521533        40.46437794        2.137458651     -0.05540442293      0.02974886825     0.001690301344    9.581705037e-07   -0.0005166709986       -77.69990318       0.8697043989                  0                  0                  0                  0                  0        63.57851868         19.5806401         80.6051127        79.90893905        7.551695042        4.753625554 "MONITOR"                            0                  0      0.02433139092       -1.724998905   -0.0002958592593       0.0428186546
 "BPM.32R7.B1"              18411.41764        32.89084216       0.5290777259        171.9505915       -2.404478649        42.09971125        40.60454645        1.076783637     -0.03565598326     -0.01448305237    0.0002556577678    1.417112966e-06    -0.002590812904       -22.30122157       -2.466857589                  0                  0                  0                  0                  0        57.25572853        18.26733739        80.81841912        80.18232955         9.22436612        2.279177233 "MONITOR"                            0                  0    -0.005998662595       -1.492738638    0.0003031854274     -0.01782219878
 "BPM.33R7.B1"              18464.86912        172.8201739       -2.391651454        32.14091634       0.5148327602        42.23717024        40.72101512        2.132937718      0.03657795088      0.02968635029     0.001451476244   -1.134954324e-05    -0.001003166406        11.99342624       -2.254884186                  0                  0                  0                  0                  0        57.62302733         33.3537672        81.08707336        80.43611566        2.290279011        3.741685203 "MONITOR"                            0                  0      0.01623322305       -1.220666834   -0.0004259317156       0.0438536807
 "BPM.34R7.B1"              18518.32061        32.92000745       0.5285461954        172.4804974       -2.409309309        42.35166524        40.86069922        1.075260184        0.170206265     -0.01442049869     0.002568143638   -9.036509802e-06   -0.0004874670182        28.54612295       -5.034265234                  0                  0                  0                  0                  0        57.94731853        35.00001309        81.31086711        80.71020031       0.2379232944        7.310666318 "MONITOR"                            0                  0     0.002316461462       -0.572761841    0.0003526949439    -0.004334358761
 "BPM.33L8.B1"              18571.77209        172.9850519       -2.392569039        32.07492784       0.5174287707        42.48893176         40.9770722        2.133493067      0.06503255479      0.02972452875    -0.002191960413   -1.874214919e-05     0.000596841382        85.72138653       -1.375648751                  0                  0                  0                  0                  0        57.55873753        19.72961174        81.59165095        80.92905675        6.603329414        6.465365256 "MONITOR"                            0                  0      0.01611986922      -0.8681052913   -7.459506904e-05      0.01448445726
 "BPM.32L8.B1"              18625.22358        32.87966585       0.5290224385        171.9278931       -2.404287348        42.60344576        41.11726228        1.076944961      0.02825317597     -0.01440004759   -0.0005666703383    -2.95655547e-06     0.002629708424         26.7684112       0.8914180056                  0                  0                  0                  0                  0        57.35413228        18.09383064        81.82596357         81.2192017        8.003156335        4.208837201 "MONITOR"                            0                  0    -0.001751241354       -1.258493687    0.0001130647466     -0.01510187699
 "BPM.31L8.B1"              18678.67506        172.8575007         -2.3918724        32.14459016       0.5154393146        42.74087581        41.23368584         2.13815036      -0.0493455332      0.02978179382    -0.001542112412   -4.270025633e-06    0.0009554685194       -5.409289507        1.364331619                  0                  0                  0                  0                  0        57.61419457        33.52317902        82.09457581        81.45610431       0.9751205484        6.071593781 "MONITOR"                            0                  0      0.02625206336       -1.606755426   -0.0001571340225      0.02811459414
 "BPM.30L8.B1"              18732.12654        32.91110073       0.5286218014        172.3837762       -2.407981446         42.8553769        41.37341516        1.078078144        -0.20353613     -0.01447297723    -0.002970407932   -7.677954415e-07    0.0002773781348       -26.96115685        3.564570822                  0                  0                  0                  0                  0        64.11097825        35.03709458        82.33862445        81.73734024      -0.1546776523        9.270474265 "MONITOR"                            0                  0     -0.01126064621       -1.822951214    0.0001146850422     -0.02145941901
 "BPM.29L8.B1"              18785.57803        172.9639074       -2.392525691         32.0687919       0.5168539604        42.99267712        41.48983733        2.137178332     -0.07173128111        0.029744663     0.002742628791    2.202939752e-06   -0.0006731761355       -87.63517591        1.507157263                  0                  0                  0                  0                  0        64.11570301        19.60196457         82.6188756        81.97752632        7.235023846        7.890193842 "MONITOR"                            0                  0      0.02232858535       -1.543437216   -0.0003605148991      0.04669422926
 "BPM.28L8.B1"              18839.02951        32.88725411       0.5289905631        172.0144772       -2.405595903        43.10718356         41.6299973        1.076637361     -0.01283803609     -0.01448022282    0.0009741982343    1.920838988e-06    -0.002651876689       -24.60105646        1.289526888                  0                  0                  0                  0                  0        64.23703916        18.41049625        82.85266185        82.27140058        7.693515353        6.052134352 "MONITOR"                            0                  0     0.002921464737       -1.265609064    0.0004166662039     -0.01408470259
 "BPM.27L8.B1"                18892.481        172.8207164       -2.391714202        32.15019555       0.5153645556        43.24464852        41.74641608          2.1330354      0.06383750949      0.02969121386      0.00150316777   -1.165241924e-05   -0.0009016495297        15.81394977      -0.8025683141                  0                  0                  0                  0                  0        64.10376812        33.53336792        83.12191614         82.4844181      -0.3346795237        8.418761189 "MONITOR"                            0                  0      0.01568794315        -1.09888772   -0.0005024970573      0.04540963016
 "BPM.26L8.B1"              18945.93248        32.92388942       0.5286122626        172.4015399       -2.407970268        43.35913403        41.88611433        1.075427534        0.236065798     -0.01441942047     0.003331699581   -9.317254187e-06   -6.536293944e-05        29.78082354       -4.198877569                  0                  0                  0                  0                  0        71.40748654        35.08812604        83.36179582        82.76440663      -0.5029387028        11.15382441 "MONITOR"                            0                  0     0.008250242795      -0.4748119422    0.0004176354288    -0.002284952204
 "BPM.25L8.B1"              18999.38397        172.9838935       -2.392415575        32.06556349        0.516873009        43.49638897        42.00253925        2.133631878      0.07670329159      0.02972365927     -0.00330944909     -1.8934977e-05    0.0007452660378        85.24492278       -2.424409784                  0                  0                  0                  0                  0        71.74787965        20.35415783        83.64137183        83.02479354        7.857681815        9.297788966 "MONITOR"                            0                  0      0.01726605401      -0.8601673125   -0.0001234461277      0.01655315326
 "BPM.24L8.B1"              19052.83545        32.87709169       0.5289619169        172.0034958       -2.405572485        43.61091038        42.14271612        1.076973308    -0.005279192553     -0.01440206895    -0.001398555016   -2.324083216e-06     0.002657096335        22.45848184       -3.481392301                  0                  0                  0                  0                  0         64.1846834        18.83377216        83.86051217        83.30753772        7.985488463        7.840852987 "MONITOR"                            0                  0    0.0008023354156       -1.252326213    0.0001369228221     -0.01385053533
 "BPM.23L8.B1"              19106.28693        172.8665627       -2.392073191        32.15130686       0.5159720432        43.74834321        42.25909299        2.138520831      -0.0781063021       0.0297890064    -0.001405335753   -1.991419391e-06    0.0008420908356       -20.11764413      0.01986515316                  0                  0                  0                  0                  0        63.93886509        33.22921954        84.12976494        83.50454995     -0.05055040977        10.49510549 "MONITOR"                            0                  0      0.02490818031        -1.47926407   -0.0002339329068      0.03313040322
 "BPM.22L8.B1"              19159.73842        32.91354838       0.5287130526        172.3061268       -2.406761941        43.86283489        42.39884503        1.078282191      -0.2646984212     -0.01447670501    -0.003623591322      -1.542881e-07   -0.0001469648903       -31.66094009         3.91749879                  0                  0                  0                  0                  0          71.472328        34.78586759        84.36887045        83.78369693        0.114313345        12.81896884 "MONITOR"                            0                  0    -0.002246457899       -1.665566542    0.0002463279319     -0.01888276406
 "BPM.21L8.B1"               19213.1899        172.9484963       -2.392313685        32.06306431       0.5162570161        44.00014066         42.5153169        2.137014103      -0.0796669203      0.02973723758     0.003835337916    1.688703291e-06   -0.0008125515205       -87.07904626        3.001038134                  0                  0                  0                  0                  0        71.91030875        20.92663869        84.64843004        84.05740508        8.476369864        10.70414307 "MONITOR"                            0                  0      0.02193987044       -1.466687021   -0.0004783402672      0.05104953715
 "BPM.20L8.B1"              19266.64139        31.92289283       0.5171769277        173.0111679       -2.418839294        44.11673564        42.65496007        1.058062713      0.02732904617     -0.01482823312     0.001865373596    1.608905599e-06    -0.002653099611       -22.41681305        6.036138575                  0                  0                  0                  0                  0        64.18060317        19.48174849        84.87270321        84.34156567        8.173209257        9.683925209 "MONITOR"                            0                  0     0.008324038312       -1.096345357    0.0004946150833     -0.01107847238
 "BPM.19L8.B1"              19320.09287        174.4755415       -2.443672161         30.6988404       0.5022506503        44.25614107        42.77428749        2.084056338      0.09230772383      0.02909980452     0.001226882674   -1.191846069e-05   -0.0007463904556         22.1256387       0.3696436193                  0                  0                  0                  0                  0         63.6106211        32.42806523        85.14624346        84.53067455      0.08579857396        12.62854874 "MONITOR"                            0                  0       0.0148550476      -0.9607646177   -0.0005464378776      0.04633178288
 "BPM.18L8.B1"              19373.54435        32.92835402        0.538539788        173.2036791       -2.465797304        44.36993839         42.9180982        1.045754995       0.2895114357     -0.01399191962     0.003846740358   -9.237975211e-06    0.0004677495779        31.39928719       -5.593717544                  0                  0                  0                  0                  0        71.36819723        33.87801088        85.38197609        84.81577445        0.893805575        14.29989059 "MONITOR"                            0                  0      0.01409058725      -0.3840420056    0.0004784518461   -0.0005621411987
 "BPM.17L8.B1"              19426.99584        172.7545973       -2.389697783        32.08663373       0.5222390021        44.50733897        43.03411557        2.100987819      0.07647878515      0.02963065626    -0.004402407299   -1.914359265e-05    0.0009028362184        83.91307371       -4.351816245                  0                  0                  0                  0                  0        72.02499231         22.4966737        85.66152691        85.10506369        9.197983689        11.87986822 "MONITOR"                            0                  0      0.01871300758      -0.8740146304   -0.0001701097379      0.01853603893
 "BPM.16L8.B1"              19480.44732        31.92262447       0.5159885328          172.03962       -2.405629593        44.62401873        43.17423307        1.066061355      -0.0671690453     -0.01395391786    -0.002560560559   -2.253617205e-06     0.002596621245        19.62236826       -8.616800561                  0                  0                  0                  0                  0        64.13721374        21.35025365        85.88779297        85.39271783        8.253208824        11.61291595 "MONITOR"                            0                  0      0.00330359821       -1.309514072    0.0001692056682     -0.01387540374
 "BPM.15L8.B1"              19533.89881        174.7441534       -2.446659518        30.69287245        0.497148557        44.76324462        43.29394937        2.154008192       -0.111491299      0.03027522191   -0.0007781052855   -6.168816457e-07    0.0008743567931       -28.17795533      -0.8255273951                  0                  0                  0                  0                  0        63.38005661        31.90920182        86.16106951        85.56474741       0.2656941644        14.83720765 "MONITOR"                            0                  0      0.02425295078       -1.411090645   -0.0003405711507      0.04049506492
 "BPM.14L8.B1"              19587.35029         32.9074066        0.539806103        174.0632904       -2.477106215        44.87698187        43.43728489        1.078357239      -0.3099287795     -0.01479261424    -0.003886863364    6.971693691e-07     7.07804545e-05       -33.57795771        6.882460056                  0                  0                  0                  0                  0        71.71804722        33.27362112        86.39537735        85.84755816         1.70260533        15.68977528 "MONITOR"                            0                  0     0.005965122064       -1.488684969    0.0003831275892      -0.0159095601
 "BPM.13L8.B1"              19640.80177        172.4966422       -2.387030546        32.07105963       0.5270087373        45.01458237        43.55298656        2.134918159     -0.07338816115      0.02970071352       0.0048732125    3.185351855e-06   -6.828287978e-06       -85.01854372        5.468696427                  0                  0                  0                  0                  0         72.5221775        24.29202775        86.67524933        86.15115175        9.928920835        13.14361035 "MONITOR"                            0                  0      0.02408167889       -1.482144123   -0.0005240020729      0.05201683814
 "BPM.12L8.B1"              19694.25326         32.1071252       0.5168277521        171.0577452       -2.393450499        45.13095819        43.69369914        1.060075883       0.1026052302     -0.01474780107     0.003208314854    1.201344948e-06   -1.868188526e-05       -19.72311235        11.11520958                  0                  0                  0                  0                  0        64.25642699        23.49193709         86.9025127        86.44123861        8.350689337        13.73543124 "MONITOR"                            0                  0      0.01005746446       -1.172862012    0.0004971736855     -0.01062403427
 "BPM.11L8.B1"              19747.70474        167.8241702       -2.350275623         38.6463948       0.5747377918        45.27338155        43.79838643        2.015549075       0.1267800721      0.02775907858     0.000297184071    4.354538495e-07   -5.551897362e-06        30.51299128        1.707585073                  0                  0                  0                  0                  0        63.39289913        30.93341276        87.18280958        86.57060793       0.4144969294        16.63551059 "MONITOR"                            0                  0      0.02714622364       -1.588365712   -0.0003426619331      0.03751451651
 "BPM.10L8.B1"              19799.54543        38.80968423       0.5796416479        166.8282785       -2.170045308        45.37625449        43.91883345       0.9155672502       0.3118189283     -0.01683478215      0.00373572013   -7.514618608e-07    2.081718877e-06        35.40349308       -6.476558929                  0                  0                  0                  0                  0        70.80464386        32.79064623        87.39171062        86.81091485        2.013252358        17.69548814 "MONITOR"                            0                  0    -0.001471490792       -1.672186099    0.0002686833997     -0.01698350672
 "BPM.9L8.B1"               19838.61242        114.4579228       -1.720069691        57.99290621         1.05505993         45.4848038        43.97880553        1.252378731       0.1593519604      0.01645919034    -0.004570775254   -2.456400143e-06    5.264324556e-06         70.1779543       -5.843636363                  0                  0                  0                  0                  0        71.99958066        33.95478457        87.60800736        86.93283341        9.048932152        16.27649319 "MONITOR"                            0                  0      0.03032473878       -1.862846388   -0.0004225205557      0.04159543077
 "BPM.8L8.B1"               19879.07741        14.73955638       0.2397907944        188.3739636       -2.683500052        45.64915434        44.05117484       0.3116229207       0.1812632886     -0.02174690936      0.00107944473   -7.530998667e-07    1.641358101e-05        11.08482254       -13.11850126                  0                  0                  0                  0                  0        72.23947998        32.58504702        87.94217445        87.07536861        7.290168623        13.85637872 "MONITOR"                            0                  0     -0.05079508178       -1.019369046   -0.0003487806322     -0.01633654436
 "BPM.7L8.B1"                19918.1454        157.6492203       -3.551733123        31.02531028        1.122200185         45.8227759        44.12801163     -0.07800509877      0.01182995355    -0.003354171032     -0.00480799161    5.369079834e-07    8.155379651e-06       -49.66322704       -5.064204979                  0                  0                  0                  0                  0        70.14074572        32.68013967        88.29505737         87.2167368      -0.3755134255        12.28899502 "MONITOR"                            0                  0     0.008995875422      -0.7383219556    0.0008439815206     -0.01654650371
 "BPMR.6L8.B1"               19950.6144        11.59667984       0.1769060142        62.05129212        1.596316966        45.95623499        44.25574242     -0.06491750756      -0.1265806135     -0.00158891407    0.0009104555483    7.137537878e-07     9.24570419e-06       -22.80938988       -3.142493406                  0                  0                  0                  0                  0        65.60692408        33.40456776        88.56124976        87.47497245         6.56809847        14.29210181 "MONITOR"                            0                  0     -0.04482109061      -0.3359204646     0.001406073898   -4.352423335e-05
 "BPM.5L8.B1"                20011.0334        259.7457144        1.310045242        92.65536233        -3.84798991        46.20414531        44.58705208      -0.1455794453     -0.07933816056     0.001909835603   -0.0009056607041    2.154163029e-06   -0.0001801555904       -12.66218403         8.86929813                  0                  0                  0                  0                  0         62.4540194        29.66854752        89.04806987        87.14195386        2.743059052        12.56173834 "MONITOR"                            0                  0      -0.0204126358       -2.724173033   -0.0007945845317      -0.1292760808
 "BPMYB.4L8.B1"              20031.8004        209.8441635        1.092880117        326.0522456       -7.390844938        46.21832105        44.60611344      -0.1059173958     -0.09775023016     0.001909835603   -0.0009056607041    1.660701642e-06   -0.0005759409709       -2.789942804        16.42393302                  0                  0                  0                  0                  0        62.63709921        26.18379176        89.07613559        87.17642156         1.90959578        12.25236586 "MONITOR"                            0                  0     -0.03691377277       -4.642261084   -0.0007945845317      -0.1127749438
 "BPMWB.4L8.B1"              20060.9969         374.168421       -4.136370844        430.2635682      -0.6938446985        46.23615626        44.61764547     -0.08031004741     -0.07516322189     0.001502317381     0.001031663529    1.729940206e-06    -0.001917096736        10.76994901         18.5399734                  0                  0                  0                  0                  0        61.62918103        25.57030922        89.11078849        87.19954109       0.9686786633        12.12819311 "MONITOR"                            0                  0      0.06531345952       -6.941176494    0.0002658304761     -0.02098941695
 "BPMSX.4L8.B1"              20106.3649        849.1046952        -6.33215927        500.3069442      -0.8500491477        46.24898032        44.63323305     -0.01215323971     -0.02532105231     0.001502317381     0.001031663529    2.057179954e-06    -0.004954748717        31.78634408        19.33468718                  0                  0                  0                  0                  0        59.61320549        25.57714177         89.1341596        87.23168635       0.3969438894        12.02726821 "MONITOR"                            0                  0      0.07737365656       -11.40371241    0.0002658304761     -0.03304961399
 "BPMS.2L8.B1"               20144.3364        292.0288367       -4.682704719        785.1473687        50.50443376        46.25934451        44.64229859    -0.001786274171     0.008306444314   -4.972378727e-05    9.438896254e-05    9.407814409e-07    -0.007918309658        25.97523672        23.64171047                  0                  0                  0                  0                  0        47.09509036        3.554265931         89.1111446        87.25114729     -0.00332607289        12.00645427 "MONITOR"                            0                  0       0.1177517075       -8.358759989    -0.007424207995       0.5310449602
 "BPMSW.1L8.B1"              20154.2704        234.6363355        10.77180376        235.4542483        10.80802838        46.26468864        44.64642681     -0.00178529256     0.007427341654    5.869150521e-05    0.0004784305481    7.188931914e-07    -0.004341701435        26.63875592        12.79595991                  0                  0                  0                  0                  0         46.1615304        14.35700115        89.11717628        86.76887171      -0.1958803937        11.99840735 "MONITOR"                            0                  0      -0.1978259075       -4.091538626     0.008659854357        0.176710174
 "BPMSW.1L8.B1_DOROS"          20154.2704        234.6363355        10.77180376        235.4542483        10.80802838        46.26468864        44.64642681     -0.00178529256     0.007427341654    5.869150521e-05    0.0004784305481    7.188931914e-07    -0.004341701435        26.63875592        12.79595991                  0                  0                  0                  0                  0         46.1615304        14.35700115        89.11717628        86.76887171      -0.1958803937        11.99840735 "MONITOR"                            0                  0      -0.1978259075       -4.091538626     0.008659854357        0.176710174
 "BPMSW.1R8.B1"              20197.4604        234.5789837       -10.77047586        235.2289375       -10.80281165          46.735221        45.11705212    0.0007517032111      0.01940786354    5.869150521e-05    0.0004784305481   -1.390763387e-06     0.004341173184       -7.867551241       -13.67619518                  0                  0                  0                  0                  0        39.41609111        35.94959439        89.98116044         87.7164302       0.9273721623        11.94153542 "MONITOR"                            0                  0       0.1761932022       -4.069210615     0.008659854357      -0.1973089357
 "BPMSW.1R8.B1_DOROS"          20197.4604        234.5789837       -10.77047586        235.2289375       -10.80281165          46.735221        45.11705212    0.0007517032111      0.01940786354    5.869150521e-05    0.0004784305481   -1.390763387e-06     0.004341173184       -7.867551241       -13.67619518                  0                  0                  0                  0                  0        39.41609111        35.94959439        89.98116044         87.7164302       0.9273721623        11.94153542 "MONITOR"                            0                  0       0.1761932022       -4.069210615     0.008659854357      -0.1973089357
 "BPMS.2R8.B1"               20207.3944        782.3394989       -50.32663255          292.83925        4.692074696        46.73936433        45.12238213     0.001642981712      0.01769683999    0.0001188294392   -0.0006275011699    -2.37160324e-06     0.004828874857        -19.2443375       -15.11181593                  0                  0                  0                  0                  0        43.44690127        37.60575803        89.92210984        87.72751293       0.7621505817        11.97106068 "MONITOR"                            0                  0       0.5293680292       -8.327820359    -0.007343179228       0.1164160889
 "BPMSX.4R8.B1"              20245.2459        498.8936446       0.8443851724        853.3625631        6.355360414        46.74842258        45.13269288      0.01138682355      0.01963638995     0.001545699825   -0.0001811688896   -1.594782454e-06     0.007128353795       -23.84634758       -25.22657171                  0                  0                  0                  0                  0        57.17650719        56.83705319        89.88532308        87.74863297       0.3857883559        11.99372832 "MONITOR"                            0                  0     -0.03240141625       -11.41571839    0.0002601069187      0.07700361438
 "BPMWB.4R8.B1"              20290.6579        429.2840849       0.6884598854        376.1685154        4.152744222        46.76406536        45.14546311      0.08157954057       0.0155041854     0.001545699825   -0.0001811688896   -9.913289519e-07      0.00303332563       -35.57420066       -16.15947496                  0                  0                  0                  0                  0        57.27479054        58.93157632        89.91695111        87.77604858      -0.3567910619        11.92261194 "MONITOR"                            0                  0     -0.02058944086       -6.983822561    0.0002601069187      0.06519163899
 "BPMYB.4R8.B1"              20319.9304        325.4261922        7.372295463        210.7045532       -1.098847916        46.77565129        45.16326127      0.09098231475      0.01351231993    -0.001882813025    7.836305789e-05   -5.429585604e-07    0.0009129819529       -39.42881977       -11.35152262                  0                  0                  0                  0                  0        57.73691393        59.96645267        89.93902086        87.81257344       -0.966500324        11.61238708 "MONITOR"                            0                  0      -0.1134588059        -4.68979133   -0.0008123277399     -0.03775752225
 "BPMYB.5R8.B1"              20340.5074        94.04374786        3.872416804         260.362467       -1.314424857        46.79441495        45.17726153      0.05223913818      0.01568532302    -0.001882813025    7.836305789e-05   -1.000373571e-08    0.0003524567265       -28.26078408       -11.86208947                  0                  0                  0                  0                  0         59.9269204        59.90327645        89.96916433        87.84002784       -2.044400613        11.21176716 "MONITOR"                            0                  0      -0.1301740738       -2.788135949   -0.0008123277399     -0.02104225435
 "BPM.6R8.B1"                20424.6154        168.4859204        3.493581573        34.03132235        -1.31869455        47.19434481        45.40270604     -0.03669378556     0.001009558949    0.0003547502395   -0.0001285730793    1.897840857e-06   -6.716884414e-08       -15.43696101        2.628429579                  0                  0                  0                  0                  0        65.42792806        63.10003636        90.76042953        88.29187207        1.706934654        2.058344337 "MONITOR"                            0                  0     -0.01011068251      0.02540284784    -0.001324244174     -0.04358125409
 "BPM_A.7R8.B1"              20446.8554        51.85714916        1.750517851        132.4953445       -3.108644573         47.2325792        45.45643339     -0.02880292356    -0.001844205587    0.0003547502395   -0.0001285730793    6.811742642e-07   -5.767904083e-06        2.937275214        7.996082111                  0                  0                  0                  0                  0        66.96835718        63.10718081        90.83888463        88.40383629       0.8923462486        3.911422142 "MONITOR"                            0                  0     -0.03956187293     -0.06398818904    -0.001324244174     -0.01413006367
 "BPM.8R8.B1"               20488.29241        140.9291576       -2.087731984        8.574064507      -0.2055444145        47.33138949        45.70733062      0.09521984077    -0.002875446854     0.009064035787   -1.229043241e-05    -6.63668284e-07   -4.069954608e-06        49.84943456        1.795911276                  0                  0                  0                  0                  0        65.89589061        59.60508323        91.03561471        88.91200528       -4.917849161        8.904685362 "MONITOR"                            0                  0     0.006878458689      -0.6240264114     0.001500633231     -0.06718930296
 "BPM.9R8.B1"               20527.35742         15.6564862       0.4985412551        318.0375899       -7.549799148        47.46525339        45.86274109       0.4536825287    -0.007353406227        0.014790101   -0.0001237851839   -8.575883506e-07   -6.359953632e-06        26.10672681        -4.18732056                  0                  0                  0                  0                  0        66.75891241        52.79632896        91.29697397        89.22537122       -9.061776318        1.713494916 "MONITOR"                            0                  0     -0.08629075141       -1.543820014      -0.0018524726     -0.03863867165
 "BPM.10R8.B1"              20567.82043        158.5016459       -3.601697052         39.8928148        2.122638956         47.6569769        45.91260082        2.041259357   -0.0007220226551      0.04763135322    0.0001945527267   -2.373969868e-06    6.534233657e-07        31.60041168       -3.171467623                  0                  0                  0                  0                  0        70.07166948        48.15367138        91.67901198        89.31900968       0.7745399546        1.982038484 "MONITOR"                            0                  0    0.0001058956444      -0.5080757772    0.0009358445808     -0.01137137523
 "BPM.11R8.B1"              20619.65914         38.3687638       0.6075957096        85.43776781       -1.860590421        47.75894051        46.19405455        1.158136471     0.009131702933     -0.01708462765    0.0001903150755    -3.44680645e-07    1.319485507e-05       -7.259170992       -6.233618617                  0                  0                  0                  0                  0        70.81312094        47.25423849         91.8864587        89.87290795      -0.7151279025        7.919519979 "MONITOR"                            0                  0     -0.02211341655       -1.146342289   -0.0001281603518     -0.02809116117
 "BPM.12R8.B1"              20674.38266        165.8280232        -2.09200092         86.4960466      -0.2414554901        47.88832567        46.29641623        2.094277985     0.006889761686       0.0269641702   -5.175718081e-05    1.759869174e-06    8.440939591e-06        -65.0375913       -1.415760037                  0                  0                  0                  0                  0        69.81772389        44.98368204        92.14287338        90.09018906       -9.016520661        3.550059809 "MONITOR"                            0                  0       0.0283623962       -2.569194037    0.0003999166613     -0.01948407317
 "BPM.13R8.B1"              20727.83117        33.51441165       0.4910618769        571.6207975       -6.980766361        48.00466545        46.33781949        1.094646331       0.0130692438     -0.01322190221    0.0001251721309    1.385007534e-06    1.377842281e-05       -34.34929947        2.153563766                  0                  0                  0                  0                  0        75.96614841         38.1393067        92.38121825        90.15483211       -8.304517667         2.25407415 "MONITOR"                            0                  0     -0.09877963639       -2.341735927    -0.001167371039     -0.03247646836
 "BPM.14R8.B1"              20781.27969        171.4837238       -2.350792388        61.46502833        2.485976882        48.14070096        46.38059387        2.153090853     0.002334268315      0.02971393868    -0.000219509796    2.669350067e-06    1.517634602e-06       -40.16420077        2.546546231                  0                  0                  0                  0                  0        75.85124838        112.3379198        92.66119308        90.30120408       0.3844361749        2.493270209 "MONITOR"                            0                  0    -0.006973050322      -0.4972573142       0.0007721637     -0.01348708358
 "BPM.15R8.B1"              20834.72821         33.4099101       0.5253691514        53.62013652      -0.9307446709        48.25478233        46.61844225        1.092964485      -0.0069772222     -0.01447176819   -0.0001720643845    3.575300059e-07   -1.060628887e-05       -2.689342245        6.319265512                  0                  0                  0                  0                  0         46.2727889        103.0290719        92.83109233        90.78134147         1.34295264        18.06423679 "MONITOR"                            0                  0     -0.02659547192      -0.6869433537   -0.0001556420651      -0.0219926654
 "BPM.16R8.B1"              20888.17672        171.8731909       -2.360701283        60.29551525      -0.5686331884        48.39104983        46.78787901        2.146538981    -0.006103892144      0.02963657329    2.671423312e-05   -1.838348399e-06   -7.524172401e-06         34.5946674         1.49027316                  0                  0                  0                  0                  0        45.22151275        100.6197447         93.0999767        91.12302914       -4.248397583         4.51430064 "MONITOR"                            0                  0      0.02499673428       -2.125157523    0.0006626555299     -0.03722586651
 "BPM.17R8.B1"              20941.62524        33.57368318       0.5295464021         570.635747       -7.636944964        48.50463651        46.83780833        1.091119748     -0.01304843986     -0.01436842096   -0.0001386255358    0.0003118994441   -1.376880759e-05        22.26308557       -2.134131096                  0                  0                  0                  0                  0        50.83323236        92.65247132        93.34150379        91.22023279       -5.021118354         2.16466645 "MONITOR"                            0                  0      -0.1012559465       -2.340053995    -0.001318641436     -0.03519609644
 "BPM.18R8.B1"              20995.07375        171.7503138       -2.354631939        60.63678262        2.475866893        48.64055795        46.88087161        2.149731603    -0.002225398793       0.0297481991    0.0002214045079     0.001117395693   -1.487448752e-06        38.46091841       -2.463524128                  0                  0                  0                  0                  0        49.84754009        170.0255327        93.62478886        91.31754352       0.6401883114        3.260671226 "MONITOR"                            0                  0    -0.006912930497      -0.4952408574    0.0007713205893     -0.01337542221
 "BPM.19R8.B1"              21048.52227        32.78172063       0.5205282502        54.26147953      -0.9623184905        48.75578697        47.12180718        1.084714955     0.007338760509     -0.01459374214    0.0001769439087    0.0003797747959    1.071460387e-05       -6.061596762       -6.064984595                  0                  0                  0                  0                  0         32.0945732        161.2104295        93.72430006        91.80305577        3.222486763        26.77463244 "MONITOR"                            0                  0     -0.02653019004      -0.6828703674   -0.0001556370908     -0.02189026754
 "BPM.20R8.B1"              21101.97079         171.573407       -2.376155511        60.94556989      -0.5542725461        48.89398795        47.28805865        2.120886224     0.006215968982      0.02929333976   -3.190669454e-05     2.47049978e-05    7.554750295e-06       -67.57955358       -1.411106866                  0                  0                  0                  0                  0        31.85029499        159.0324492        93.99337932        92.13763437       0.5457556643        5.106707831 "MONITOR"                            0                  0      0.02492593898       -2.117356927    0.0006621077573     -0.03719734668
 "BPM.21R8.B1"               21155.4193        34.22154881       0.5350469435        568.7787773       -7.589325599        49.00638692        47.33779566        1.083638409      0.01301856026     -0.01400407309    0.0001361050175   -0.0003154729527    1.374899595e-05       -34.56888936         2.11418122                  0                  0                  0                  0                  0        33.92019641        151.0080863        94.25062893         92.2362509       -1.757869459        2.073443486 "MONITOR"                            0                  0      -0.1009182456       -2.336387031    -0.001314807854     -0.03513973235
 "BPM.22R8.B1"              21208.86782        171.5932005       -2.332424393        61.45809348        2.478703892        49.14059298        47.38065317        2.149354893     0.002172101279      0.02983310162   -0.0002216802723    -0.001117144185    1.513262329e-06       -40.13419627        2.399406241                  0                  0                  0                  0                  0        31.03616671        228.1085935        94.53140343        92.32482645       0.8879928733        3.988311171 "MONITOR"                            0                  0      -0.0069883914      -0.4997641418    0.0007683986086     -0.01344812482
 "BPM.23R8.B1"              21262.31633        33.40369477       0.5248991154        53.59317292      -0.9282402097        49.25471244        47.61819204        1.111368008    -0.007495239381     -0.01401789124   -0.0001789736642   -0.0003826489814   -1.060009916e-05       -2.703141973        5.839529483                  0                  0                  0                  0                  0        40.75520249        219.3384457         94.5947229        92.80294994        5.081284458         35.7187632 "MONITOR"                            0                  0     -0.02660067393      -0.6861247469   -0.0001550180168     -0.02196705536
 "BPM.24R8.B1"              21315.76485        171.8756343       -2.360809006        60.24509704      -0.5694051595        49.39098686        47.78783651        2.215400029    -0.006270831143      0.03061387787    3.401377768e-05    -3.53927606e-05   -7.523345045e-06        34.50533396        1.340034163                  0                  0                  0                  0                  0        41.71930901        217.1492842        94.86291076        93.14379994        5.517912123        5.732616333 "MONITOR"                            0                  0      0.02499008638       -2.124335592    0.0006632279676     -0.03726306445
 "BPM.25R8.B1"              21369.21337        33.57676571       0.5295952463          570.66566       -7.638840609        49.50456629        47.83778606        1.115692773     -0.01302950894     -0.01529489756   -0.0001353545307    0.0003117323851   -1.377372643e-05        22.15633832       -2.100774305                  0                  0                  0                  0                  0        37.84201844        208.9394521        95.11508322        93.24328911        1.535039434          1.9890128 "MONITOR"                            0                  0      -0.1012438978       -2.340866773    -0.001318692845      -0.0352119525
 "BPM.26R8.B1"              21422.66188        171.7480126       -2.354509382        60.68656276        2.476634572        49.64048056        47.88083007        2.155391348    -0.002067494315      0.02942528617    0.0002239682854     0.001117376968   -1.491043311e-06        38.30409957       -2.312049861                  0                  0                  0                  0                  0        34.07650527         288.479747        95.38403947        93.32979209         1.17998905        4.784098397 "MONITOR"                            0                  0    -0.006906542189      -0.4960508593    0.0007707316234     -0.01333761654
 "BPM.27R8.B1"               21476.1104        32.77870947       0.5204782633        54.22514551      -0.9603242546        49.75571699        48.12155757        1.066661119     0.007863270497     -0.01504381154    0.0001840396895      0.00037990898    1.070783554e-05       -6.083219159       -5.577700849                  0                  0                  0                  0                  0        63.24029998        279.9488034        95.53764097        93.81371812        7.032746071        44.49098314 "MONITOR"                            0                  0     -0.02654116988      -0.6820349594   -0.0001555687302      -0.0218740393
 "BPM.28R8.B1"              21529.55891        171.5764082       -2.376287338        60.89441557      -0.5550588794        49.89392496        48.28801616        2.052028513     0.006385868408      0.02831539504   -3.928923832e-05    2.518989847e-05    7.553912115e-06       -67.48986161       -1.257612741                  0                  0                  0                  0                  0        64.46732033        277.9484777        95.81193182        94.14790182        10.34077494        6.334707852 "MONITOR"                            0                  0       0.0249196253        -2.11654171    0.0006626872178     -0.03723489977
 "BPM.29R8.B1"              21583.00743        34.22463053       0.5350985559        568.8084714       -7.591229237        50.00631662        48.33777343        1.059031384      0.01300085011      -0.0130776359    0.0001328033674   -0.0003153057939     1.37538969e-05       -34.43787808        2.082804221                  0                  0                  0                  0                  0         59.1562652         269.983231        96.04739691         94.2472808        4.692610655        1.891959274 "MONITOR"                            0                  0      -0.1009070107       -2.337212521     -0.00131487323     -0.03515577495
 "BPM.30R8.B1"              21636.45594        171.5909412       -2.332304737        61.50803327        2.479459849        50.14051583        48.38061195        2.143712238     0.002015873942      0.03015710157   -0.0002242305786    -0.001117125576    1.516857709e-06       -39.89187433        2.249545241                  0                  0                  0                  0                  0         56.0881119        345.4971963        96.30995102        94.33238447        1.393466324        5.475843947 "MONITOR"                            0                  0    -0.006982014365       -0.500577389    0.0007678208656     -0.01341074768
 "BPM.31R8.B1"              21689.90446        32.75953064       0.5182862097        53.65380753      -0.9230793358        50.25592838        48.61714817        1.117526892      -0.0080116028     -0.01381196035   -0.0001859399008   -0.0003796864056   -1.059110629e-05        8.998356743        5.359703445                  0                  0                  0                  0                  0        54.27987889        344.4813749        96.53904955        94.80464283        6.434216565        55.01782172 "MONITOR"                            0                  0     -0.02693728505      -0.6724056578   -0.0001603731431     -0.02174767888
 "BPM.32R8.B1"              21743.35298        171.7856127       -2.379353531        59.89345661       -0.568447863        50.39405895        48.78747602        2.241879439     -0.00643713169      0.03100378233    4.129951539e-05   -2.485663365e-05   -7.520946895e-06        75.87309706        1.189937672                  0                  0                  0                  0                  0        55.53909185        342.3076772        96.81298536        95.14631463        9.198099864        7.629521345 "MONITOR"                            0                  0      0.02466250537       -2.101189546    0.0006719441012     -0.03787744798
 "BPM.33R8.B1"              21796.80149        34.23586969       0.5364584457         568.769336       -7.618826362        50.50634554         48.8376634        1.125824652     -0.01300960061     -0.01563887914   -0.0001320758792    0.0003153233113   -1.377587635e-05        36.16703651       -2.067250861                  0                  0                  0                  0                  0        49.63735999        334.0819344        97.05146648        95.24650283        4.404097912        2.005124028 "MONITOR"                            0                  0      -0.1009739801       -2.333729225    -0.001319073721     -0.03522180511
 "BPM.34R8.B1"              21850.25001        171.9284963       -2.337250515        60.67438677        2.470020298        50.64041091        48.88078526        2.159928173    -0.001910398825      0.02933350286    0.0002264957093     0.001117653785   -1.494112464e-06          39.133637       -2.160541495                  0                  0                  0                  0                  0        46.37846556        414.0679832        97.31207076        95.33241961        1.695037049        6.303907086 "MONITOR"                            0                  0     -0.00694551528      -0.4967173668    0.0007680872203     -0.01338137727
 "BPM.33L1.B1"              21903.69852        32.77888689       0.5204999006        54.19380239       -0.958537088        50.75564346        49.12132942        1.072459441     0.008392877971     -0.01500472347    0.0001912609278    0.0003800518032    1.070181104e-05       -6.052849032       -5.068197459                  0                  0                  0                  0                  0        44.55946864         413.009586         97.5405058        95.81280902        5.842262049        65.10720831 "MONITOR"                            0                  0      -0.0265527109      -0.6812942654   -0.0001555331194     -0.02185941869
 "BPM.32L1.B1"              21957.14704        171.5731021       -2.376239345         60.8469269      -0.5557415207        50.89385274        49.28797491         2.06810661     0.006559684554      0.02851610043   -4.670236084e-05    2.569631586e-05    7.553229317e-06       -67.08321608       -1.089654589                  0                  0                  0                  0                  0        45.77737351        410.9857731        97.81389699        96.14696298        8.042692954        8.761527913 "MONITOR"                            0                  0      0.02491305486       -2.115756361    0.0006632219062     -0.03726910856
 "BPM.31L1.B1"              22010.59556        34.22392954       0.5350725922        568.8222604       -7.592780468        51.00624701        49.33775165        1.063393562      0.01297455843     -0.01331974666    0.0001292444007   -0.0003151335741    1.375850689e-05       -31.90861664        2.062042256                  0                  0                  0                  0                  0        47.54920099        405.9331961        98.04051563        96.24704198        3.582015122        2.133279276 "MONITOR"                            0                  0      -0.1008881945       -2.338291546    -0.001314761474     -0.03517780011
 "BPM.30L1.B1"              22064.04407        171.5940151       -2.332365241        61.55208609        2.480083683        51.14044647        49.38057392        2.140257168      0.00184762104      0.03001598061   -0.0002268364576    -0.001117114272    1.520149245e-06       -31.36934529         2.08990037                  0                  0                  0                  0                  0        44.58272807        481.7185005        98.30102966        96.33231454       0.6366968571        7.126478234 "MONITOR"                            0                  0    -0.006963270208      -0.5022440648    0.0007671704466     -0.01336839085
 "BPM.29L1.B1"              22117.49259        33.40139027       0.5248771884        53.53279724      -0.9245750229        51.25457039         49.6177125        1.123593816    -0.008562665013     -0.01360734369   -0.0001933527993   -0.0003829263565   -1.058730794e-05       0.2234392811        4.829642222                  0                  0                  0                  0                  0        79.33700012        473.1540201        98.50015654        96.80811747        6.858241451        74.66849425 "MONITOR"                            0                  0     -0.02664596351      -0.6851412089   -0.0001551269839      -0.0219416308
 "BPM.28L1.B1"               22170.9411         171.874815       -2.360868015        60.14799855      -0.5708381845        51.39085156         49.7877527        2.268066816    -0.006613652422      0.03138948758    4.909246817e-05   -3.638461014e-05   -7.521846184e-06        34.54206969        1.018203906                  0                  0                  0                  0                  0         80.7621229        471.0087383         98.7719054        97.14895934        12.95271472        9.406901346 "MONITOR"                            0                  0      0.02497603874       -2.122730732    0.0006644862276     -0.03733248966
 "BPM.27L1.B1"              22224.38962        33.57828504       0.5296087122        570.7118781       -7.642319719        51.50442815        49.83774187        1.135870478     -0.01296647091      -0.0159782531   -0.0001281507385    0.0003113930176   -1.378332541e-05        22.38433891       -2.033311339                  0                  0                  0                  0                  0        82.35448675        465.9251967        99.00094305        97.24942517        6.391113152        2.086441367 "MONITOR"                            0                  0      -0.1012213262       -2.342293085    -0.001318796872     -0.03524075484
 "BPM.26L1.B1"              22277.83814        171.7485206       -2.354469901        60.78088448        2.478051752        51.64033798        49.88074986        2.164468662    -0.001729834068      0.02924334094    0.0002289923131     0.001117346333   -1.497968555e-06        39.44427597       -1.990881274                  0                  0                  0                  0                  0         79.9571849        546.8461787        99.26678601        97.33476507      -0.4458753052        8.100421095 "MONITOR"                            0                  0    -0.006895300149      -0.4975197706    0.0007696679464     -0.01327052222
 "BPM.25L1.B1"              22331.28665        32.77721304       0.5204631071         54.1572194      -0.9565254744        51.75557742        50.12107727        1.054403395     0.008958635412      -0.0154547028    0.0001987203156    0.0003801858545    1.069493656e-05        -5.68165894       -4.540993013                  0                  0                  0                  0                  0        116.2920541        538.4043078        99.48766444          97.816775        8.043903582        83.77415808 "MONITOR"                            0                  0     -0.02656384899      -0.6804620177   -0.0001554912008     -0.02184381919
 "BPM.24L1.B1"              22384.73517        171.5763086       -2.376332454        60.79562541      -0.5565407394        51.89378975        50.28793234        1.999248763     0.006733243596      0.02753819174   -5.484622427e-05    2.618122381e-05    7.552379201e-06       -67.43291579      -0.9304612732                  0                  0                  0                  0                  0        117.7107788        536.4736413        99.76344639        98.15115985        17.83607566        10.00342036 "MONITOR"                            0                  0      0.02490621215       -2.114941032    0.0006637931959     -0.03730669003
 "BPM.23L1.B1"              22438.18368        34.22606984       0.5351139547        568.8542983       -7.594725876        52.00617858        50.33772933        1.038796429      0.01293887631     -0.01239310738    0.0001255700826   -0.0003149662724    1.376346018e-05       -34.71074456        2.018651501                  0                  0                  0                  0                  0        111.5400726        528.5804816        99.99120976        98.25075255        9.455694485        1.984899884 "MONITOR"                            0                  0      -0.1008859274       -2.338660842    -0.001315003469     -0.03518491807
 "BPM.22L1.B1"               22491.6322        171.5915394       -2.332270487        61.60261107        2.480854147        52.14037375        50.38053236        2.134649607     0.001679091075      0.03034046675   -0.0002292545875    -0.001117095176    1.523783265e-06       -40.98714141         1.92962302                  0                  0                  0                  0                  0         109.400366        602.6748622        100.2553627        98.33560484      -0.2587994437        8.744534717 "MONITOR"                            0                  0    -0.006970792572      -0.5020514948    0.0007667780184     -0.01334446213
 "BPM.21L1.B1"              22545.08071         33.3992991       0.5248383779         53.5004489       -0.922635574        52.25450301        50.61746037        1.141665152    -0.009102197535     -0.01315807725   -0.0002005417439   -0.0003830605225   -1.058048313e-05       -2.999132702        4.325677168                  0                  0                  0                  0                  0        145.5532454        594.2114971        100.4788737        98.81071418        9.752034728        92.87159726 "MONITOR"                            0                  0     -0.02663495015      -0.6837603527   -0.0001548875062     -0.02192107585
 "BPM.20L1.B1"              22598.52923        171.8773173         -2.3609635        60.09751293       -0.571610356        52.39078859        50.78771008        2.336896001    -0.006782738241      0.03236654897    5.679262229e-05   -3.686969026e-05   -7.521010928e-06        34.50165411        0.862833294                  0                  0                  0                  0                  0        147.0206339        592.0675312         100.751213        99.15183961        22.71686615        10.64031033 "MONITOR"                            0                  0      0.02496992967       -2.121902418    0.0006648935928     -0.03737063566
 "BPM.19L1.B1"              22651.97775        33.58136804       0.5296576125        570.7410755       -7.644206121        52.50435793         50.8377196        1.160461744     -0.01294818092     -0.01690437615   -0.0001248858273    0.0003112257535   -1.378823477e-05        22.28083462       -2.006910825                  0                  0                  0                  0                  0        139.4015075        583.6655797        100.9802733        99.25181042        12.95552583        1.910431119 "MONITOR"                            0                  0      -0.1012091941       -2.343104035     -0.00131884695     -0.03525659823
 "BPM.18L1.B1"              22705.42626         171.746213       -2.354347262        60.83066786        2.478815203        52.64026059        50.88070842        2.170192123    -0.001572002005      0.02892130603    0.0002315676431      0.00111732689   -1.501562159e-06        38.94671341       -1.840449286                  0                  0                  0                  0                  0        137.3863667        666.2181452        101.2481733         99.3369336      0.09609630084        9.611582342 "MONITOR"                            0                  0    -0.006888871697      -0.4983319291    0.0007690789346     -0.01323274864
 "BPM.17L1.B1"              22758.87478        32.77420266       0.5204130806         54.1216254      -0.9545407798        52.75550744        51.12082717        1.036370643     0.009483633212      -0.0159056615    0.0002058265237    0.0003803198009    1.068816061e-05       -5.903884396       -4.049283212                  0                  0                  0                  0                  0        174.1760183        657.8186769        101.4761837        99.81830548        11.84619961        101.5671132 "MONITOR"                            0                  0     -0.02657492908      -0.6796287825   -0.0001554243667     -0.02182761024
 "BPM.16L1.B1"              22812.32329        171.5793205       -2.376464409        60.74447326      -0.5573227727        52.89372676        51.28788975        1.930390448     0.006903488626      0.02655986729   -6.223214541e-05    2.666613042e-05    7.551535754e-06       -67.64222525      -0.7733764962                  0                  0                  0                  0                  0        175.6188505        655.9477685        101.7522473        100.1529856        27.63031971         11.2435363 "MONITOR"                            0                  0      0.02489986001       -2.114123954    0.0006643729124      -0.0373442196
 "BPM.15L1.B1"              22865.77181        34.22915156       0.5351656196        568.8832828       -7.596620399        53.00610828         51.3377071        1.014170907       0.0129217981     -0.01146700218    0.0001222742667   -0.0003147989045    1.376835172e-05       -34.58947675        1.994533757                  0                  0                  0                  0                  0        169.5669167        648.1538208        101.9785137        100.2526566        15.91459942        1.803062867 "MONITOR"                            0                  0        -0.10087461       -2.339484516    -0.001315067538     -0.03520094857
 "BPM.14L1.B1"              22919.22033        171.5892736       -2.332150761        61.65255226         2.48160589         53.1402966        51.38049124        2.128943762     0.001522940291      0.03066360288   -0.0002318161625    -0.001117075851     1.52737764e-06       -40.42991954        1.780874243                  0                  0                  0                  0                  0        167.6704484        720.5592926        102.2440747        100.3374114       0.2488284622         10.2200508 "MONITOR"                            0                  0    -0.006964375732      -0.5028668797    0.0007662002261     -0.01330711669
 "BPM.13L1.B1"              22972.66884        33.39629273       0.5247901829        53.46879875      -0.9207148059        53.25443303        51.61720962        1.159706218    -0.009620467873     -0.01270745719   -0.0002075476622   -0.0003863134016    -1.05737239e-05        -2.75107306          3.8393682                  0                  0                  0                  0                  0        203.9176721         712.155435        102.4709902         100.811908        13.47834306        110.6189475 "MONITOR"                            0                  0       -0.026646263      -0.6829419281   -0.0001548262847     -0.02190501963
 "BPM.12L1.B1"              23026.11736        168.3578225       -2.314921486        61.90342301      -0.5724797748        53.39256086         51.7835022        2.365030637      -0.0072618076      0.03257020518    5.819063519e-05   -3.523867793e-05   -7.863027584e-06        34.85085406       0.8316774467                  0                  0                  0                  0                  0         205.323602        709.9362639         102.747107        101.1450177        32.48956963        13.63342797 "MONITOR"                            0                  0      0.02406712702        -2.09451427    0.0006576453886     -0.03738550455
 "BPM.11L1.B1"              23079.56587        37.63021819       0.5479514155        565.6076934       -7.510857439        53.50002717        51.83295746        1.241904662     -0.01374131692     -0.01593478357   -0.0001313637085   -1.477082481e-06   -1.468974051e-05        23.34532689       -1.583031686                  0                  0                  0                  0                  0        197.4817893        701.5684728        102.9631667          101.24378        20.33717437        1.769653086 "MONITOR"                            0                  0     -0.09604300022       -2.460958996    -0.001243261258     -0.03683469044
 "BPM.10L1.B1"              23132.34658        150.2210935       -1.926860587        157.6173207        2.865156793        53.63132517        51.85992203        1.967018655    -0.004475777471      0.02191674966    0.0001887634288   -2.590033308e-06    -4.79604895e-06        38.49576901       -1.905308673                  0                  0                  0                  0                  0        195.9131522        791.2540154        103.2215682        101.2978531       0.7463854566        4.536510853 "MONITOR"                            0                  0     -0.01668059595      -0.5429796304    0.0005651211309     -0.01002828262
 "BPM.9L1.B1"                23171.4116        21.26768986       0.7040515526         340.454215       -3.478381387        53.73917879        51.88950397       0.6237032131    -0.001870283085     -0.03367997513    5.629879074e-05   -3.758806465e-07   -2.051137638e-06         6.95423233       -4.415631341                  0                  0                  0                  0                  0        194.1190368        790.7480587        103.4360453        101.3572588        9.848932128        15.39503226 "MONITOR"                            0                  0     -0.06441321274       0.7206278036   -0.0009048813423     0.002762719697
 "BPM.8L1.B1"               23211.87461        118.3237771       -2.532817174        3.646252438     -0.06418393582        53.92347928        52.13566039       0.1558730412     0.002646943282     -0.00359130945    0.0001173458841    1.993539161e-06    2.812508382e-06          -25.60441      -0.8746354331                  0                  0                  0                  0                  0        194.9852458        782.2618435         103.802751        101.8504684        30.36180975        114.0458499 "MONITOR"                            0                  0    -0.003775076532      0.01148276639     0.002840537017      -0.1342342008
 "BPMR.7L1.B1"              23250.94062        30.42943195       0.6299754851        553.3213529       -14.04748582        54.02224928        52.34411071     -0.01286033489      0.01147631946     0.001248632018    0.0002361439147    1.365363574e-06    1.227811196e-05       -19.39814485        2.403070365                  0                  0                  0                  0                  0        196.4286519        769.0870648         104.000704        102.2681533        15.48552117        1.898541183 "MONITOR"                            0                  0      -0.1144754809        -2.04452566    -0.002894633015     -0.05583972449
 "BPM.6L1.B1"               23294.12462        223.5016766       -3.773776008        3.878136489      -0.9615339338        54.13075713        52.70802775      0.02404203965    -0.002544804086    0.0007847824759   -0.0003889770014    -4.89783891e-05   -2.732790663e-06       -49.30468565       0.6356028205                  0                  0                  0                  0                  0        193.7048922        750.2936241        104.2185836        101.9960646       0.1899200458        62.68046031 "MONITOR"                            0                  0     0.009103172626      -0.4280871354    0.0009870377181     0.005667220946
 "BPMR.5L1.B1"              23326.02462         557.031157       -9.867511497        547.6760066        -12.8449106        54.14545398        52.82670561      0.05039782637     -0.01463760023     0.001122243931   -0.0002912627359   -0.0003220837829   -1.568014315e-05       -74.20374828       -1.055044133                  0                  0                  0                  0                  0        191.3248383        735.0827413        104.2485914        102.2335044      -0.1176764127        1.811464998 "MONITOR"                            0                  0      0.04973427272       -1.540423248      0.00081471867     -0.01570111911
 "BPMYA.4L1.B1"             23347.14262        1052.550523       -13.59680171        1225.359913       -19.24543441          54.149844        52.83080886      0.07431793027     -0.02078191146     0.001122243931   -0.0002912627359   -0.0005426398651   -2.225535574e-05       -100.3454267        -2.05281243                  0                  0                  0                  0                  0        187.6680422        728.6913766        104.2579826         102.241784      -0.1051220386        1.574116137 "MONITOR"                            0                  0       0.0669395016       -3.285627876      0.00081471867     -0.03290634799
 "BPMWB.4L1.B1"             23368.27512        1313.820509       -5.271479358        2721.943456       -44.38690908        54.15265066        52.83268523      0.07912215329     -0.03020480079   -0.0006386170692   -0.0004690030695   -0.0009706012631   -3.234528174e-05       -110.8627917       -3.379131806                  0                  0                  0                  0                  0        186.8844899        714.5762227        104.2638285        102.2455976     -0.07189444841        1.518379103 "MONITOR"                            0                  0      0.05588635995       -5.779352372    0.0008582757184     -0.08027271748
 "BPMSY.4L1.B1"             23460.99512        2479.741264       -7.303164143        17178.86574       -111.5325176        54.16082991        52.83484333       0.0378523653     -0.07364419302    0.0004904340604    -0.000468998856    -0.003544174807   -7.886229176e-05       -146.9828027       -9.409001852                  0                  0                  0                  0                  0        185.0688544        647.4456832        104.2809731        102.2502012       0.1328908755        1.495775288 "MONITOR"                            0                  0       0.1354655875       -25.78259648    0.0008582679835      -0.1598505539
 "BPMS.2L1.B1"              23487.84062        3882.812377         249.102636        4891.794013       -74.81530921        54.16197795        52.83534062      0.05614415351     -0.03909390284    -0.003435136438   -0.0005835670872    -0.004713790675   -4.178720394e-05       -182.9657511       -5.200670575                  0                  0                  0                  0                  0        80.60865576        322.8930652        104.3291287        102.2510654       0.1746639739        1.496014054 "MONITOR"                            0                  0        -1.10740508       -17.65690971     -0.01580267073      -0.2523922486
 "BPMWF.A1L1.B1"            23497.60362        1182.605851         54.3165595        3951.161871        181.5256654        54.16278868         52.8356547      0.03038410139     -0.03501501969     -0.00128616616     0.001624388619     -0.00260568991   -3.738727158e-05       -100.5518998       -4.772748226                  0                  0                  0                  0                  0        41.15025305        296.3820102        104.5693913        102.2517154       0.2044845808        1.496579295 "MONITOR"                            0                  0      -0.3684776246       -8.922137553      0.01742900506       0.4207307103
 "BPMSW.1L1.B1"             23497.79062        1162.378726        53.84988586        3883.562912        179.9660912        54.16281407         52.8356623      0.03012120271     -0.03471158425     -0.00128616616     0.001624388619    -0.002583304352     -3.7062037e-05       -99.67527835       -4.734356414                  0                  0                  0                  0                  0        41.33377431        294.8225691         104.571097        102.2517304       0.2054061961        1.496596011 "MONITOR"                            0                  0      -0.3652184007        -8.77516507      0.01742900506       0.4174714863
 "BPMSW.1L1.B1_DOROS"         23497.79062        1162.378726        53.84988586        3883.562912        179.9660912        54.16281407         52.8356623      0.03012120271     -0.03471158425     -0.00128616616     0.001624388619    -0.002583304352     -3.7062037e-05       -99.67527835       -4.734356414                  0                  0                  0                  0                  0        41.33377431        294.8225691         104.571097        102.2517304       0.2054061961        1.496596011 "MONITOR"                            0                  0      -0.3652184007        -8.77516507      0.01742900506       0.4174714863
 "BPMSW.1R1.B1"             23540.93362        1160.958342       -53.81696318        3878.346778       -179.8451878        54.65690188          53.333893     -0.03053247487      0.03529437849     -0.00128616616     0.001624388619     0.002581295338    3.797323283e-05        102.5711313        4.123065651                  0                  0                  0                  0                  0         129.739652        64.95806395        105.6968827        102.7484046     -0.02472831651        1.494953509 "MONITOR"                            0                  0       0.3867211648        -7.44850395      0.01742900506      -0.3344680792
 "BPMSW.1R1.B1_DOROS"         23540.93362        1160.958342       -53.81696318        3878.346778       -179.8451878        54.65690188          53.333893     -0.03053247487      0.03529437849     -0.00128616616     0.001624388619     0.002581295338    3.797323283e-05        102.5711313        4.123065651                  0                  0                  0                  0                  0         129.739652        64.95806395        105.6968827        102.7484046     -0.02472831651        1.494953509 "MONITOR"                            0                  0       0.3867211648        -7.44850395      0.01742900506      -0.3344680792
 "BPMWF.A1R1.B1"            23541.06662        1175.317799       -54.14887544        3926.333123       -180.9544037           54.65692        53.33389843     -0.03071945628      0.03551019086     -0.00128616616     0.001624388619     0.002597216617    3.820454941e-05        103.1946108        4.150371057                  0                  0                  0                  0                  0        130.0569619        66.06718454        105.6970376        102.7484126     -0.02397606524        1.494951638 "MONITOR"                            0                  0       0.3890392225       -7.544730421      0.01742900506      -0.3367861368
 "BPMS.2R1.B1"              23550.89862        1464.064356        22.40510377        12974.85231       -832.4352236        54.65797864        53.33414385     -0.03335498344      0.06438438022    0.0006424701083     0.004125601124     0.002891188459    6.921308569e-05        114.5823785        7.685642506                  0                  0                  0                  0                  0        137.8092915        360.3456956        105.7019382        102.7493683      0.01929922174        1.494935636 "MONITOR"                            0                  0      -0.1748048718       -15.83042924     -0.01111113168       -1.008942771
 "BPMSY.4R1.B1"             23577.62412        5148.520297        33.40452249        8292.901487        24.40614313        54.65963669        53.33448508     -0.06038972155      0.05140379878     0.000558964834   -0.0001552731359     0.005182187398    5.507011035e-05        213.1187494        6.409995041                  0                  0                  0                  0                  0        232.7206248        728.7052038        105.7232603        102.7503787      0.08389201021        1.494628669 "MONITOR"                            0                  0      -0.1334520298       -24.99574645    0.0004953799836       0.0892325475
 "BPMWB.4R1.B1"             23670.46412         815.735586        13.26485927        4381.252154        17.72671198        54.66684922        53.33693652     -0.09375668396      0.03700441917   -0.0005700862979   -0.0001552762193     0.001127038583    3.864571629e-05        81.59701511         6.05390206                  0                  0                  0                  0                  0        252.3713987        735.3640453        105.7405604        102.7553968       0.2711853938        1.459487844 "MONITOR"                            0                  0     -0.08746031458       -8.591463511    0.0004953878976        0.043242231
 "BPMYA.4R1.B1"             23691.59662        368.8267528        5.719444302        3503.497531        45.45957428        54.67309818         53.3377789      -0.0908589978      0.03297944359    -0.000186426982   -0.0004341564695    0.0003631321317    3.413175817e-05        52.88070876         5.84267317                  0                  0                  0                  0                  0        256.5012322        738.1290949        105.7536299        102.7571054       0.2933058884        1.434283289 "MONITOR"                            0                  0     -0.02483627891       -6.051348621    0.0004264476389      0.08481364901
 "BPM.5R1.B1"               23719.00462        118.9928148        3.919194002        1513.688041        20.52260041        54.69364513        53.33970355      -0.0938492882      0.02151497451    0.0003711376818   -0.0003011179103   -1.578860193e-06     2.17919759e-05         26.0161578        4.490822176                  0                  0                  0                  0                  0        259.0246647        753.2677097        105.7952343         102.760959       -0.538192341        1.350740931 "MONITOR"                            0                  0     -0.03382108036       -3.369700941    0.0006509545136      0.05083794276
 "BPMSA.A6R1.B1"            23736.98012        22.51879457        1.447778835        865.9998467        15.50912025        54.75008815        53.34220241     -0.08717917233      0.01610817352    0.0003711376818   -0.0003011179103   -3.093335964e-07    1.584798493e-05        5.633154828        4.032652261                  0                  0                  0                  0                  0          261.43824        758.2787196        105.9084815        102.7659871       -9.205612296        1.188453403 "MONITOR"                            0                  0      -0.0221198475       -2.058248183    0.0006509545136       0.0391367099
 "BPMR.6R1.B1"              23750.90462        8.926799546      -0.4779401952        483.0021056        12.37096917         54.9730489        53.34561712     -0.08241872264      0.01185642513    0.0002421835442   -0.0003210138719    6.760818987e-07    1.118279313e-05       -10.18462028        3.659438633                  0                  0                  0                  0                  0        263.3060448        762.2871964        106.3545378        102.7728386       -37.26612965       0.8690250493 "MONITOR"                            0                  0      -0.0108635623       -1.331159746    0.0006209794108       0.0324474509
 "BPMSX.7R1.B1"             23757.12012        20.18432725       -1.333262074        341.5393933        10.38869815        55.04967008        53.34805279     -0.08091387415     0.009863336772    0.0002421835442   -0.0003210138719     1.11940814e-06    9.009437169e-06       -17.29526018        3.465017024                  0                  0                  0                  0                  0        264.1376227        764.2689795        106.5078756        102.7777177       -19.70094683       0.5725077256 "MONITOR"                            0                  0    -0.007003864774       -1.085950093    0.0006209794108      0.02858775337
 "BPM_A.7R1.B1"             23778.62862        141.1983062        -4.29307072        42.18789222        3.529125089         55.1156675        53.37672543     -0.07570640351     0.002966330741    0.0002421835442   -0.0003210138719    2.653521641e-06    1.488622014e-06       -41.90135757        2.792228484                  0                  0                  0                  0                  0        267.0164044        771.1268763        106.6403101         102.835091       -4.577462274       -7.070938428 "MONITOR"                            0                  0     0.006352470884      -0.6077025196    0.0006209794108      0.01523141771
 "BPM.8R1.B1"               23820.06761        18.44560602       0.6977172764        115.8545989       -3.859373477        55.23109983        53.75131176       0.2302094975    -0.007061520207      0.01396777592   -0.0002347959347    4.010524578e-07   -1.289852057e-05       -7.220813198        6.759649513                  0                  0                  0                  0                  0        268.3988096        776.7603253         106.872806        103.5847811        -5.91283046       -28.98253098 "MONITOR"                            0                  0      -0.0105664622      -0.8820897517    0.0002167675046     -0.02677522274
 "BPM.9R1.B1"                23859.1346         110.582444       -2.553856317        103.1328652       0.3427753741        55.43391823        53.80331286        1.308676281    -0.006299766108      0.03445295721    4.207053567e-05   -2.039352463e-06    -8.69399081e-06        28.38742593        2.017677046                  0                  0                  0                  0                  0        267.0336417        776.6843971        107.2796735        103.6888383       -42.31639285       -3.130129745 "MONITOR"                            0                  0       0.0379272947       -2.090617742    0.0003504329227    -0.006815501122
 "BPM.10R1.B1"              23899.59958        38.13052576       0.6163264891        554.7195541       -8.797915991         55.5255525        53.83398458        0.958674028     -0.01336656098    -0.007567288587   -0.0001981009316   -1.531895181e-06   -1.434292829e-05        24.09918531       -1.581171619                  0                  0                  0                  0                  0         266.041263        781.5168647        107.4624778        103.7499443       -26.49204983         1.36145791 "MONITOR"                            0                  0      -0.1020657211       -2.078044661    -0.001621994666      -0.0376689122
 "BPM.11R1.B1"              23952.38227        181.5350637       -2.412035227        63.37394073        2.561028628        55.64678688        53.87542778        2.273416828    -0.003707580461      0.03103766482    0.0002073859724   -2.660497724e-06   -1.919362828e-06        46.07630772       -3.366350923                  0                  0                  0                  0                  0        267.5884039        787.3090263        107.7044117        103.8330822       -1.275504139       -6.995600114 "MONITOR"                            0                  0    -0.009134896237      -0.3485888519    0.0008349068725     -0.02004273051
 "BPM.12R1.B1"              24007.10876        34.69726531       0.5450190585          53.367674      -0.9405342682        55.75888827        54.11944256           1.166732      0.00319882882       -0.014368846    0.0001226457075   -3.049940607e-07    1.059504824e-05        -1.09919054       -9.822809177                  0                  0                  0                  0                  0        234.0735572        795.1987202        107.9244618        104.3201576       -10.52106487       -119.4325447 "MONITOR"                            0                  0     -0.02649828646      -0.6771490762   -0.0001836733103     -0.02258715359
 "BPM.13R1.B1"              24060.56024        171.9572389       -2.323831165        60.80248607       -0.573607236        55.89174548         54.2883442        2.336966707     0.004942137601      0.03192531188    2.761639706e-05    1.915516513e-06     7.53019547e-06       -57.65183234       -2.583406564                  0                  0                  0                  0                  0        232.6844422        797.2700319         108.189798        104.6575098       -36.51018746       -9.077965926 "MONITOR"                            0                  0      0.02459042491       -2.129784828    0.0006565967326      -0.0375756171
 "BPM.14R1.B1"              24114.01173        33.57929377       0.5296917895        570.2926492       -7.616267414        56.00531735        54.33806802         1.16472469      0.01332813183     -0.01682858932    0.0001641532515   -0.0002551441845    1.371155281e-05       -33.94759961        2.423635122                  0                  0                  0                  0                  0        240.4215104         805.675221        108.4176734        104.7569607       -28.19721166        1.223742673 "MONITOR"                            0                  0      -0.1014065345       -2.336137202    -0.001320345183     -0.03509158952
 "BPM.15R1.B1"              24167.46321        171.2441238       -2.347002137        61.70733814         2.48709261        56.14143492        54.38077997        2.181213158     0.003439213559      0.02901653476   -0.0002043290579   -0.0009139404642    1.507143898e-06        -48.6127284        3.580524989                  0                  0                  0                  0                  0        240.9253685        713.6580796        108.6929039        104.8439144       -1.383448913       -8.311164526 "MONITOR"                            0                  0    -0.007138916901      -0.4889029859    0.0007760810705     -0.01381279724
 "BPM.16R1.B1"              24220.91469        33.86361217       0.5282873728        53.42318284       -0.921748556        56.25474057        54.61780432         1.05668547    -0.003482972571     -0.01568380194   -0.0001257401287   -0.0003148912968   -1.057777287e-05       -7.167683181        9.568371145                  0                  0                  0                  0                  0        209.1136848        721.3133657         108.912935          105.31689       -8.089739431       -108.7859437 "MONITOR"                            0                  0     -0.02647925691       -0.688458548   -0.0001551446629     -0.02208627244
 "BPM.17R1.B1"              24274.36618         172.240027       -2.351672313        60.16374432      -0.5732981573        56.38959102        54.78811737        1.989827845    -0.005022738901      0.02733021811   -2.341838927e-05   -3.529256528e-05   -7.502940538e-06        28.91381593        2.494097648                  0                  0                  0                  0                  0        207.6849647        723.2027051        109.1823085        105.6570516       -32.05818567       -8.295706079 "MONITOR"                            0                  0       0.0250823044       -2.134004525    0.0006609778051     -0.03718869712
 "BPM.18R1.B1"              24327.81766        33.11746162       0.5263019049        571.6488208       -7.656267914        56.50398547        54.83806022        1.031112829     -0.01333717615     -0.01233383867   -0.0001629252154    0.0002529253298   -1.372942223e-05        22.96154736       -2.406400452                  0                  0                  0                  0                  0        214.0850235        731.1161604        109.4118237        105.7568851       -25.50883186        1.140774657 "MONITOR"                            0                  0       -0.101662947       -2.338678873    -0.001323492357     -0.03514923661
 "BPM.19R1.B1"              24381.26915        171.4046869       -2.363894117        60.98089526        2.483671821        56.64136027        54.88096315        2.122836165    -0.003330085682      0.03028679029    0.0002066280053    0.0009141450152    -1.48507358e-06        47.50699826       -3.487001738                  0                  0                  0                  0                  0        214.6169932        649.0985507        109.6894616        105.8442168       -1.237290267       -7.588765731 "MONITOR"                            0                  0    -0.007090623027      -0.4845428392    0.0007776844574     -0.01372133896
 "BPM.20R1.B1"              24434.72063        33.39912189       0.5254654799        53.98165396      -0.9517910231        56.75545275        55.12107354        1.123912402     0.003854456348     -0.01331316145    0.0001307780322     0.000313233938    1.067753519e-05     -0.03160423279       -9.293936648                  0                  0                  0                  0                  0        183.7515512        656.5121163        109.9097603        106.3233185       -6.711207078       -98.10799232 "MONITOR"                            0                  0      -0.0263469586      -0.6852925187   -0.0001544798649     -0.02201377684
 "BPM.21R1.B1"              24488.17211        171.9032218        -2.36143842        60.81927688      -0.5603785262        56.89175127        55.28834266        2.287634551     0.005138015486      0.03174037673    1.808374141e-05    2.906078801e-05    7.531320116e-06       -56.99386185       -2.409040639                  0                  0                  0                  0                  0         182.342046        658.4941359        110.1819273        106.6573078       -28.03366951       -7.457166732 "MONITOR"                            0                  0      0.02506318555       -2.129746446    0.0006593556272     -0.03710066487
 "BPM.22R1.B1"               24541.6236        33.58124685        0.529733196        570.2896702       -7.616315908        57.00531795        55.33806772        1.146998615      0.01330953557     -0.01617503966     0.000160395767   -0.0002551204187    1.371158013e-05       -33.77494007        2.386112827                  0                  0                  0                  0                  0        189.8334226        666.8272314         110.410272        106.7567541       -22.35178717        1.082331075 "MONITOR"                            0                  0      -0.1014060771        -2.33619047    -0.001320352232     -0.03509250614
 "BPM.23R1.B1"              24595.07508        171.2409569       -2.346902629        61.70979214        2.487114518         57.1414319        55.38077891        2.176353459     0.003260278413      0.02923498495   -0.0002072849226   -0.0009139351699    1.507250993e-06       -48.85821554        3.408347813                  0                  0                  0                  0                  0        190.1590196        576.1345771        110.6862366         106.844016      -0.9381290472       -6.632185603 "MONITOR"                            0                  0     -0.00713871487      -0.4889386157    0.0007760455972     -0.01381037538
 "BPM.24R1.B1"              24648.52657        33.86163923       0.5282465246         53.4217549      -0.9216414717        57.25474282        55.61779057        1.069230336    -0.004078391529     -0.01535249762   -0.0001337971526   -0.0003148870319   -1.057743526e-05       -7.443042552        9.016336525                  0                  0                  0                  0                  0        158.9322058        583.7800003        110.9028541        107.3167237       -5.038038767       -88.02407862 "MONITOR"                            0                  0      -0.0264792682      -0.6883999799   -0.0001551316272     -0.02208521167
 "BPM.25R1.B1"              24701.97805        172.2429883       -2.351769321        60.16043349      -0.5733335775        57.38959696        55.78811551        2.038723726    -0.005215547208      0.02802940364   -1.503676391e-05   -3.528128632e-05   -7.502835857e-06        28.25725305        2.320756689                  0                  0                  0                  0                  0        157.5355742        585.6974958        111.1720377        107.6567908       -23.60866785       -6.674638804 "MONITOR"                            0                  0      0.02508212231       -2.133964744    0.0006610068564     -0.03719077897
 "BPM.26R1.B1"              24755.42954        33.11939291       0.5263421263        571.6458424       -7.656314563        57.50398616        55.83805991        1.048820214     -0.01331789938     -0.01298731453   -0.0001591956537    0.0002529282232   -1.372944949e-05        22.77806208       -2.369799785                  0                  0                  0                  0                  0        164.0293883         593.682393        111.4022681        107.7566253       -19.59468363        1.003329319 "MONITOR"                            0                  0      -0.1016624566       -2.338731421    -0.001323498681      -0.0351501398
 "BPM.27R1.B1"              24808.88102        171.4015272       -2.363794407        60.98332613        2.483694051        57.64135725        55.88096208        2.127720997    -0.003149893516      0.03006925027    0.0002095989879    0.0009141420262   -1.485180185e-06         47.7144156       -3.313894618                  0                  0                  0                  0                  0        164.3197488        510.3327761        111.6808589        107.8443511      -0.7674629041       -5.879837998 "MONITOR"                            0                  0    -0.007090420736      -0.4845781786    0.0007776486525     -0.01371890739
 "BPM.28R1.B1"               24862.3325         33.3971823       0.5254243618        53.98003261      -0.9516813242        57.75545504         56.1210599        1.111374672     0.004455366792     -0.01364489321    0.0001389190203    0.0003132296895    1.067719806e-05       0.2283516609       -8.735885228                  0                  0                  0                  0                  0        134.1567942        517.7575434        111.8962079        108.3231332       -3.615020249       -77.34817806 "MONITOR"                            0                  0     -0.02634694634      -0.6852340125    -0.000154466437     -0.02201271991
 "BPM.29R1.B1"              24915.78399        171.9064382       -2.361538593        60.81594961      -0.5604148524        57.89175717        56.28834081        2.238717203     0.005333085096      0.03104063927     9.63381057e-06    2.904956004e-05    7.531215713e-06       -56.34831091       -2.233255338                  0                  0                  0                  0                  0        132.7840256        519.7183504        112.1681167        108.6569992       -19.55704666       -5.836201416 "MONITOR"                            0                  0      0.02506301951       -2.129707751    0.0006593844629     -0.03710273839
 "BPM.30R1.B1"              24969.23547        33.58385853       0.5297813995        570.2847502       -7.616329089        58.00531725        56.33806747        1.129284722      0.01327267344     -0.01552122824    0.0001562637712   -0.0002551233124    1.371156563e-05       -30.83856775        2.337317957                  0                  0                  0                  0                  0        132.1547866        524.7027889        112.3930106        108.7559695       -17.06406949       0.9737576201 "MONITOR"                            0                  0      -0.1013965733       -2.336674364    -0.001320178925     -0.03510195816
 "BPM.31R1.B1"              25022.68696        171.2379141       -2.346784887        61.71182988         2.48712427         58.1414257        56.38077812        2.171537571     0.003069056309      0.02945404525   -0.0002101024081   -0.0009139322333    1.507329843e-06        -39.2719406         3.22736037                  0                  0                  0                  0                  0        132.0494103        435.3105746        112.6705103        108.8436345       -1.877634774       -4.816246374 "MONITOR"                            0                  0    -0.007124743855      -0.4899636527    0.0007758347854     -0.01379533717
 "BPM.32R1.B1"              25076.13844        33.85900247       0.5281989492        53.42064314      -0.9215454991        58.25474319        56.61777791        1.081790436    -0.004695162139     -0.01502179018   -0.0001420405176   -0.0003148827863   -1.057714667e-05       -4.328147524        8.446796708                  0                  0                  0                  0                  0        102.5433663        442.9625105        112.8768297        109.3159225       -2.818456956       -66.78214531 "MONITOR"                            0                  0      -0.0265015617      -0.6889097144   -0.0001553013618     -0.02208882304
 "BPM.33R1.B1"              25129.58992        172.2457475       -2.351883475        60.15721792      -0.5733618768        58.38960291        56.78811366        2.087621787    -0.005410177679      0.02872836399   -6.259759673e-06    -3.52700096e-05   -7.502735337e-06        27.99176322        2.144915034                  0                  0                  0                  0                  0        101.2525465        444.9176839        113.1453861        109.6558172       -15.16108533       -5.050186309 "MONITOR"                            0                  0      0.02508145589       -2.133930992    0.0006611961019     -0.03719135374
 "BPM.34R1.B1"              25183.04141        33.12053114       0.5263736863        571.6455138       -7.656405512        58.50398847        56.83805951        1.066489681     -0.01326345349     -0.01364158882   -0.0001547447744    0.0002529311726   -1.372952718e-05        22.24923168        -2.30859301                  0                  0                  0                  0                  0        100.8752948        449.9540742        113.3711223        109.7551501       -14.75369077       0.9292586623 "MONITOR"                            0                  0      -0.1016629028       -2.338733304    -0.001323517299     -0.03515035436
 "BPM.33L2.B1"              25236.49289         171.398336       -2.363718533        60.98627532        2.483732211        58.64135809        56.88096063        2.132469548    -0.002946188426       0.0298498129    0.0002123005549    0.0009141392381   -1.485320419e-06        46.53384428       -3.123442623                  0                  0                  0                  0                  0        100.3925969        365.2278689        113.6521902        109.8433263       -2.974900001       -3.905548013 "MONITOR"                            0                  0    -0.007090973128      -0.4845580396    0.0007776469634     -0.01371895491
 "BPM.32L2.B1"              25289.94438        33.87540135       0.5300967576          53.917803      -0.9540606982        58.75452764        57.12162605        1.107506329     0.005109008116     -0.01379610438    0.0001476603586    0.0003150935983    1.067831635e-05        10.33204308       -8.112860832                  0                  0                  0                  0                  0         100.857362         366.419913        113.8814828        110.3253252       -4.218141259       -54.23472346 "MONITOR"                            0                  0     -0.02610993703      -0.6946149596   -0.0001505060433     -0.02216166805
 "BPM.31L2.B1"              25343.39586        172.0642691       -2.349232599        61.03411414      -0.5616650547        58.88945303        57.28857012        2.220826638     0.005539357466       0.0307722937    3.317605289e-07     3.56888494e-05     7.53207772e-06       -18.99930588       -2.032000496                  0                  0                  0                  0                  0         99.5663558        368.3478254        114.1501617        110.6582143       -16.33596611       -3.622140018 "MONITOR"                            0                  0      0.02529873439       -2.146094109    0.0006534876721     -0.03668476969
 "BPM.30L2.B1"              25396.84734        33.10872273       0.5251723267        571.6958728       -7.632480882        59.00393671        57.33814152         1.12215941      0.01325061696     -0.01529429751    0.0001522772218   -0.0002528583378    1.371334621e-05       -20.47953313         2.32838972                  0                  0                  0                  0                  0        106.4043628        376.6050164        114.3832959        110.7573096       -15.05927153         1.03663568 "MONITOR"                            0                  0      -0.1016024909       -2.342086275    -0.001320248749     -0.03509856181
 "BPM.29L2.B1"              25450.29883        171.1077798       -2.359519213        61.75297288        2.492504382        59.14143143        57.38078351        2.167554442      0.00287884268      0.02950372224   -0.0002132008289    -0.000913758781    1.507444447e-06       -46.84761336        3.048439837                  0                  0                  0                  0                  0          106.12586        287.6420632        114.6646413        110.8463901       -2.712763703       -2.990853831 "MONITOR"                            0                  0    -0.007106674421       -0.488988692    0.0007776398826     -0.01375414475
 "BPM.28L2.B1"              25503.75031        33.86055971       0.5282154254        53.42139998      -0.9215465507        59.25474742        57.61777635        1.076794705    -0.005321342736     -0.01505129207   -0.0001504709596   -0.0003148828913   -1.057719722e-05       -7.102482606        7.832322934                  0                  0                  0                  0                  0        106.7267287        288.8253917        114.8940053        111.3212079       -4.880170091       -42.69465936 "MONITOR"                            0                  0     -0.02647991892      -0.6883395023   -0.0001551428321     -0.02208443688
 "BPM.27L2.B1"               25557.2018        172.2461047       -2.351841748        60.15615012      -0.5733462446         59.3896028        57.78811262        2.074013274    -0.005611222388      0.02856004984    2.586266419e-06   -3.527021076e-05   -7.502726642e-06        28.27339994        1.940194534                  0                  0                  0                  0                  0        105.3635023        290.6997117         115.162822        111.6606484       -17.54548852       -2.313554713 "MONITOR"                            0                  0      0.02508129075       -2.133904234    0.0006610386838     -0.03719330229
 "BPM.26L2.B1"              25610.65328        33.12045191       0.5263729239        571.6308582       -7.656198995        59.50398852        57.83805954        1.062894319     -0.01325362472     -0.01343484645   -0.0001510768102    0.0002529311055   -1.372934648e-05        22.46188346       -2.321229823                  0                  0                  0                  0                  0        111.8868341        298.7283697        115.3943878        111.7603326       -15.38770448        1.137925191 "MONITOR"                            0                  0      -0.1016626105        -2.33872324    -0.001323516237     -0.03515034009
 "BPM.25L2.B1"              25664.10477        171.3983153       -2.363720687        60.98461355        2.483660142        59.64135837        57.88096182        2.135717746    -0.002767533022      0.02997361942    0.0002154295813    0.0009141392335   -1.485214799e-06        46.67530126       -2.954532731                  0                  0                  0                  0                  0        111.9848789        214.5807805         115.674844        111.8522061       -2.527565085       -2.185161151 "MONITOR"                            0                  0    -0.007090948008      -0.4845619988    0.0007776466593     -0.01371917575
 "BPM.24L2.B1"              25717.55625        33.39612495       0.5253931724        53.97948053      -0.9515833093        59.75545966        58.12104575         1.10379934     0.005703350441      -0.0139468177    0.0001556843722    0.0003132255646    1.067695979e-05      -0.1505593868       -7.545966683                  0                  0                  0                  0                  0        82.59957838        221.8294267        115.8797636        112.3288535       -3.413342881       -32.25062081 "MONITOR"                            0                  0     -0.02634759574      -0.6851739418   -0.0001544776531     -0.02201194949
 "BPM.23L2.B1"              25771.00773        171.9096846       -2.361612471        60.81163688      -0.5604286581        59.89176297        58.28833794        2.203351376       0.0057307299      0.03050873654   -8.055275866e-06    2.903853264e-05    7.531106576e-06       -56.47304927       -1.850061814                  0                  0                  0                  0                  0        81.28655105        223.6965331        116.1510113        112.6617486       -13.44061355       -1.499858202 "MONITOR"                            0                  0      0.02506218953       -2.129647466    0.0006594160994     -0.03710524657
 "BPM.22L2.B1"              25824.45922        33.58426458       0.5298057778        570.2717691       -7.616248049        60.00532087        58.33806703        1.115162851      0.01322702227     -0.01507307417    0.0001484906273   -0.0002551261646    1.371150506e-05       -33.27888004        2.303690258                  0                  0                  0                  0                  0        88.09877796        231.8992904        116.3830789        112.7609781         -12.357558        1.072654713 "MONITOR"                            0                  0      -0.1014057614       -2.336235487    -0.001320376212     -0.03509361267
 "BPM.21L2.B1"               25877.9107        171.2345764       -2.346729672        61.71354166        2.487102111        60.14142999        58.38077758        2.163515868      0.00269949519      0.02955013323   -0.0002160651584   -0.0009139293809    1.507392878e-06       -47.91700521        2.877809155                  0                  0                  0                  0                  0        87.78154292        144.0594116        116.6630867        112.8561781       -2.270970362       -1.299922523 "MONITOR"                            0                  0    -0.007139040914      -0.4889579978    0.0007760080116     -0.01380821654
 "BPM.20L2.B1"              25931.36219          33.858587       0.5281745812         53.4199737      -0.9214394945        60.25474966         58.6177626        1.089339346    -0.005916771118     -0.01471996407    -0.000158528256   -0.0003148786265   -1.057685961e-05       -7.250022463        7.276924157                  0                  0                  0                  0                  0        59.94728124        151.3672271        116.8510493        113.3246194       -1.828288666       -21.92923147 "MONITOR"                            0                  0     -0.02647993037      -0.6882809393   -0.0001551297991     -0.02208337619
 "BPM.19L2.B1"              25984.81367        172.2490669       -2.351938766        60.15283966      -0.5733816551        60.38960875        58.78811075        2.122909972    -0.005804040973      0.02925925465    1.096788983e-05   -3.525893182e-05   -7.502621963e-06        27.86497789        1.764128547                  0                  0                  0                  0                  0        58.79952596        153.2251155        117.1182335        113.6628985       -9.095677827      -0.6917245013 "MONITOR"                            0                  0      0.02508110863       -2.133864453    0.0006610677354      -0.0371953841
 "BPM.18L2.B1"              26038.26515        33.12238334       0.5264131472        571.6278799       -7.656245639        60.50398921        58.83805923        1.080602376     -0.01323437259     -0.01408832623   -0.0001473475317     0.000252933999   -1.372937374e-05        22.30805887       -2.290200164                  0                  0                  0                  0                  0        64.74301603         161.319801        117.3564506        113.7623162       -9.473388316        1.000454045 "MONITOR"                            0                  0      -0.1016621202       -2.338775787    -0.001323522561     -0.03515124328
 "BPM.17L2.B1"              26091.71664        171.3951567       -2.363620993        60.98704437        2.483682368        60.64135535        58.88096075        2.140603959    -0.002587346224      0.02975609362    0.0002184009596     0.000914136245   -1.485321402e-06        46.70217714       -2.782330114                  0                  0                  0                  0                  0        63.90675053        76.37335217        117.6410553        113.8676533       -2.057592313       -0.476627614 "MONITOR"                            0                  0    -0.007090745671      -0.4845973409    0.0007776108559      -0.0137167443
 "BPM.16L2.B1"              26145.16812        33.39418558       0.5253520582        53.97786085      -0.9514736387        60.75546195        59.12103211        1.091261829     0.006304270682     -0.01427857316    0.0001638256381    0.0003132213163    1.067662266e-05     -0.02114548436       -6.984608641                  0                  0                  0                  0                  0        41.07876616        83.25843962        117.7961861        114.3371624      -0.3169639399       -11.48688333 "MONITOR"                            0                  0     -0.02634758365      -0.6851154408   -0.0001544642279     -0.02201089263
 "BPM.15L2.B1"              26198.61961        171.9129018       -2.361712655        60.80830998      -0.5604649746        60.89176887        59.28833609        2.154433195      0.00592580989      0.02980897961   -1.650521044e-05    2.902730468e-05    7.531002176e-06       -56.06975208       -1.671479661                  0                  0                  0                  0                  0        40.28037013        84.99726384        118.0638923        114.6671465       -4.963719305       0.1218650213 "MONITOR"                            0                  0      0.02506202346       -2.129608771    0.0006594449354     -0.03710732004
 "BPM.14L2.B1"              26252.07109         33.5862245       0.5298471404        570.2688039       -7.616295411        61.00532146        59.33806672         1.09717933      0.01320846123     -0.01441951331    0.0001447334901    1.415299506e-06    1.371153222e-05       -33.10798777        2.273852601                  0                  0                  0                  0                  0        44.89154532        93.11179151        118.3112915        114.7654969       -6.511876759       0.9312055501 "MONITOR"                            0                  0      -0.1014052897       -2.336289158    -0.001320382825     -0.03509452945
 "BPM.13L2.B1"              26305.52257        171.4723287       -2.350143948        60.94146469        2.477695609        61.14133076        59.38104529        2.159660292     0.002492617607      0.02980823766   -0.0002195949373    2.642136857e-06    1.478658842e-06       -47.95614389        2.701579951                  0                  0                  0                  0                  0        42.86453422        13.02362038        118.5967972         115.015892       -1.828521014       0.3742061395 "MONITOR"                            0                  0     -0.00700708773      -0.4911539371    0.0007768795073     -0.01376257186
 "BPM.12L2.B1"              26358.97406        28.26333359       0.4547533622        54.59061923      -0.9079262401        61.26785179        59.61242989       0.9910448775    -0.006482182008     -0.01653221261   -0.0001654936115    1.889857655e-07   -1.060911097e-05       -4.741720365        6.856104353                  0                  0                  0                  0                  0        32.99156375        15.17646515        118.7156046        115.3817604        1.309968714       -1.202877764 "MONITOR"                            0                  0     -0.02928992771      -0.5738205589   -0.0002011054226     -0.02025895394
 "BPM.11L2.B1"              26412.42554        178.2878564       -2.615730224        56.84839341      -0.5533455136        61.41719735        59.78795279        1.804387345    -0.005836945722      0.02499412411    2.176522821e-05   -2.388160026e-06   -7.302016605e-06        36.48838016        1.548177469                  0                  0                  0                  0                  0        32.25083968        16.07490236        119.0064473        115.7061793       -1.620558065       0.9055679653 "MONITOR"                            0                  0      0.02286651759        -1.95858965     0.000739406177     -0.04243848437
 "BPM.10L2.B1"              26464.26623        34.89782309       0.6224194084        545.9432772        -7.56071145        61.52200165        59.83895125       0.7245667934     -0.01281488978     -0.01642998939   -0.0001431590269   -1.468778494e-06   -1.323851279e-05        24.34940182       -2.337166142                  0                  0                  0                  0                  0        34.51324955        23.39850123        119.2403869        115.7885479       -3.872003489       0.8268965181 "MONITOR"                            0                  0      -0.1058456119       -2.102535387     -0.00145789364     -0.03347735335
 "BPM.9L2.B1"               26503.33322        119.2783287       -1.941784459        89.43042316         3.85044298        61.63673327        59.86474421        1.021532683    -0.003905391754      0.01531300024    0.0002607371164   -2.249455506e-06   -3.201276605e-06        38.71532793       -2.403022961                  0                  0                  0                  0                  0        35.60066909        29.61268959        119.4740406        115.8378767       -1.712430183       0.5282141817 "MONITOR"                            0                  0     -0.01433805152      -0.3498235034     0.001014591902    -0.008594615435
 "BPM.8L2.B1"               26543.79821        13.81275081       0.2490629703        48.94420092      -0.2015545994         61.8026763        59.98755698       0.2935647979     0.002190739125     -0.01581444603    0.0001398910807    7.095498433e-08    5.332224064e-06       0.5661017307       -5.829055201                  0                  0                  0                  0                  0        33.91151679        30.30109018        119.8153812        116.0877192        1.001997761        -2.84690181 "MONITOR"                            0                  0     -0.03965888771       0.1337952128   -0.0004428612739     -0.01056271499
 "BPM.7L2.B1"                26582.8662        147.9139571       -3.418033885        29.21414934      -0.4382664268        61.99263649        60.19070383      0.07632250521     0.005224894076    0.0009380554655    7.213246933e-05    2.907671946e-06    7.758556117e-06       -45.19659231       -3.848895012                  0                  0                  0                  0                  0         30.7719866        31.45640972        120.1997019        116.4896091       -4.062725872        -1.86752845 "MONITOR"                            0                  0     -0.01061141977      0.06804955622     0.001017466477     -0.05158558978
 "BPMR.6L2.B1"               26614.9722        25.34658438       0.2738299544        227.5873828        2.392131113        62.07688224         60.2552398     0.001745501615      0.01319081177    -0.002369696929   -0.0001656889493    1.227536448e-06    1.774934303e-05       -20.39274176       -5.979841735                  0                  0                  0                  0                  0        28.64095544        35.18220415        120.3574841        116.6283912       -3.762251792       -0.030722637 "MONITOR"                            0                  0     -0.06116394953       0.2133173756    0.0004833071404    -0.009503245301
