@ NAME             %05s "TWISS"
@ TYPE             %05s "TWISS"
@ SEQUENCE         %05s "LHCB1"
@ PARTICLE         %06s "PROTON"
@ MASS             %le        0.9382720882
@ CHARGE           %le                   1
@ ENERGY           %le                6800
@ PC               %le         6799.999935
@ GAMMA            %le         7247.364689
@ KBUNCH           %le                   1
@ BCURRENT         %le     0.0002071986764
@ SIGE             %le               0.001
@ SIGT             %le                   1
@ NPART            %le            1.15e+11
@ EX               %le                   1
@ EY               %le                   1
@ ET               %le               0.001
@ BV_FLAG          %le                   1
@ LENGTH           %le          26658.8832
@ ALFA             %le     0.0003485041105
@ ORBIT5           %le                  -0
@ GAMMATR          %le         53.56684249
@ Q1               %le         62.27000669
@ Q2               %le         60.32199263
@ DQ1              %le      -0.02102461869
@ DQ2              %le        0.6550335234
@ DXMAX            %le         2.876508505
@ DYMAX            %le        0.3148501936
@ XCOMAX           %le      0.005831936114
@ YCOMAX           %le      0.009768241289
@ BETXMAX          %le         19928.59527
@ BETYMAX          %le         18548.28537
@ XCORMS           %le     0.0004294461531
@ YCORMS           %le      0.001021272684
@ DXRMS            %le         1.500243278
@ DYRMS            %le       0.05471532424
@ DELTAP           %le                   0
@ SYNCH_1          %le         9.290769642
@ SYNCH_2          %le      0.002244883795
@ SYNCH_3          %le      7.99769003e-07
@ SYNCH_4          %le      1.18175468e-06
@ SYNCH_5          %le     2.856216721e-08
@ SYNCH_6          %le         68.33972837
@ SYNCH_8          %le        0.2791979156
@ DQMIN            %le      0.001292268569
@ DQMIN_PHASE      %le        -2.987748996
@ TITLE            %25s "LHC Model created by omc3"
@ ORIGIN           %16s "5.09.03 Linux 64"
@ DATE             %08s "25/06/26"
@ TIME             %08s "15.12.47"
* NAME                                S               BETX               ALFX               BETY               ALFY                MUX                MUY                 DX                 DY                DPX                DPY                  X                  Y                DDX                DDY                K1L               K1SL                K2L                K3L                K4L                 WX                 WY               PHIX               PHIY               DMUX               DMUY KEYWORD                           DBX                DBY                R11                R12                R21                R22 
$ %s                                %le                %le                %le                %le                %le                %le                %le                %le                %le                %le                %le                %le                %le                %le                %le                %le                %le                %le                %le                %le                %le                %le                %le                %le                %le                %le %s                                %le                %le                %le                %le                %le                %le 
 "BPMYB.5L2.B1"                  28.288        158.8461602        2.337491342        43.86261143      -0.9359030502      0.03508090803      0.09607765523       -0.145579439     0.001579578225     0.001962766268   -0.0001050170378    1.834303107e-06   -0.0001702684427        3.215860281        2.829177982                  0                  0                  0                  0                  0        30.41034612        30.42974082      -0.1625444471     -0.05533136101      -0.3867829848       -1.678532105 "MONITOR"                            0                  0     0.004875508443       0.6908144948   -0.0001841992233    0.0004756306783
 "BPMYB.4L2.B1"                  48.858        79.89982543        1.500444234        100.4618528       -1.815640038       0.0643046834       0.1462212498      -0.1052083791   -0.0001915880815     0.001962766268   -0.0001050170378     4.87648639e-06   -0.0005593025999        8.613458465        6.628996335                  0                  0                  0                  0                  0        31.22018531        29.58563991      -0.1030038298      0.04363731242       -1.019135076       -3.211003904 "MONITOR"                            0                  0      0.00108653042       0.6782482871   -0.0001841992233     0.004264608702
 "BPMWI.4L2.B1"                 73.3255        78.80970844        -0.44542892        105.1848444       0.2270061227       0.1181340365       0.1815934293     -0.08846920545    -0.001501753261     0.001401077132   -9.249476939e-05   -6.349678258e-06    -0.001578085051        19.27012127        8.086987581                  0                  0                  0                  0                  0        31.16193923        29.59992575     0.006113539451       0.1148189574       -2.647842815       -4.155968315 "MONITOR"                            0                  0     -0.01466480182       0.8027413087    1.293218244e-05    -0.009542929388
 "BPMSX.4L2.B1"                123.4225        161.6024987       -1.207220745        107.5297314      -0.2738130577       0.1913390675       0.2596566151     -0.01823338391    -0.002779106124     0.001401077132   -9.249476939e-05   -5.241014027e-05    -0.004934442619        43.12704736        9.600200384                  0                  0                  0                  0                  0        30.62020515        30.06129141       0.1552788571       0.2719841748       -4.630959053       -5.009537336 "MONITOR"                            0                  0     -0.01401693828        1.026875732    1.293218244e-05     -0.01019079293
 "BPMS.2L2.B1"                  161.394        61.92032474       -1.323792388        188.2728085        11.76565551       0.2438423811       0.2999984156    -0.007114902519    -0.004976020057   -0.0002299723854    2.093418748e-05   -0.0001088159976     -0.00789561926        30.28521293        12.50362655                  0                  0                  0                  0                  0         27.8728107        26.26717411       0.2491193948       0.3723593068       -5.140684319       -4.582270956 "MONITOR"                            0                  0     -0.02975083435       0.8205184826     0.001911368306       -0.057069975
 "BPMSW.1L2.B1"                 171.328        56.28890878        2.085535969        61.37291464        2.357935993       0.2676214737       0.3165386748    -0.007356930002     -0.01017789441    0.0002092261022   -0.0004053989487   -0.0001520183991    -0.004329974606        29.41279146        6.958329888                  0                  0                  0                  0                  0        27.67727292        22.90877815       0.2963593174       0.4195891622        -5.06824803       -4.282757008 "MONITOR"                            0                  0     0.009529321677       0.4463429782   -0.0008542708263     -0.02641651134
 "BPMSW.1L2.B1_DOROS"             171.328        56.28890878        2.085535969        61.37291464        2.357935993       0.2676214737       0.3165386748    -0.007356930002     -0.01017789441    0.0002092261022   -0.0004053989487   -0.0001520183991    -0.004329974606        29.41279146        6.958329888                  0                  0                  0                  0                  0        27.67727292        22.90877815       0.2963593174       0.4195891622        -5.06824803       -4.282757008 "MONITOR"                            0                  0     0.009529321677       0.4463429782   -0.0008542708263     -0.02641651134
 "BPMSW.1R2.B1"                 214.518        53.41778199       -2.019059312        57.07568016       -2.258439942       0.6232723206       0.6863587837     0.001676362584     -0.03634173017    0.0002092261022   -0.0004053989487   -0.0001488356311     0.004324680479       -16.58321463        -6.05707666                  0                  0                  0                  0                  0        24.40748623        18.49066279       0.9924685624        1.169576677       -3.193304768       -5.055286499 "MONITOR"                            0                  0     -0.02736663531       0.4873788327   -0.0008542708263      0.01047944565
 "BPMSW.1R2.B1_DOROS"             214.518        53.41778199       -2.019059312        57.07568016       -2.258439942       0.6232723206       0.6863587837     0.001676362584     -0.03634173017    0.0002092261022   -0.0004053989487   -0.0001488356311     0.004324680479       -16.58321463        -6.05707666                  0                  0                  0                  0                  0        24.40748623        18.49066279       0.9924685624        1.169576677       -3.193304768       -5.055286499 "MONITOR"                            0                  0     -0.02736663531       0.4873788327   -0.0008542708263      0.01047944565
 "BPMS.2R2.B1"                  224.452        163.1443976       -10.19166022        65.39612402        1.261804674       0.6423291955        0.709331581     0.004584916417     -0.02973823926    0.0003645290228     0.001641238546   -0.0001967136211     0.004811397642       -33.66027678       -6.968769241                  0                  0                  0                  0                  0        23.05999859        18.24696787        1.009048015        1.215830481       -3.668440138       -5.223992604 "MONITOR"                            0                  0     -0.06015194677       0.8773813248     0.002060288186     -0.03220552007
 "BPMSX.4R2.B1"                262.3035        94.97372529       0.1764130588        182.9273206        1.286419734       0.6884087435       0.7571399349      0.01553379376     -0.01234441161     0.001602740572    0.0009444876452   -0.0001259366009     0.007101665654       -32.70352363       -12.56105916                  0                  0                  0                  0                  0        23.41619686        14.71525622        1.071086504        1.328279711       -4.754527443       -5.182854878 "MONITOR"                            0                  0    -0.008948085442        1.029610592    2.439325196e-06     -0.01476009707
 "BPMWB.4R2.B1"                312.5965         104.690366      -0.3696137168        90.24119454        0.556503258       0.7725470409       0.8211515065      0.09611340851       0.0396789663     0.001602740572    0.0009444876452   -9.891975953e-05     0.002579404932       -40.20808455       -8.474555335                  0                  0                  0                  0                  0        23.80938228        14.23266305        1.241912533        1.450283102       -5.885332852       -4.556822261 "MONITOR"                            0                  0    -0.008825404459       0.7311370968    2.439325196e-06     -0.01488277805
 "BPMYB.4R2.B1"                 336.988        106.2646093        1.784733252          86.829224       -1.508793569        0.806900359       0.8690623961      0.09780173902      0.07034369961    -0.002155024077      0.00224787479   -6.493685826e-05    0.0007716207603       -39.69782716       -7.183940201                  0                  0                  0                  0                  0        23.88249999        14.21080467        1.310742756        1.543417369       -5.783381378       -3.937021243 "MONITOR"                            0                  0     0.002833713658       0.5907710303   -0.0002222337967   -0.0006080217395
 "BPMR.5R2.B1"                  366.522        45.46507868      -0.5199641077        164.8911723         2.38909165       0.8844197416       0.9048058263      0.03978781863       0.1224950181   -0.0008968852005    -0.001190890938    1.384142052e-06    1.720029756e-05       -20.39919795       -8.160783675                  0                  0                  0                  0                  0        23.22720717        15.03648989        1.461181802           1.616679       -4.550691956       -3.517605977 "MONITOR"                            0                  0      -0.0204263753       0.6781058247    0.0002093014935     -0.01329138858
 "BPM.6R2.B1"                   439.818        193.5742696        4.840847398         44.3828478       -1.890038582       0.9997284481         1.17223652     -0.02257876082      0.04273265994   -0.0002070760084    0.0002730649049    5.329204783e-07   -4.272047698e-06       -8.386569535        5.224285693                  0                  0                  0                  0                  0        25.12923258        14.73534478        1.689392487        2.183872194        -2.42162332       -5.647365084 "MONITOR"                            0                  0     -0.00328472904       0.1082113718   -0.0006738320143     -0.01724648889
 "BPM_A.7R2.B1"                 452.693        89.84612212         3.21570775        110.1282354       -3.216399286        1.015291193        1.201714407     -0.02524444627      0.04625318087   -0.0002070760084    0.0002730649049    1.147629857e-07   -9.082331111e-06       -2.101705411        9.141802247                  0                  0                  0                  0                  0        26.30033589        13.62813348        1.727494314        2.251029325       -2.335389858       -5.764548782 "MONITOR"                            0                  0     -0.01196031622      0.04015189873   -0.0006738320143    -0.008570901706
 "BPM.8R2.B1"               494.1300106         102.863265      -0.8114915788        41.51833971        0.677869848        1.098973887        1.288320719      0.08760161582     -0.01343478002     0.008826774677    -0.001636678394   -1.262677635e-06   -8.564281868e-06        17.85905211        6.174788551                  0                  0                  0                  0                  0        26.00289766        12.70656315        1.895406077         2.41489237       -3.220641928       -5.312992974 "MONITOR"                            0                  0    -0.006694430117     0.002530686865    0.0003002593919     -0.01946786126
 "BPM.9R2.B1"               533.1950212        16.86061314       0.1724017631        128.6027245       -1.922641923        1.262999538        1.387150764       0.4733697948     -0.09813132046      0.01557304214    -0.002217926822   -1.103393227e-06   -1.572176783e-05        15.70125465        8.216350269                  0                  0                  0                  0                  0        28.07734254         13.9568748        2.221530599        2.609854047       -6.856004775       -4.201132793 "MONITOR"                            0                  0      -0.0258807259       0.1127566766   -0.0005274946163    -0.002708104408
 "BPM.10R2.B1"              573.6580318        173.1876691       -3.676911143        29.43668983       0.6685213061        1.419991222        1.486724467        1.921560887     -0.06512128404      0.04371008262     0.001140566644   -2.126331896e-06   -4.996192673e-06        29.29928622        1.054021066                  0                  0                  0                  0                  0        30.49380204        14.05585162        2.546921637        2.828001032       -4.212229917       -4.063867222 "MONITOR"                            0                  0     -0.01319432899       0.4252221318    0.0005954725213     -0.02901053473
 "BPM.11R2.B1"              625.4967424        32.77526003       0.6408786917        172.3500218       -2.606778705        1.526292706        1.635090191        1.087113187      -0.1132863612     -0.01582959675     -0.00106256651    3.718665697e-08    4.312683456e-06         1.62084457       -8.597109099                  0                  0                  0                  0                  0        29.93420291        11.85657699        2.769951538        3.125363999       -2.727269673       -5.904396641 "MONITOR"                            0                  0     -0.01858847248       0.4189146848   -0.0004069802869     0.002201555191
 "BPM.12R2.B1"              680.2202583        163.9295183       -2.258182974        33.63976753       0.5018849387        1.673965212        1.751527558        2.142680275    -0.004151574178      0.02935046312     0.002151538114    2.807441286e-06    6.806470327e-06       -31.09463543       -5.435102954                  0                  0                  0                  0                  0        30.05154565        21.53765221         3.05686064        3.402712548       -6.266704378       -5.428522221 "MONITOR"                            0                  0     -0.01137379768       0.5526181845    0.0004218967551     -0.03187526343
 "BPM.13R2.B1"              733.6687742        33.53780754       0.4819387542         176.428145       -2.413889568        1.790925379        1.884867433        1.077409228       0.1132830582     -0.01456235355     0.002200798714    1.548457111e-06    1.847864002e-05       -19.56604761       -8.902572806                  0                  0                  0                  0                  0        35.23753531        22.82854682        3.322671076        3.677203385       -7.343350695       -3.126318484 "MONITOR"                            0                  0      -0.0162491088       0.3258195459   -0.0003782605529   -0.0003838321563
 "BPM.14R2.B1"              787.1172901        180.5751067       -2.468940313        32.66554727       0.5433091306        1.922332044        1.998661606        2.114434703      0.06950758581      0.02928974662   -0.0009883875541    2.127951628e-06   -0.0003495498178       -32.64231645      -0.6563115305                  0                  0                  0                  0                  0        35.58522765        12.76915925        3.594179151        3.866431295       -3.591657193       -3.188940055 "MONITOR"                            0                  0     -0.01023514727       0.4194423303    0.0003402478689     -0.02654704734
 "BPM.15R2.B1"               840.565806        34.73429815       0.5928242094        166.4095825       -2.314327677        2.030365144        2.140145554        1.107260963       0.1083221145     -0.01343138051    0.0008015450942    2.409647735e-08    -0.001267004279        -3.14507696        8.060287384                  0                  0                  0                  0                  0        29.91243816        11.82911995        3.776151025         4.13541343       -2.160522504       -4.954380419 "MONITOR"                            0                  0     -0.01778899099       0.3922128611   -0.0003612756449    0.0009151466425
 "BPM.16R2.B1"              894.0143219        159.0965172       -2.156533319        39.33917925       0.5475279873        2.169963103        2.245680552        2.194511914        0.010349906      0.03025900159    -0.001966495527   -4.925912088e-06   -0.0008668542635        26.26101764         5.40220821                  0                  0                  0                  0                  0        30.31614232        21.92768632        4.047362425        4.389067308       -5.551918193       -4.548117113 "MONITOR"                            0                  0     -0.01539809389       0.7314166137    0.0002980399581     -0.02488477846
 "BPM.17R2.B1"              947.4628378         33.4498244        0.450556502        181.2324686        -2.32018373        2.289325026        2.364248273        1.128399633      -0.0897645428     -0.01464797398    -0.001884492715   -2.692295148e-06     -0.00157229522        17.54105079        9.262473496                  0                  0                  0                  0                  0        35.14663675        22.78655085        4.319258494        4.639143863       -6.777540149       -2.363302862 "MONITOR"                            0                  0    -0.008704774475       0.8100499381   -0.0002500499368     0.006074897776
 "BPM.18R2.B1"              1000.911354        180.5431601       -2.469688816        33.20143198       0.5756733781        2.420852108        2.475205283         2.17362471     -0.06202974642      0.02949536181    0.0006819576815   -7.255605823e-06   -0.0002302435224         29.0836347        1.379090059                  0                  0                  0                  0                  0        35.38498803        14.02887725        4.591385282        4.791094304       -3.064748887       -1.793479505 "MONITOR"                            0                  0      -0.0167139874       0.9165949667    0.0002986820985     -0.03059768871
 "BPM.19R2.B1"               1054.35987        34.77501141       0.5930821534        162.1077715       -2.243661586        2.528821488        2.617667365        1.097512425      -0.1099098842     -0.01480303415   -0.0009583278011   -2.293719878e-06     0.001014888702        1.274727479       -5.958532857                  0                  0                  0                  0                  0        29.74330542          13.779046        4.771193304        5.060735694       -1.563821507       -3.583957689 "MONITOR"                            0                  0    -0.009552299026       0.9725171254   -0.0003317704157     0.009158004005
 "BPM.20R2.B1"              1107.808386        159.1099421       -2.155583838        38.69448824       0.5155659205        2.668304339         2.72591107        2.093185049     -0.01707295205      0.02852647179     0.001878770054   -1.259519263e-06    0.0008357750223       -29.69431123       -4.712112681                  0                  0                  0                  0                  0        30.16600061        21.27007165        5.042220277        5.346380941       -4.872143512       -3.786567132 "MONITOR"                            0                  0     -0.01534828304       0.9765459786    0.0004441009634     -0.03883755304
 "BPM.21R2.B1"              1161.256901        33.41287541       0.4502552088        185.2088383       -2.389639956        2.787739612        2.844097223         1.07652981      0.06844136131      -0.0135761694      0.00160425588    1.557731482e-06     0.001709277003       -19.47694379       -9.377486631                  0                  0                  0                  0                  0        34.57143014        21.75511762        5.313450551        5.597146748       -6.210154454       -1.722773677 "MONITOR"                            0                  0    -0.008768254949       0.5687749452   -0.0003689066815     0.003216779774
 "BPM.22R2.B1"              1214.705417        180.5009684       -2.470362258        33.94814321       0.6063934825        2.919389773        2.952188901        2.113397866      0.05446415986      0.02927192819   -0.0003956423382    2.278595803e-06    0.0003430291807       -32.82907795       -1.813009551                  0                  0                  0                  0                  0        34.81921119        16.01640792        5.585682883        5.728286732       -2.598578907      -0.5954907431 "MONITOR"                            0                  0     -0.01108199866       0.5989630099    0.0002953613478     -0.02615316671
 "BPM.23R2.B1"              1268.153933        32.85572914       0.5712629752        160.2480039       -2.198258993        3.031070823        3.093641179        1.072550652       0.1094821833     -0.01406723028     0.001085529052   -3.884144217e-07   -0.0007785301858       -2.746803567        4.567137206                  0                  0                  0                  0                  0        29.58764618         16.3043556        5.773373147        5.998536986       -1.036951456       -2.144315964 "MONITOR"                            0                  0     -0.01090081173       0.5142152311   -0.0003055877724     0.003771113757
 "BPM.24R2.B1"              1321.602449        160.9737579        -2.23715897        35.90847468       0.4804573092        3.175032929        3.207602791         2.09601477        0.021050297      0.02902069822    -0.001801463544   -5.028878084e-06   -0.0007727744294        27.68158545        4.152989045                  0                  0                  0                  0                  0        29.71317704        20.57143025        6.053536486        6.306509425       -4.474055827       -2.947945585 "MONITOR"                            0                  0     -0.01565989727       0.8410284421     0.000216052579     -0.02100753255
 "BPM.25R2.B1"              1375.050965        33.56449132        0.464108228        186.2612435       -2.479098928         3.29324408        3.331039214        1.066208406     -0.05394974621     -0.01383557973    -0.001403662431   -2.253515165e-06     -0.00177765658        17.75916691        9.069429529                  0                  0                  0                  0                  0        34.59904078        20.83352138        6.321430348        6.568152783        -5.59761277       -1.042489311 "MONITOR"                            0                  0   -0.0005853669757       0.9104829783   -0.0001484948865     0.008629871615
 "BPM.26R2.B1"              1428.499481        180.2826871       -2.463279526        34.43899959       0.6184695117        3.424640251        3.437812971        2.093671273     -0.04787507407      0.02908657715    0.0002280250637   -6.821791408e-06   -0.0004113361642        28.40162004        2.119985692                  0                  0                  0                  0                  0        34.94308816        17.30032675         6.59302285        6.689888452       -1.925440093        0.402827717 "MONITOR"                            0                  0     -0.01684689938       0.9961494754    0.0001798818834     -0.02480680356
 "BPM.27R2.B1"              1481.947997        32.71771664       0.5683265484        159.2740651       -2.171543215         3.53668745        3.578460726        1.070349898       -0.103412583     -0.01371121198     -0.00108857279   -2.354811947e-06    0.0006213899982       0.3568400464       -3.147244429                  0                  0                  0                  0                  0        29.39997456        17.90268646        6.783282488        6.960730489      -0.5268809568      -0.8253771973 "MONITOR"                            0                  0    -0.001675195929        1.131707674   -0.0002232526245      0.01276822824
 "BPM.28R2.B1"              1535.396513        161.2092275       -2.244474837        35.40798161       0.4693895362        3.680932799        3.693834433        2.111094456     -0.02278467816      0.02934240529     0.001650478435   -9.289923172e-07    0.0007364135021       -32.10297238       -3.562085194                  0                  0                  0                  0                  0        29.41820556        19.93460049        7.063891257        7.274723354        -4.05758408       -2.004535711 "MONITOR"                            0                  0     -0.01641795488        1.132071468    0.0003449425413     -0.03470961587
 "BPM.29R2.B1"              1588.845029         33.7043654       0.4671839757        187.0420097       -2.503577056         3.79873176         3.81804092        1.076841473      0.04099980729     -0.01394093149     0.001192296768    1.835538656e-06      0.00183259091       -19.58492504       -8.726158908                  0                  0                  0                  0                  0        34.72829128        19.85223716        7.329877697        7.538745969       -4.982094889      -0.3756149303 "MONITOR"                            0                  0    0.0001916923851       0.7635508952   -0.0002608972413     0.007180337303
 "BPM.30R2.B1"              1642.293545        180.0008266       -2.455561498        34.94711225       0.6281620609        3.929915419        3.923646469        2.112837842      0.04130840362      0.02926080073   -9.055309291e-05    2.135634401e-06    0.0004764121348       -30.78929474       -2.198113187                  0                  0                  0                  0                  0        35.14258107        18.64285435        7.600996671         7.65336406        -1.24596233        1.332055981 "MONITOR"                            0                  0     -0.01121085565        0.723578882    0.0002097527932      -0.0230405069
 "BPM.31R2.B1"               1695.74206        32.58400027       0.5650920548        158.7473825       -2.150101821         4.04234546        4.063202125        1.072186191      0.09467190054     -0.01406277595     0.001039505604   -8.078632966e-07   -0.0004594723432        1.428584276        2.373780543                  0                  0                  0                  0                  0        35.12712428        17.83157839        7.834942197        7.918447831      -0.6633374252       0.6589116073 "MONITOR"                            0                  0     -0.00270824341        0.590245189   -0.0002072593353     0.005834807371
 "BPM.32R2.B1"              1749.190576        161.5179871        -2.25246147        34.89528841       0.4610012598        4.186808399        4.179842619        2.095275923      0.02277847581      0.02901296499    -0.001478282587   -5.635012518e-06   -0.0006943256933        39.94967064        3.176165211                  0                  0                  0                  0                  0        34.66040695        17.39635822        8.117598707        8.242578697       -5.254871578      -0.6880804727 "MONITOR"                            0                  0     -0.01436973193       0.8493894251    0.0001062921065     -0.01514191952
 "BPM.33R2.B1"              1802.639092         33.8343311       0.4705125914         187.333779       -2.522125683        4.304192238        4.305084529        1.066084684     -0.03095996301     -0.01382301099    -0.001004955069   -2.241023018e-06     -0.00187320076        21.23562394        8.213303455                  0                  0                  0                  0                  0        41.47766072         17.0057849        8.370187227        8.510603915       -5.221228831       0.4671842721 "MONITOR"                            0                  0      0.00588663786         0.94696483   -5.180728296e-05      0.01049335463
 "BPM.34R2.B1"              1856.087608        179.6892529       -2.447395416        35.46070903       0.6354812506        4.435182263         4.40967971        2.094217638     -0.03514944008      0.02909921106    3.413684902e-06   -6.687672025e-06   -0.0005377861939        26.20685154        2.423026548                  0                  0                  0                  0                  0        42.34456269        18.25270483        8.638818551        8.614878122      -0.5801366984         2.20012601 "MONITOR"                            0                  0     -0.01644356696        1.048566054    6.689260098e-05     -0.01809972036
 "BPM.33L3.B1"              1909.536124         32.4493821       0.5616548832        158.6418715       -2.133980093        4.548012088        4.547914706         1.07074705     -0.08482054013     -0.01371487958   -0.0009639658235   -2.395636898e-06    0.0002938846866       -1.083699414      -0.9928557826                  0                  0                  0                  0                  0         42.7910686        17.88053256        8.871790383        8.876023666      -0.8707883142        2.091313689 "MONITOR"                            0                  0     0.006460566373        1.243267536   -0.0001020562553      0.01557050759
 "BPM.32L3.B1"               1962.98464        161.8504949       -2.260896899        34.38678235       0.4550037262         4.69269068        4.665665425        2.111696941     -0.02180144085      0.02934656391     0.001301855617    -7.05289322e-07    0.0006467850894       -34.20963319       -2.538594222                  0                  0                  0                  0                  0        42.00150904        14.83104076        9.156534934        9.204878789       -6.436569519        0.687668339 "MONITOR"                            0                  0     -0.01658231566        1.232347986    0.0002247441572     -0.02870039545
 "BPM.31L3.B1"              2016.433156        33.96877092       0.4740777557        187.2283277       -2.535372783        4.809639123        4.792132481         1.07684892      0.02109771923     -0.01395289396    0.0008005514424    1.658046955e-06     0.001899180976       -16.64647314       -7.589751301                  0                  0                  0                  0                  0        41.63480556        15.95683998        9.383834236        9.475066472       -6.011848388        1.456159792 "MONITOR"                            0                  0      0.01005035214        0.869796123   -0.0001181334086     0.009571712565
 "BPM.30L3.B1"              2069.881672        179.3243077       -2.438816657        35.95992411       0.6398397785        4.940476757         4.89592097        2.112284848      0.02799441167       0.0292504546    6.165392051e-05    7.843556059e-07    0.0005949395573       -17.98894839       -2.364234962                  0                  0                  0                  0                  0        42.62368925        19.72935428        9.651919352        9.582397919       -1.379172241        3.306492161 "MONITOR"                            0                  0    -0.009060607262       0.6887775054    9.499358201e-05     -0.01743080105
 "BPM.29L3.B1"              2123.330188        32.32384018       0.5580245388        159.0096384       -2.124381841        5.053710392        5.032637534        1.071884101      0.07266413178     -0.01405722993    0.0008649485137   -1.317260615e-06   -0.0001260777581        3.381779734        0.583333514                  0                  0                  0                  0                  0        34.75069303        21.01950418        9.862117529        9.852696876       -1.393957237        3.566875174 "MONITOR"                            0                  0      0.00169734283       0.6076099355   -0.0001441061467     0.007864897223
 "BPM.28L3.B1"              2176.778704        162.2361861        -2.26965227        33.89928746        0.452113521        5.198539624         5.15125953        2.094766209      0.02039468754      0.02900849574    -0.001087105735   -5.448487279e-06   -0.0005942196315        31.61209615        2.275360618                  0                  0                  0                  0                  0        34.02653753        16.11842833        10.14592231        10.16489654        -5.97768177        1.855223584 "MONITOR"                            0                  0     -0.01405381467       0.9260923594    2.848727933e-05    -0.009573278327
 "BPM.27L3.B1"               2230.22722        34.09101694       0.4778061067        186.6314526       -2.541638475        5.315059758        5.279155539        1.066043801     -0.01209514949     -0.01381351724   -0.0006080562342    -2.01490104e-06    -0.001910327339        17.56760435        7.155350109                  0                  0                  0                  0                  0        33.78421621        16.83726231        10.37071077        10.43900159        -5.92851828        2.289988001 "MONITOR"                            0                  0      0.01493363383       0.9991551581    7.561067369e-05      0.01230230756
 "BPM.26L3.B1"              2283.675735        178.9204467       -2.429662603        36.43281033       0.6415118638        5.445768664        5.382333669        2.094778317     -0.02131865486      0.02911065322   -0.0001189042243   -6.440768015e-06   -0.0006474678411        23.52873374        2.504946508                  0                  0                  0                  0                  0        34.63731929        22.39493755        10.64028137        10.56206518       -2.192574208        4.332646288 "MONITOR"                            0                  0     -0.01490465454         1.03403753   -7.166340798e-05     -0.01044439393
 "BPM.25L3.B1"              2337.124251        32.19707467       0.5541099898        159.7815376       -2.120826707        5.559429328        5.517416804        1.071151139     -0.05999896335     -0.01371857174   -0.0007460552423   -2.276698052e-06   -4.278875178e-05       -2.302684429       0.4038723688                  0                  0                  0                  0                  0        27.25109478        23.75856651        10.84379091        10.83078228       -1.879237752        5.008659564 "MONITOR"                            0                  0      0.01401190991        1.277120836    2.290616604e-05      0.01739379561
 "BPM.24L3.B1"              2390.572767        162.6657625        -2.27905345         33.4472871        0.451919096        5.704390714        5.636672052        2.112349986     -0.01815668223      0.02935161079    0.0008775619947   -3.734723527e-07    0.0005369872977       -35.60718215       -1.818955545                  0                  0                  0                  0                  0        26.67162506        17.34513864        11.12576807        11.12894288       -5.517809827        3.087321887 "MONITOR"                            0                  0      -0.0157451662         1.25734592    9.380264161e-05     -0.02107526364
 "BPM.23L3.B1"              2444.021283        34.21589611       0.4818391728        185.6546498        -2.54195987        5.820460175        5.766122798        1.076857115     0.007065707009     -0.01396589872    0.0004783526744    2.004357449e-06     0.001906550092       -19.30097091       -6.788407945                  0                  0                  0                  0                  0        33.84812327        15.93955959         11.3786629        11.39970167       -5.278542471        3.023408104 "MONITOR"                            0                  0      0.01744312453        1.005216779   -5.805613439e-06      0.01306246089
 "BPM.22L3.B1"              2497.469799        178.4682579       -2.420290491        36.85774122       0.6399451972        5.951088558        5.868932743         2.11164931      0.01638566319      0.02923853464    0.0001288603172    1.517503943e-06    0.0006949127316       -25.79242288       -2.459948807                  0                  0                  0                  0                  0        34.76310131        23.58558005        11.64793473        11.53334025       -1.545708979        5.032739614 "MONITOR"                            0                  0    -0.009075924338       0.8105639919    8.467134549e-06     -0.01310233988
 "BPM.21L3.B1"              2550.918315         32.0817695       0.5501087698        161.0018209       -2.124391035        6.065170416        6.002297802        1.071510482      0.04880214659     -0.01405142614    0.0006244160441    -1.12236497e-06    0.0002112390393        1.170323145      -0.6883200455                  0                  0                  0                  0                  0         27.0963747        25.01310163        11.85422368        11.80068469       -1.410674184        6.231554575 "MONITOR"                            0                  0      0.01133903967       0.6715987879   -1.981382669e-05     0.009819587182
 "BPM.20L3.B1"              2604.366831         161.497345        -2.26777425        34.87155353       0.4744148871        6.211197477        6.118019912         2.07482249      0.01610687751      0.02863573713   -0.0006936072836   -5.586780582e-06   -0.0004722117098        32.99951396        1.611689774                  0                  0                  0                  0                  0        26.42384125        16.92077959        12.13881277        12.07809344       -5.057354948        4.446869956 "MONITOR"                            0                  0     -0.01177576935       0.8912254316   -0.0001051310675    -0.002036913065
 "BPM.19L3.B1"              2657.815347        36.21054668       0.4940659596         182.765555       -2.461199525        6.323861728        6.245274266        1.088189816    -0.001497226446     -0.01298970518   -0.0003381774757   -2.156111978e-06    -0.001867569316         17.9620923        6.317247574                  0                  0                  0                  0                  0        33.74906726        15.18183792        12.38198894        12.33830069        -4.67893061        3.741750099 "MONITOR"                            0                  0      0.02206364458       0.9781250477    0.0001949202491      0.01335676205
 "BPM.18L3.B1"              2711.263863        178.7844616       -2.367002457        37.42282431       0.6286512093        6.449596252        6.348129282        2.174607481     -0.01117002793      0.03021805735   -0.0001455024229   -6.515597154e-06   -0.0007584823543        22.73642245        2.655329967                  0                  0                  0                  0                  0         34.5340204        25.15786057        12.64251199        12.49526806       -1.071341039        5.583637695 "MONITOR"                            0                  0     -0.01243489082       0.9735026982   -0.0001973043876    -0.002038494303
 "BPM.17L3.B1"              2764.712379        32.11778167       0.5518315923        162.2692024        -2.12459073        6.563513597        6.479442929        1.133115782     -0.03714294378     -0.01415977831    -0.000500418504   -2.183586907e-06   -0.0004632992243       -2.890065049        1.850461492                  0                  0                  0                  0                  0        26.80140057        26.57238212        12.84543221        12.76128071      -0.7874522448        7.444617255 "MONITOR"                            0                  0      0.02104709453        1.244354653    0.0001488069754      0.01825777435
 "BPM.16L3.B1"              2818.160894        161.2772785       -2.263850193        34.33718037       0.4767569635        6.709562627        6.595702487        2.212986259     -0.01246148193      0.03015294746    0.0005261681348   -1.952677524e-07    6.078995072e-05       -36.50838706       -1.082467435                  0                  0                  0                  0                  0        26.28836344        16.35899915        13.12919954        13.01933631       -4.402160884        5.975697098 "MONITOR"                            0                  0     -0.01424962094        1.241230334   -5.881484732e-05     -0.01116507539
 "BPM.15L3.B1"               2871.60941        36.17233083       0.4923480475          181.12232       -2.454812612        6.822390645        6.724985245        1.116859284    0.0001630826882     -0.01523445641    0.0002333271445    1.767538647e-06    0.0007041357709       -20.06847586       -5.861901508                  0                  0                  0                  0                  0        33.91842643        14.52907209        13.37641917        13.27611191       -4.147218275        4.672141716 "MONITOR"                            0                  0      0.02638006369        1.075439911    0.0001530673263      0.01517548922
 "BPM.14L3.B1"              2925.057926        179.0078428       -2.371182732        37.89684504       0.6233575668        6.948120341        6.827635913        2.113515629     0.009567718402      0.02856928074    0.0001620161084    5.431100654e-06    0.0002569525022       -26.99825603       -2.687425968                  0                  0                  0                  0                  0        34.62154921        25.97998274        13.63719653        13.45872242      -0.5188873296        6.169359296 "MONITOR"                            0                  0    -0.009542912908       0.9121510686   -0.0001693977062    -0.003548632884
 "BPM.13L3.B1"              2978.506442        32.16060175       0.5536677723         164.283932       -2.137438251         7.06185754        6.956829483        1.071778352      0.03283228714     -0.01407365587    0.0004469733967    1.658148118e-06    5.892041507e-05       0.6793339981       -2.497504003                  0                  0                  0                  0                  0          27.277956        27.26221537        13.83971102        13.72229559      -0.1313497576        8.531325552 "MONITOR"                            0                  0      0.02160010707       0.9584097449    0.0001387353452       0.0151320242
 "BPM.12L3.B1"              3031.954958        163.7028323       -2.293461296        31.04077618       0.4501111624        7.206315908        7.079609523        2.105491801      0.01111668684       0.0292146107   -0.0004535416831   -5.438164853e-07       1.222995e-05         32.7134109       0.7771549875                  0                  0                  0                  0                  0        26.72399725        17.22379199        14.12049806        13.96926795       -3.755289045        7.398755844 "MONITOR"                            0                  0     -0.01193279154        1.037428906   -0.0001665598335    -0.001566311332
 "BPM.11L3.B1"              3085.403474        29.41804916       0.4275675786        186.4120842       -2.628508032        7.333297533         7.21535813        0.975770637     0.001212030474      -0.0157398371   -0.0001714448681   -1.730592251e-06    -5.27401736e-07        16.28939176         5.60481788                  0                  0                  0                  0                  0        33.61603694        15.40303982        14.39520944        14.23795129       -3.361686248        5.599019749 "MONITOR"                            0                  0      0.03160610143       0.9450427349    0.0002870268379      0.01465006619
 "BPM.10L3.B1"              3138.184185        178.7639417       -2.586726533        37.47137438       0.6601557698        7.474724404        7.315865147        1.593426502    -0.008849156815       0.0200331081   -0.0001917219478   -5.303396396e-06   -1.084466364e-05         17.9901295        2.656835174                  0                  0                  0                  0                  0         35.2278481        25.38886376        14.68315718        14.43186505       0.5043407364        6.728343683 "MONITOR"                            0                  0    -0.007278506144       0.7633655083    -0.000299244873     0.005022970323
 "BPM.9L3.B1"               3177.249195        54.39063572        1.134269959        110.9191698       -1.680382771        7.534892018        7.428116573       0.8713674247     -0.02610055863     -0.01559965226   -0.0004605611516   -2.476850531e-06   -3.029676883e-05        2.961469969        2.794338084                  0                  0                  0                  0                  0        35.96170465         26.4429797         14.8092419        14.65233081       0.4863511018        9.180896673 "MONITOR"                            0                  0      0.02394827934       0.9724468451    0.0002692924807      0.01894693138
 "BPM.8L3.B1"               3217.712206        166.1179509       -2.326958394        14.21277628        0.145634761        7.614368716        7.605445366        1.618480278    -0.006465316622      0.02746840119    0.0005757527576   -2.386586874e-06   -6.967499866e-06       -13.26038804      -0.8062822487                  0                  0                  0                  0                  0        35.16842572        27.37969147        14.96363997        15.02074668       -1.664631548           6.969428 "MONITOR"                            0                  0     -0.01170610772       0.7338244863    4.696590358e-05      -0.0193350977
 "BPM.7L3.B1"               3256.776216        54.85714096        1.015335193         157.452991       -3.509860553        7.676922804        7.776576646        1.199081292      0.01094762215    -0.007730603284    0.0004375250901   -2.403903264e-07    1.433007698e-05       -13.61716568       -5.697915252                  0                  0                  0                  0                  0        36.24327089        26.71092066        15.08545606        15.38159346       -3.883686271        5.553665411 "MONITOR"                            0                  0    -0.002073162321       0.8009430883   -0.0002654176364     0.009989783604
 "BPM.6L3.B1"               3329.415216        209.2588326        2.258044826        83.11662369       -1.353245565        7.792210351        7.887800205        2.780753243      0.02032159295     -0.03187667527    0.0004732248856    3.532547794e-06     2.39133833e-05       -38.83865374       -3.158305479                  0                  0                  0                  0                  0        35.74779221        25.94283429        15.32252204        15.60188883       -5.105905866        8.124755347 "MONITOR"                            0                  0     0.002743224935       0.8572038941   -0.0002430077737    -0.005990479034
 "BPMWG.A5L3.B1"            3371.119716         71.6077762        1.042583567        255.2351504       -2.773847291        7.847540883        7.934018075        1.466353095      0.04003477148     -0.03187667527    0.0004732229626    2.879690466e-06    4.630922457e-05       -19.72710209       -3.973302006                  0                  0                  0                  0                  0        34.62125617        27.28534981        15.43113441        15.69154924       -3.803411484        8.805006849 "MONITOR"                            0                  0    -0.007391292473       0.9156231289    -0.000243007613     0.004143986265
 "BPMW.5L3.B1"              3400.089716        59.92399757      -0.5751164868        285.1626265        1.918658576        7.926234123        7.949940586       0.8535068102       0.0431301417     -0.01256063268   -0.0002690817491    3.135503344e-06    4.961311739e-05       -10.87837095       -3.531565906                  0                  0                  0                  0                  0        34.40055101        27.41438194        15.58631424        15.72298685       -1.282504118        8.905453405 "MONITOR"                            0                  0       -0.030517126        1.392347251    0.0001250908989     -0.01199470572
 "BPMWE.4L3.B1"             3475.217716        271.6823341       -2.243517532        89.52853638       0.6853517811        8.026434626        8.027848165     -0.09015099454      0.02293854915     -0.01256063268   -0.0002690817491    5.728320529e-06    2.563201643e-05        3.032003632      0.09194256556                  0                  0                  0                  0                  0        35.23340047        27.96200212        15.78009254        15.88514392     -0.07438631638        8.127106474 "MONITOR"                            0                  0     -0.02111929694         2.07785954    0.0001250908989     -0.02139253477
 "BPMW.4L3.B1"              3502.762716        246.8374339         3.46007848        109.2777654       -1.708937993        8.041781436        8.077415445      -0.3801338296      0.02129294193    -0.006976897183    0.0001813887914    5.115828054e-06    2.322837369e-05        6.814789025        1.573824326                  0                  0                  0                  0                  0        35.48988514        27.66906499        15.81083989         15.9849091       -0.241066449        6.827884261 "MONITOR"                            0                  0      0.02298246469        2.081166912    0.0001662931775      0.02340731694
 "BPMW.4R3.B1"              3547.727716        41.92770524        1.097015452        335.4988629       -3.322110543        8.114646203        8.115142967      -0.6938460905      0.02944109044    -0.006976897183    0.0001813887914    1.194913813e-06    3.122687516e-05        9.718136037         4.54544617                  0                  0                  0                  0                  0        37.81721237        26.35991607        15.95833518        16.05479823       -2.270622137        5.782988559 "MONITOR"                            0                  0      0.03045983742        1.764050329    0.0001662931775      0.01592994422
 "BPMWE.4R3.B1"             3575.272716        30.54807623      -0.5931520435        349.3874469         2.67114036        8.269094857        8.127072269       -1.076705378      0.02713909165     -0.02154243982   -0.0003215299238   -1.075547676e-06    2.841023961e-05        14.29920595        5.172991249                  0                  0                  0                  0                  0        38.79652846        26.26467393        16.26973882        16.07791725       -6.206888099        5.485146767 "MONITOR"                            0                  0     0.001299103219        1.390295343   -0.0001463231948     -0.00889727595
 "BPMW.5R3.B1"              3650.400716        369.4435267       -3.917755348        79.45014874       0.9218915077        8.394113498        8.201524529       -2.695139377     0.003009663629     -0.02154243982   -0.0003215299238    -7.49557776e-06    1.938138872e-06        35.06837381        3.713170212                  0                  0                  0                  0                  0        40.82901049           26.71248        16.53032806        16.21664995       -2.792442761        4.249561804 "MONITOR"                            0                  0    -0.009693865758        1.450141542   -0.0001463231948     0.002095693026
 "BPMWJ.A5R3.B1"            3679.118716        321.4889208        4.497394231        94.16759434       -1.385596316        8.405994997        8.261725039       -2.326233118    -0.006098416989       0.0406493237   -0.0003472898087   -7.126128365e-06   -8.576111142e-06        29.23547166        4.512167312                  0                  0                  0                  0                  0        40.83526164        27.05343572        16.55604845        16.33784039       -2.336235829        4.452573706 "MONITOR"                            0                  0      0.03016890223        1.826999919    0.0005232633351      0.03804832004
 "BPMWC.6R3.B1"             3718.936716        68.01652461        1.868379964        253.6716461       -2.620227777        8.449386325        8.303195445      -0.7226621302     -0.01991022415       0.0406493237   -0.0003472889921   -3.346134484e-06   -2.514218978e-05        5.881756658        7.329518051                  0                  0                  0                  0                  0        40.69527532        27.36316229        16.65308215        16.42778199       -1.009973482        5.233027394 "MONITOR"                            0                  0       0.0510041572        1.311121617    0.0005232607836      0.01721295974
 "BPMR.6R3.B1"              3731.015216        40.72146259       0.3699111802        266.2887273        2.527125592        8.488016621        8.310253461      -0.2797005314     -0.02200900471      0.03193259359    7.414481086e-05    -2.47506308e-06    -2.75359659e-05      -0.9133440931        7.443074536                  0                  0                  0                  0                  0        40.55186076        27.35726795        16.73240104        16.44267223      -0.5043729344        5.403582005 "MONITOR"                            0                  0      0.03187912609       0.8608747684   -0.0003832354392    -0.004330223477
 "BPM_A.7R3.B1"             3786.839216        86.42090694       -1.188545537        70.58121546       0.9786696189          8.6830831        8.376999591        1.502902254       -0.017876262      0.03193259359    7.414481086e-05   -1.557361302e-07   -2.121874788e-05       -31.20808764        3.136542057                  0                  0                  0                  0                  0        39.27372509        25.97675039        17.12605069        16.58036732       -6.060144762        7.047730465 "MONITOR"                            0                  0      0.01048539093       0.0338079097   -0.0003832354392      0.01706351168
 "BPM.8R3.B1"               3825.903227        35.80644247       0.2449240581        176.5538455       -2.067469828        8.796596643        8.438069355        1.306075515     -0.03345954235    -0.002052258866   -0.0004339239777    1.514286505e-06   -3.868530089e-05       -17.90274288        3.212343879                  0                  0                  0                  0                  0        39.71706045        26.79808196        17.34947465         16.6989084       -6.487190795        7.981392783 "MONITOR"                            0                  0      0.02680238717       -0.208684487    0.0004350502772     0.003771530654
 "BPM.9R3.B1"               3864.968238        136.5763513       -2.122396068        68.12763204        1.036957617        8.896219426         8.49310669        2.513679611     -0.02113503551      0.03861862718    0.0003610759998    4.574756002e-06   -2.390904285e-05       -18.29325557       0.7347560966                  0                  0                  0                  0                  0        41.12977181        27.28592934        17.55065182         16.8147204       -3.022808761        7.859985193 "MONITOR"                            0                  0      0.01865615917      -0.6230858981   -0.0004135272159      0.02409589902
 "BPM.10R3.B1"              3905.431248        56.84403553       0.6990713053        156.7420805       -1.708536629        8.967044549        8.561484862         1.61145168     -0.02744377548     -0.02049592424   -0.0001904276405    3.019426722e-06    -3.01043598e-05         1.03385678       -1.398663082                  0                  0                  0                  0                  0        40.56367439        26.65670192        17.69519744        16.94781496       -1.091415106        6.469229002 "MONITOR"                            0                  0      0.01268082275      -0.7625954007    0.0002947556911    -0.002594885467
 "BPM.11R3.B1"              3958.211959        178.5119696       -1.865154697        41.29916769       0.4679864191        9.059507046        8.668945019         2.65412382    -0.005553997747       0.0256503905    0.0004411757596    3.962267234e-06   -5.209228219e-06        28.08288837       -2.428393245                  0                  0                  0                  0                  0        40.24768841        28.03173155        17.87537793        17.15987794       -1.975504724        3.782195566 "MONITOR"                            0                  0      0.01400545319      -0.7550507376   -0.0003475823185      0.03243850969
 "BPM.12R3.B1"              4012.935475        40.09459573       0.5400940962        176.4664292       -2.119617558        9.165572991        8.785677667         1.24650679      0.01305551883     -0.01939819944    0.0003364878855    3.878173114e-07    1.720952185e-05        20.30306642       -6.343184543                  0                  0                  0                  0                  0         35.5081865        25.63139048        18.12629373        17.39821853       -5.483149786        4.079385939 "MONITOR"                            0                  0      0.01480332407      -0.5961300084    0.0003316341519   -0.0003904350579
 "BPM.13R3.B1"              4066.383991         172.046695       -2.175180441        36.06639686       0.5774937712        9.286232985        8.893109463        2.092665533      0.01353626805      0.02588869328   -9.815649092e-06   -3.040980045e-06    1.601337013e-05        34.88394191       -2.117204533                  0                  0                  0                  0                  0        34.49313952        27.79131008         18.3720967        17.58506196        -5.69445626        6.775127762 "MONITOR"                            0                  0      0.01065307084      -0.4485870911   -0.0004211465539      0.03578266167
 "BPM.14R3.B1"              4119.832506        35.19824729        0.546598938        160.9385393       -2.143271798        9.396667482        9.028260344        1.065974411      0.03075084385     -0.01372576405    0.0003414072285   -2.324218268e-06    3.432790241e-05        4.221142299       0.1475322464                  0                  0                  0                  0                  0        39.92448103         29.1170412        18.56488049        17.85293067       -1.837670136        7.199026979 "MONITOR"                            0                  0      0.02605876206       -0.309806669    0.0005155573271     0.001243744122
 "BPM.15R3.B1"              4173.281022        167.4551594       -2.248362104        35.55879378       0.4808951212        9.530326794         9.14263951        2.080483773     0.007463582874      0.02883900568   -0.0004789854068   -4.429693195e-06    7.548974129e-06       -27.26775497        1.933407269                  0                  0                  0                  0                  0        40.88332611        27.18386194        18.82827468        18.10207398      -0.4652803539        4.314072463 "MONITOR"                            0                  0      0.01477042358      -0.6392009151   -0.0004514544047      0.03257423466
 "BPM.16R3.B1"              4226.729538        32.90608511       0.4956458489        183.2258385       -2.447799227        9.647147967        9.268109753        1.096386932    -0.009659432217     -0.01295088763   -0.0003122029283   -6.156096516e-07   -1.348013457e-05       -20.66216203        6.486694374                  0                  0                  0                  0                  0        35.06528089        25.48687208        19.08608334        18.35762981       -4.176706987        3.712376492 "MONITOR"                            0                  0      0.01770267723      -0.5760213303    0.0003885544964    -0.001769594068
 "BPM.17R3.B1"              4280.178054        171.6405388       -2.370007091        36.74623169       0.6248060681        9.784686211        9.371921199        2.196053697     -0.01253726024      0.03047762912   -3.957366474e-05    2.993728508e-06   -1.500826066e-05       -40.65217215          2.3824156                  0                  0                  0                  0                  0        34.30464032        28.32746247        19.36713028        18.54298051       -5.006797395        6.211918362 "MONITOR"                            0                  0      0.01248227901       -0.580735492    -0.000455871451      0.03660753102
 "BPM.18R3.B1"               4333.62657        35.20232051       0.5460059605        161.3224392       -2.130992935        9.895154991        9.505337724        1.138730736     -0.03205881928     -0.01448668192   -0.0003836859392    2.318145964e-06    -3.61471687e-05       -7.145919937       0.7234874342                  0                  0                  0                  0                  0        40.33194875        29.80304842        19.55948012         18.8101809        -1.15106206        7.506920826 "MONITOR"                            0                  0      0.02223003139      -0.4197460147    0.0004836845693   -0.0004781355438
 "BPM.19R3.B1"              4387.075086        167.5627385       -2.249621853        34.96117386       0.4773416376        10.02874719        9.620737402        2.207519129    -0.009157583649      0.02995213424    0.0004737020911    4.458536356e-06   -9.574289304e-06        20.78124454       -1.613833658                  0                  0                  0                  0                  0        41.36820651        26.66665048        19.82313414        19.05846826        0.386082295        4.825453855 "MONITOR"                            0                  0      0.01561038777      -0.7325593444   -0.0004120204962      0.03162404772
 "BPM.20R3.B1"              4440.523602        32.90094567       0.4962324853        182.4440389       -2.454343673        10.14553332        9.747925255        1.108719252     0.005330448932     -0.01527622484     0.000260409839    6.379435277e-07    8.602347306e-06        17.66469155       -6.391823833                  0                  0                  0                  0                  0        34.90197151        24.79791051        20.08132817        19.31426512       -3.284507249        3.451048865 "MONITOR"                            0                  0      0.01436366814      -0.6947905299    0.0003553534582     -0.00382461342
 "BPM.21R3.B1"              4493.972118        171.5324187       -2.368772501        37.31129652       0.6256803462        10.28314488        9.851071911        2.092053495      0.01130122878       0.0283084576    0.0001035482868   -2.950978602e-06    1.371630671e-05        34.71025839       -2.601263272                  0                  0                  0                  0                  0        34.10404896        28.52181296         20.3624392        19.50313895       -4.234124052        5.628063211 "MONITOR"                            0                  0       0.0135906272      -0.7006966399   -0.0004264454963      0.03612711012
 "BPM.22R3.B1"              4547.420634        35.20820029       0.5454236325        162.4882688       -2.130332165        10.39364446        9.982525684        1.066089545      0.03277829926     -0.01374785159    0.0004188309411   -2.311854799e-06    3.730795434e-05        4.537737936       -1.586817285                  0                  0                  0                  0                  0        39.89365004        29.93971629        20.55658982        19.76821165       -0.444064556         7.64899806 "MONITOR"                            0                  0       0.0179372266      -0.5267344188    0.0004404015727    -0.002231206643
 "BPM.23R3.B1"               4600.86915        169.5765648        -2.27575887        32.62142614       0.4590816148        10.52621167        10.10239041         2.09872477      0.01014270275       0.0291841625   -0.0004699579321   -4.530021656e-06    1.080563035e-05       -25.96599643         1.29273617                  0                  0                  0                  0                  0        40.94978066         26.4868086        20.81800766        20.01958114        1.179210189        5.274780511 "MONITOR"                            0                  0      0.01569453978      -0.7789756457   -0.0003786339861      0.03106709143
 "BPM.24R3.B1"              4654.317666          31.147504       0.4863997548        182.6092959       -2.526443766        10.64609565        10.23541769        1.073385032    -0.002602324305     -0.01375640224   -0.0002262909243   -6.134353304e-07   -5.525682986e-06       -19.72491601        6.303451932                  0                  0                  0                  0                  0        34.70322181        24.70529195        21.08056205        20.28646741       -2.526085479        3.306533611 "MONITOR"                            0                  0      0.01241394573      -0.7581778847    0.0003429118848    -0.005438348233
 "BPM.25R3.B1"              4707.766181        172.1759169       -2.433317711         37.6346334        0.630094165        10.78866656        10.33796224        2.115466542     -0.01040343195      0.02937111416   -0.0001416355693    3.107778722e-06   -1.276453753e-05       -39.33335918        2.719480481                  0                  0                  0                  0                  0        34.03383478        28.71665683         21.3723375        20.47819696       -3.378302231        5.215767307 "MONITOR"                            0                  0      0.01461665522      -0.8003293986   -0.0004046192002      0.03531204025
 "BPM.26R3.B1"              4761.214697        35.20947126       0.5497445881        164.4689149       -2.147222243        10.89888384        10.46768511        1.076727536     -0.03301047536     -0.01403105811   -0.0004389446325    2.333371422e-06   -3.779642293e-05       -6.391499002        2.142497603                  0                  0                  0                  0                  0        39.57381892        30.09695348        21.56400748        20.74135336       0.4333194887         7.61450865 "MONITOR"                            0                  0      0.01380726574      -0.6254982093    0.0003965298085    -0.004016544014
 "BPM.27R3.B1"              4814.663213        168.8520413       -2.266419217        32.35434592       0.4679595149        11.03182368        10.58725983         2.10766295     -0.01106638242      0.02916606013    0.0004574067244    4.420595082e-06   -1.193366966e-05        21.72551607       -1.055898562                  0                  0                  0                  0                  0        40.57552143        26.25791637        21.82598045        20.98850797        1.830979322        5.631445855 "MONITOR"                            0                  0      0.01621073409      -0.8597439049   -0.0003334565476      0.02951545018
 "BPM.28R3.B1"              4868.111729        31.14992799       0.4821450224        180.4882758       -2.506631752         11.1520218        10.72205927        1.069300323   -0.0003273399521     -0.01401246003    0.0001873413286    5.312666563e-07    2.185599656e-06        17.38848887       -6.125347293                  0                  0                  0                  0                  0        34.63079435        24.52822133        22.09073979        21.25701121       -1.924711022        3.219644182 "MONITOR"                            0                  0     0.008439316533       -0.849325196    0.0002976349006    -0.007204647066
 "BPM.29R3.B1"              4921.560245        172.8961541        -2.44248938        37.86049894       0.6199569705         11.2941711        10.82494529        2.091187754     0.009421612725      0.02898642603      0.00018223589   -3.263526771e-06    1.170996011e-05        32.99129571         -2.8169173                  0                  0                  0                  0                  0         34.0416467         28.8019635        22.38190307        21.45372498       -2.512295608        4.814018749 "MONITOR"                            0                  0      0.01516575028      -0.8837420603   -0.0003578417166      0.03351713776
 "BPM.30R3.B1"              4975.008761        35.20259016       0.5539215804        166.7149694       -2.169842694         11.4041262        10.95303431        1.066217831      0.03294670919     -0.01373833951    0.0004548520943   -2.352012009e-06     3.79895283e-05        6.102072093       -2.713744527                  0                  0                  0                  0                  0        32.21804706        30.16872324         22.6028706        21.70423901       0.7095594302        7.628382173 "MONITOR"                            0                  0     0.009407670508       -0.715895945    0.0003438961557    -0.005752886632
 "BPM.31R3.B1"              5028.457277        168.1367298       -2.257446144        32.17223736       0.4792921036        11.53745737        11.07202252        2.099571247      0.01187880966      0.02919782162   -0.0004409769965     -4.3074004e-06    1.296870779e-05       -18.33328485       0.7899276648                  0                  0                  0                  0                  0        32.93691473        26.11077362        22.86369894        21.94462293       0.9091985891        6.291862741 "MONITOR"                            0                  0      0.01657641642      -0.9318124169   -0.0002803485553      0.02739966838
 "BPM.32R3.B1"              5081.905793        31.16295549        0.478066155        178.1332493       -2.481339001         11.6579429         11.2085309        1.073763461      0.00321218208      -0.0137663847   -0.0001472897027   -4.495595574e-07    1.172279569e-06       -16.66569949        5.862914035                  0                  0                  0                  0                  0        28.81490138          24.532639        23.14134363        22.21396366       -2.255717429         3.37232902 "MONITOR"                            0                  0     0.004194473664      -0.9386000687    0.0002455620941    -0.009007990404
 "BPM.33R3.B1"              5135.354309        173.6055444       -2.451196059        37.99809638       0.6075184054        11.79964725        11.31198993        2.115789815    -0.008370367268       0.0293705698   -0.0002206414748    3.413336145e-06    -1.05636828e-05       -37.62869736         2.88783612                  0                  0                  0                  0                  0        28.70648866        29.04044021        23.43360078        22.41841966       -1.647483652        4.441686844 "MONITOR"                            0                  0      0.01549393467       -0.957760139    -0.000308374861      0.03149977834
 "BPM.34R3.B1"              5188.802825        35.18453853       0.5579054289        169.1586985       -2.197560801        11.90936705        11.43858904        1.076594812     -0.03262961138     -0.01404002155   -0.0004672747175    2.367728037e-06    -3.78859817e-05        -5.15245794        3.259248152                  0                  0                  0                  0                  0        27.05141898        30.63104252        23.65770493         22.6679391       0.9253770741        7.550051882 "MONITOR"                            0                  0     0.004939374426      -0.7920018262    0.0002891910738    -0.007355872452
 "BPM.33L4.B1"               5242.25134        167.4343024       -2.248982721        32.07935683       0.4927204535        12.04311482        11.55672159        2.106837295     -0.01259904921      0.02915286951    0.0004211750673    4.186883789e-06   -1.390219369e-05         24.3222951      -0.5191176452                  0                  0                  0                  0                  0        27.32921251        26.51209114        23.91727688        22.90076802     -0.03192785533        6.926111522 "MONITOR"                            0                  0      0.01658468971       -0.983964574   -0.0002251116212       0.0249179241
 "BPM.32L4.B1"              5295.699856        31.18536661       0.4741772246        175.6202476       -2.451438388         12.1638614        11.69481919        1.068948985    -0.006036484984     -0.01400237081    0.0001068199498    3.659871492e-07   -4.520149336e-06        20.70287697        -5.52468287                  0                  0                  0                  0                  0        29.16673439        24.62837409        24.15521706        23.18171489       -3.194482325          3.7437043 "MONITOR"                            0                  0    2.473566751e-05       -1.002891622    0.0001914611292     -0.01053271503
 "BPM.31L4.B1"              5349.148372        174.3001654        -2.45942742        38.04481885       0.5931967753        12.30510386        11.79906753        2.090934573     0.007278648025      0.02898781317    0.0002570756247   -3.561113314e-06    9.335175967e-06        41.67106004       -2.914264132                  0                  0                  0                  0                  0         29.1871414        29.06203918        24.44650689         23.3926066        -2.28425098          4.3746618 "MONITOR"                            0                  0      0.01553233664        -1.01101725   -0.0002524448405      0.02877033579
 "BPM.30L4.B1"              5402.596888        35.15781162       0.5616966231        171.7221146       -2.229443859        12.41461193         11.9243565        1.066386376      0.03213277902     -0.01373008388    0.0004770747755    -2.38057835e-06    3.748645481e-05        5.403000581       -3.713521093                  0                  0                  0                  0                  0        31.53287955        29.97259029        24.62192523         23.6509412       0.8521602308        7.448630182 "MONITOR"                            0                  0    0.0003955544461      -0.8545082174     0.000228039775    -0.008825239447
 "BPM.29L4.B1"              5456.045404        166.7479378       -2.240987513        32.08001489       0.5078354095        12.54879314        12.04139727        2.100441099      0.01324899713      0.02921121599   -0.0003990657866   -4.063016306e-06    1.472731985e-05       -31.01521643       0.2675963364                  0                  0                  0                  0                  0        32.07467468        25.95119058        24.88397416        23.87882605       0.5770684544        7.201113918 "MONITOR"                            0                  0      0.01643236215       -1.024540261   -0.0001634903028      0.02190009003
 "BPM.28L4.B1"               5509.49392        31.21692678       0.4704890794        173.0261057       -2.417794616        12.66977363        12.18090265        1.074109364     0.008854697591     -0.01377746422   -6.518421321e-05   -2.832517349e-07     7.83356385e-06       -20.53277038        5.176129694                  0                  0                  0                  0                  0        33.99322992        24.00898052        25.12476276        24.16127632       -3.193465533        3.988011854 "MONITOR"                            0                  0    -0.004256468467       -1.064501726    0.0001324347974     -0.01207355213
 "BPM.27L4.B1"              5562.942436        174.9777729       -2.467161491        37.99750321       0.5774154439        12.81053944        12.28614306        2.115973449    -0.006127013216      0.02936797116   -0.0002922694766    3.702123338e-06   -8.033439009e-06       -35.98801807        2.920316171                  0                  0                  0                  0                  0        33.67741693        28.35019018        25.41378099        24.37732164       -2.911376627        4.329032589 "MONITOR"                            0                  0      0.01541168846       -1.057276651   -0.0001955892851      0.02591425007
 "BPM.26L4.B1"              5616.390952        35.12029161       0.5652648195        174.3270501       -2.264567807        12.91986361        12.41033665        1.076390418     -0.03138933676     -0.01404754623   -0.0004832289707    2.390423301e-06   -3.679417051e-05       -3.752211573        4.137183103                  0                  0                  0                  0                  0         37.5502695        29.13571023        25.59721537        24.63449408       0.8267764205        7.322617646 "MONITOR"                            0                  0    -0.004157578792      -0.9060808617     0.000166094128     -0.01018758224
 "BPM.25L4.B1"              5669.839468        166.0804158       -2.233568109        32.17276856       0.5241551989        13.05450006        12.52609617        2.105924705     -0.01379662493      0.02913929965    0.0003739082472    3.932582123e-06   -1.543721689e-05        26.92214936     -0.01427009943                  0                  0                  0                  0                  0        38.26479544        25.18893608         25.8616175        24.85662405        1.203379758         7.43368101 "MONITOR"                            0                  0      0.01597792355       -1.048334776   -0.0001018001129      0.01868523027
 "BPM.24L4.B1"              5723.287984        31.25874155       0.4670358092        170.4321575       -2.381508785        13.17568291         12.6667783        1.068587561     -0.01164077597      -0.0139907615    2.229883081e-05    1.990953227e-07   -1.108507771e-05        18.10562433       -4.821162277                  0                  0                  0                  0                  0        33.96368727        24.21759031        26.13452558        25.13049815       -2.555932161        4.150145333 "MONITOR"                            0                  0     -0.00841425103       -1.101480229    7.281363682e-05     -0.01331165575
 "BPM.23L4.B1"                5776.7365        175.6340551       -2.474307529        37.85937598         0.56068269        13.31595661        12.77318835        2.090744347     0.004902581738      0.02899055929     0.000325459296   -3.840589917e-06    6.669209079e-06        29.47229247        -2.92639305                  0                  0                  0                  0                  0        33.73413002        28.25796997        26.42267543        25.35314189       -2.033322951        4.050095874 "MONITOR"                            0                  0      0.01498746193       -1.080986561   -0.0001338296835      0.02245497551
 "BPM.22L4.B1"              5830.185015        35.07499442       0.5686078796         176.889969         -2.3017568        13.42512099        12.89652367        1.066590753      0.03035622643     -0.01372244508    0.0004852071932   -2.397360673e-06     3.58143603e-05       0.5965329133       -4.567015656                  0                  0                  0                  0                  0         37.1286136        28.83617232        26.60508676         25.6093474        1.667551082        6.986010967 "MONITOR"                            0                  0    -0.008654171332         -0.9399477    9.950409574e-05     -0.01133676557
 "BPM.21L4.B1"              5883.633531        165.4360047       -2.226680267        32.35610067       0.5411780525        13.56022386        13.01085973        2.101360436      0.01423236133      0.02922491337   -0.0003450110003   -3.799028171e-06    1.602671801e-05       -33.45586007      -0.2419925046                  0                  0                  0                  0                  0        37.76232073        25.21324762        26.87020278        25.82471733        1.808415059        7.595501229 "MONITOR"                            0                  0      0.01533717136       -1.056767322   -3.484555075e-05      0.01496209205
 "BPM.20L4.B1"              5937.082047        33.04558753       0.4851079825        166.2507715       -2.322054549        13.67761429        13.15337677        1.108508017      0.01408876915     -0.01314501738    1.606409138e-05   -1.768782684e-07    1.397127379e-05       -21.22249874        4.432227866                  0                  0                  0                  0                  0        33.81050647        24.52199264        27.13699246        26.10178718         -1.8260954        4.341114288 "MONITOR"                            0                  0     -0.01180128117       -1.151310783    1.781309629e-05     -0.01455224006
 "BPM.19L4.B1"              5990.530563        173.6865948       -2.392175653        39.71248965       0.5492885472         13.8136676        13.25838829         2.21336709    -0.003561916834      0.03059074844   -0.0003496159877    3.764108484e-06    -5.19651119e-06       -35.45070999        2.985455267                  0                  0                  0                  0                  0        33.43842732        28.36387515        27.41615533        26.32647556       -1.369122923        3.803803422 "MONITOR"                            0                  0      0.01466570486       -1.124009611   -8.557152674e-05      0.01969723282
 "BPM.18L4.B1"              6043.979079         35.0703528       0.5567000195        182.0002379       -2.320865295        13.92360213        13.37595799        1.138493298      -0.0284618208     -0.01483931121   -0.0004730069531    2.395040343e-06   -3.393802692e-05       -3.585679863        5.168388848                  0                  0                  0                  0                  0        37.46625965        28.40382328         27.5989616        26.57315728        2.379858979        6.479210365 "MONITOR"                            0                  0      -0.0129966634      -0.9667053515    3.729931771e-05     -0.01206779585
 "BPM.17L4.B1"              6097.427595        165.5245488       -2.227446624        32.92877503       0.5765795785        14.05862545        13.48718896        2.186807763     -0.01471317749      0.02956728438    0.0002978198952    3.835105439e-06   -1.672791272e-05        26.93146406         0.64546258                  0                  0                  0                  0                  0         38.1993579        25.25415898        27.86425323        26.77463637        2.692459159        7.777823716 "MONITOR"                            0                  0      0.01427005193       -1.041198173    3.101104487e-05      0.01118682978
 "BPM.16L4.B1"              6150.876111        33.03221539       0.4854905819        161.5172884       -2.244777018        14.17600627        13.63084107        1.096595538     -0.01793225938     -0.01508546713   -7.994505138e-05    1.999926898e-07   -1.855095264e-05        18.26107226        -3.73747862                  0                  0                  0                  0                  0        33.75171212        25.08742722         28.1314612        27.05351483      -0.9487442875         4.83059839 "MONITOR"                            0                  0     -0.01535032577       -1.154017766    -3.87079669e-05     -0.01544137552
 "BPM.15L4.B1"              6204.324627        173.5967253        -2.39142005         39.0164256       0.5143895204        14.31214406        13.73878241         2.07454082     0.001574015964      0.02819164068    0.0003898130627   -3.727120966e-06    2.939141615e-06        29.67496154       -2.900595697                  0                  0                  0                  0                  0         33.3496745        27.99073527        28.41078236        27.28869646      -0.6288496173        3.607509627 "MONITOR"                            0                  0      0.01393112336       -1.125565129   -2.428046621e-05      0.01572660843
 "BPM.14L4.B1"              6257.773143        35.08478174       0.5563209097        186.3602211        -2.39674803        14.42208572        13.85591904         1.06620989      0.02603557662     -0.01339339638    0.0004621397125   -2.393125263e-06    3.143444013e-05        1.042472812        -5.67742886                  0                  0                  0                  0                  0        37.19310399        27.71810223        28.59634803        27.53444568        3.087820487        5.923242083 "MONITOR"                            0                  0     -0.01747969158      -0.9754889104    -3.43445401e-05      -0.0128785869
 "BPM.13L4.B1"              6311.221659        165.6151651       -2.228179161        33.73654049       0.6103510062         14.5570223        13.96400998        2.100032973      0.01492712013      0.02920206198   -0.0002450533977   -3.872681344e-06    1.712463178e-05       -32.14142365       -1.035157701                  0                  0                  0                  0                  0        37.89630944        25.61254328        28.86129978        27.72698516        3.476423634        7.762956612 "MONITOR"                            0                  0       0.0130229194       -1.009463276    9.991135413e-05     0.007037669084
 "BPM.12L4.B1"              6364.670174        24.87994527       0.3557031031        166.4439988       -2.284458546        14.69780465        14.10260506        0.929449542       0.0228302891     -0.01650699518    0.0001686455366    1.036273505e-07    2.436867303e-05        -17.8786873        2.888858301                  0                  0                  0                  0                  0        33.99632143        25.91837981        29.17222335        27.99542235      -0.6710357255        5.504882623 "MONITOR"                            0                  0     -0.02347382915       -0.997154952   -0.0001578800864     -0.01488845077
 "BPM.11L4.B1"               6418.11869         197.187621       -2.998008869        28.40246245       0.4253405619        14.85001462        14.23132013        1.690855287   -0.0006903611363      0.02393111304   -0.0004723993155    4.826175178e-06   -1.777923934e-06       -27.34830701        2.455753073                  0                  0                  0                  0                  0        34.76068471        27.54747695        29.48661239        28.26953188        1.219534492        3.452150029 "MONITOR"                            0                  0      0.01138927697      -0.9264537861      0.00015059492     0.004670907292
 "BPMCS.10L4.B1"            6469.765401        38.39611288       0.7696861717         178.459082       -2.659540486        14.94312959        14.37295384       0.6992612731     -0.02777091743     -0.01464570567   -0.0005280865431    2.518208224e-06    -3.32125752e-05       0.3595444918        5.221382833                  0                  0                  0                  0                  0        34.40056278        28.48796074         29.6402738        28.56225365         4.07656882        6.204819463 "MONITOR"                            0                  0     -0.02169354581       -1.002661434   -0.0001468294208     -0.01567599303
 "BPM.10L4.B1"              6469.957401        38.10208226       0.7617232817        179.4820132       -2.668226208        14.94392852        14.37312458       0.6964493075     -0.02787219224     -0.01464570567   -0.0005280865431    2.508242072e-06   -3.333038484e-05       0.4684703421        5.232347879                  0                  0                  0                  0                  0        34.39409415        28.49574251        29.64189311        28.56261672        4.093141993        6.209144421 "MONITOR"                            0                  0     -0.02172173706       -1.001500651   -0.0001468294208     -0.01564780178
 "BPMCS.9L4.B1"             6508.830412        109.6030905       -1.690419556        43.80595531        1.171834804        15.05759383         14.4387189        1.024574482      -0.0166715799      0.01611317552     0.000360515854    3.139887969e-06    -1.92820554e-05        24.09517163        1.603132392                  0                  0                  0                  0                  0        33.98065071        28.24806118        29.86379193        28.70413941        3.897541254        7.341027851 "MONITOR"                            0                  0      0.01124209688      -0.8705460917    6.732348615e-05      0.01194077861
 "BPM.9L4.B1"               6509.022412        110.2535091       -1.697177062        43.35796786        1.161433164        15.05787181        14.43942006        1.027668207     -0.01660244675      0.01611317552     0.000360515854    3.144153911e-06   -1.919616343e-05        24.21164726        1.582671937                  0                  0                  0                  0                  0        33.97922637        28.24671101        29.86431687        28.70559987        3.891059763        7.345868053 "MONITOR"                            0                  0      0.01125502299      -0.8704144267    6.732348615e-05       0.0119278525
 "BPMCS.8L4.B1"             6549.293422        12.04471685      0.02529713815         124.999375       -1.911368438        15.25886718        14.54709933       0.2757408416     -0.02585427722     -0.01664275001   -0.0002929694618    -5.94246402e-07   -2.849579237e-05        11.88568951        -0.83774822                  0                  0                  0                  0                  0        36.79697522        27.56675573        30.26435626        28.91512325        -1.29666097        6.181774068 "MONITOR"                            0                  0     -0.03908211032      -0.3792194545   -0.0004499304229    -0.009300155391
 "BPM.8L4.B1"               6549.485422         12.0380653     0.009346338148        125.7347128       -1.918515987        15.26140502        14.54734308       0.2725454538     -0.02591046915     -0.01664275001   -0.0002929694618   -6.144025071e-07   -2.855400089e-05        11.80698794      -0.8483917744                  0                  0                  0                  0                  0        36.81276967         27.5637725        30.26942278        28.91557317       -1.289304816        6.175740343 "MONITOR"                            0                  0     -0.03916849696      -0.3734847329   -0.0004499304229    -0.009213768749
 "BPMCS.7L4.B1"             6588.357433        186.8093373       -4.296980153         67.4181982       0.6228744669        15.43221566         14.6115397    -0.009686682095     -0.01376484901   -0.0008042408935    0.0003660911792   -5.549757638e-06   -1.444171734e-05         5.13081687       -2.129994349                  0                  0                  0                  0                  0        40.50100377        28.20723361        30.61682207        29.04442542        3.461434617        4.384882292 "MONITOR"                            0                  0     -0.01304366615       0.1528125725    0.0005732670417     -0.02150085796
 "BPM.7L4.B1"               6588.549433        188.4632187       -4.316985017        67.17977335       0.6189216656        15.43237851        14.61199376     -0.00984107157     -0.01369464046   -0.0008042408935    0.0003660911792   -5.574534688e-06    -1.43607682e-05        5.100711676       -2.135933546                  0                  0                  0                  0                  0        40.51958704        28.21112445         30.6171769        29.04533736         3.46616538         4.37212704 "MONITOR"                            0                  0     -0.01293359888       0.1511676587    0.0005732670417     -0.02161092523
 "BPMYB.6L4.B1"             6685.153433        162.8212339     -0.03025346476        544.2105672       -4.071125143        15.51902102        14.70213454     -0.06033801271    -0.008287720543   -0.0005148329731    4.763047044e-05   -4.555400515e-06   -4.809563514e-06        -20.7959521       -10.29220426                  0                  0                  0                  0                  0        40.15441346        25.41757478        30.79108288        29.23192879         4.32861498        2.749411266 "MONITOR"                            0                  0      -0.0269914628       0.7868894467   -0.0001975414462    -0.001385783452
 "BPMYA.5L4.B1"             6722.153433        431.5266588       -5.002724562        251.1469126        3.703490817        15.54236512        14.71735248      -0.1166821938    -0.001740762698    -0.001625495636    0.0001883719769    -6.74631377e-06    1.197532511e-06       -43.80529444       -7.279277668                  0                  0                  0                  0                  0        41.30084985        23.70475467        30.83151841         29.2568934        3.945610725        2.720730586 "MONITOR"                            0                  0     -0.02406201333        1.142711589    0.0005636017435     -0.03478020871
 "BPMWI.A5L4.B1"            6798.755933        321.5812543       0.7516698483        208.8737884     -0.02384673552        15.57413298        14.77367437      -0.0168049797       0.0114095746     0.001601847694    0.0001712849437   -4.838927761e-06     1.57858997e-05       -48.38295969       -7.068305246                  0                  0                  0                  0                  0        41.57207183         23.8611845        30.89575584         29.3675154        3.058129076        3.162239787 "MONITOR"                            0                  0    -0.009954785916       0.3009723449   -3.510302118e-05     -0.01831104892
 "BPMWA.B5L4.B1"            6824.619933        285.9543767       0.6258001064        213.3097091      -0.1476878468        15.58772394          14.793225    -0.005096922598      0.01583467981    3.024324737e-05    0.0001712816549   -4.107922238e-06    2.073329468e-05       -49.33288653       -7.086223154                  0                  0                  0                  0                  0        41.64678391        23.95676565        30.92332167        29.40609703        2.568576346         3.49599972 "MONITOR"                            0                  0     -0.01086263995       0.1083256686   -3.510035552e-05     -0.01740325855
 "BPMWA.A5L4.B1"            6833.504933         275.218094       0.5825603591        216.3122817      -0.1902494207        15.59276548           14.79981    -0.004828462466      0.01735481776    3.024324737e-05    0.0001712816549   -3.856801568e-06    2.243285074e-05       -49.65545917        -7.09237403                  0                  0                  0                  0                  0        41.67250751        23.98967294        30.93353627        29.41908948        2.374442825        3.624043657 "MONITOR"                            0                  0     -0.01117450661      0.05298320765   -3.510035552e-05     -0.01709139189
 "BPMWA.A5R4.B1"            6881.553933        230.4707608       0.3487250615        245.6542041      -0.4204172391        15.62331669        14.83322934    -0.003376662703        0.025575539    3.024324737e-05    0.0001712816549   -2.498771509e-06    3.162384336e-05       -51.39989279       -7.125637218                  0                  0                  0                  0                  0        41.81211814         24.1681542        30.99534717        29.48497636        1.108140484        4.353689606 "MONITOR"                            0                  0     -0.01286104359      -0.1502807978   -3.510035552e-05     -0.01540485491
 "BPMWA.B5R4.B1"            6890.438933        224.6581016       0.3054853142         253.503178       -0.462978813        15.62953281        14.83889716    -0.003108202571      0.02709567695    3.024324737e-05    0.0001712816549   -2.247650839e-06    3.332339943e-05       -51.72246543       -7.131788093                  0                  0                  0                  0                  0        41.83802644         24.2012538        31.00790999         29.4961374       0.8420398804        4.484844293 "MONITOR"                            0                  0     -0.01317291025      -0.1701116261   -3.510035552e-05     -0.01509298825
 "BPMYB.5R4.B1"             6992.829433        228.2140138       -3.030278069        371.6461016        3.929119197        15.70695627        14.89114177      -0.1169619447      0.04309125866    -0.001425265565   -0.0003887536888    6.657780787e-07    5.110012261e-05       -57.24986297       -6.952165516                  0                  0                  0                  0                  0        42.02711658        24.56880482        31.16430385        29.59927982        -1.91039377        5.628862172 "MONITOR"                            0                  0      -0.0156231208    -0.001746546622    0.0003234801494     -0.01230756845
 "BPMYA.6R4.B1"             7024.393433        463.9622783        -4.43861892        167.6745882        2.533037482        15.72241889        14.91131976      -0.1619501503      0.03083557573    -0.001425265565   -0.0003887536888    1.789129203e-06    3.616161405e-05       -80.78397282       -4.073391305                  0                  0                  0                  0                  0        40.62607267        24.78198399        31.19577639        29.64853801        -2.19835088         5.96049343 "MONITOR"                            0                  0    -0.005412793361      -0.2193732276    0.0003234801494     -0.02251789589
 "BPMCS.7R4.B1"             7120.717433        91.35255485        1.047051384        226.5842713      -0.6916570483        15.79639974        14.99745051     -0.05278720976       0.0384565971      0.00120760557    9.275670719e-05    2.414539405e-06    4.336097126e-05       -29.77298265       -1.125049677                  0                  0                  0                  0                  0        39.33387604        24.34674432        31.33689531        29.81871618       -2.001335451         6.07909885 "MONITOR"                            0                  0     -0.02659013064      -0.3746111943   -0.0001901589215    -0.009931627117
 "BPM.7R4.B1"               7120.909433        90.95133305        1.042645456        226.8501081      -0.6929097865        15.79673498         14.9975853     -0.05255535058      0.03847438899      0.00120760557    9.275670719e-05    2.415623146e-06    4.337837074e-05       -29.66419184       -1.119508757                  0                  0                  0                  0                  0        39.33141818        24.34585251        31.33755108        29.81897997       -1.994799781        6.077588525 "MONITOR"                            0                  0     -0.02662664115      -0.3714057516   -0.0001901589215    -0.009895116604
 "BPMCS.8R4.B1"             7158.506443        132.5400615       -0.909278606        73.06169435        1.481160905        15.85462228        15.04288682       0.1269322476      0.02008210528      0.01059393091   -0.0005324916065    4.027407971e-06    2.211333904e-05       -24.75189926       0.5788486281                  0                  0                  0                  0                  0        39.78242552        25.81006858        31.45349608        29.91132972       -0.280604548        5.284845304 "MONITOR"                            0                  0     -0.01067842719      -0.0977943326    0.0003155501058     -0.01516968018
 "BPM.8R4.B1"               7158.698443        132.8897325      -0.9119249245        72.49454004        1.472767768        15.85485253        15.04330669       0.1289662736      0.01997998473      0.01059393091   -0.0005324916065    4.036165389e-06    2.199550181e-05       -24.73399622       0.5877488179                  0                  0                  0                  0                  0        39.78502077         25.8183351        31.45395871        29.91217833       -0.272058007         5.27521167 "MONITOR"                            0                  0     -0.01061784157     -0.09866828562    0.0003155501058      -0.0152302658
 "BPMCS.9R4.B1"             7197.571454        13.35775265       -1.044017164        218.2977248       -2.965638213        16.20259902        15.09949066       0.4733480602      0.02702280834      0.01433793852    0.0002438688082   -1.205851985e-07    2.855671988e-05        13.63465067        3.463779794                  0                  0                  0                  0                  0        36.61494851        24.77938968        31.16773648        30.01805072        -2.33672939        3.843919242 "MONITOR"                            0                  0     -0.04742057883       0.8271642496    -0.000930533122      0.01216467804
 "BPM.9R4.B1"               7197.763454        13.76442303       -1.074057741         219.438184       -2.974253245        16.20485269        15.09963028       0.4761009675       0.0270695856      0.01433793852    0.0002438688082   -1.436785874e-07     2.86022741e-05        13.83793277        3.478477524                  0                  0                  0                  0                  0        36.59900778        24.77343129        31.17235463        30.01828995       -2.378707175        3.840343381 "MONITOR"                            0                  0     -0.04759924119       0.8386389221    -0.000930533122       0.0123433404
 "BPMCS.10R4.B1"            7238.034465        617.7135578       -13.78370537         20.3487386        1.095009661        16.28636735        15.18892112        1.911879869     0.002631747117      0.04373462618   -0.0006978246661   -5.767608612e-06    2.027025502e-06        78.97447422        1.975346914                  0                  0                  0                  0                  0        28.63295435        25.90271478         31.3779256        30.17433571       -2.323285907        1.930052657 "MONITOR"                            0                  0     -0.03459543396        1.593614704     0.001533020027     -0.07619184208
 "BPM.10R4.B1"              7238.226465        623.0178986       -13.84306975        19.93223871        1.074260617        16.28641661        15.19043846        1.920276944     0.002497909748      0.04373462618   -0.0006978246661   -5.794896988e-06    1.882058704e-06        79.29618028        1.965832893                  0                  0                  0                  0                  0        28.59840291        25.91050843        31.37829257        30.17725218       -2.322319059        1.910864862 "MONITOR"                            0                  0     -0.03430109412         1.58557168     0.001533020027     -0.07648618192
 "BPM.11R4.B1"              7290.065175        82.10974872        3.183106551        166.6437066       -3.347540423        16.31942017         15.4577002        1.026734374     -0.03300598714     -0.01704411264   -0.0006858258365   -2.681169316e-06   -3.803680185e-05        27.21495408        2.615293061                  0                  0                  0                  0                  0        23.45784629        29.44397618        31.47218659        30.70372419       -1.619712029        5.697162789 "MONITOR"                            0                  0    -0.005936439662       0.3302752992   -0.0005361332462    -0.002657293486
 "BPM.12R4.B1"              7344.788691         56.2575291      -0.4878780147        37.35520189       0.5452372169        16.48990911        15.56675705        2.131508211     -0.01319447714       0.0305162168    0.0004220565253   -2.899547831e-06   -1.434304143e-05        2.036907185      -0.8338127615                  0                  0                  0                  0                  0        22.27433239        24.19330298        31.82688467        30.92224091     -0.02182498862        4.712517959 "MONITOR"                            0                  0     -0.01394905386       0.4460119015     9.52912106e-05     -0.01690827999
 "BPM.13R4.B1"              7398.237207        44.13236199      -0.7534005912        180.3970371       -2.361438613        16.72902829        15.68961401        1.093666271    -0.007677150192     -0.01403870681    8.632594981e-05    6.602979437e-07   -5.865017105e-06       -21.83567936       -5.881307373                  0                  0                  0                  0                  0        21.39274643        22.88235302        32.32757408        31.16049008       -3.035228617        1.977393142 "MONITOR"                            0                  0     -0.02317366571        1.359930487   -0.0004202155344      0.01632157053
 "BPM.14R4.B1"              7451.685723        568.8058748       -8.102074259        31.74762646       0.5553774189         16.7878439        15.80375605        2.156031351     0.006885500594      0.02979870195    0.0002829292071      5.6069903e-06    8.943867278e-06       -76.00656664       -2.765062016                  0                  0                  0                  0                  0         18.2789602        46.43765925        32.54882147        31.42676867        -2.21902623        3.801532394 "MONITOR"                            0                  0     -0.02379649178        1.598305123    0.0007972239358     -0.06170875118
 "BPM.15R4.B1"              7505.134239        77.81444738        2.661730323        164.1112327       -2.314612032         16.8258219        15.94950329        1.096127398      0.03269919998     -0.01447207551     0.000494671803    2.707143981e-06    3.762858258e-05        -33.4109239       -2.706644717                  0                  0                  0                  0                  0        104.0592434        47.31213679        32.34814324        31.73385204      -0.7859543925        8.552235472 "MONITOR"                            0                  0    -0.002875199006       0.4585716699   -0.0004120480235    -0.002311805593
 "BPM.16R4.B1"              7558.582755        56.39162675      -0.4766670916        35.43954208       0.5026022564        16.99187201        16.06255497        2.154068738      0.01273214048      0.02972277614   -0.0004134179468    2.890847462e-06    0.0004199667241       -30.08795628       0.8088725846                  0                  0                  0                  0                  0        101.7819831        41.90774255        32.68108502        31.96377122        13.02222563        5.935783002 "MONITOR"                            0                  0     -0.01336099536        0.455813859    6.567066361e-05     -0.01683210967
 "BPM.17R4.B1"              7612.031271        44.13836035      -0.7409814511        180.3215885       -2.412437693         17.2290073        16.18958025        1.093090349     0.006758077067     -0.01448907717   -7.417339179e-05   -5.385155592e-07     0.001455919767        11.09984596        5.898944509                  0                  0                  0                  0                  0        98.68768039        40.30131891        33.15682191        32.21574843      -0.8102761931        1.758763134 "MONITOR"                            0                  0      -0.0232507788        1.380167765    -0.000433343399      0.01713938822
 "BPM.18R4.B1"              7665.479786        568.6375893       -8.100241739        31.74864209       0.5550890252        17.28784526        16.30373973        2.145793385     -0.01528957321      0.02962006585   -0.0004578305318   -1.216543836e-05    0.0004870088619        74.24299658        2.578874116                  0                  0                  0                  0                  0        85.69978737        64.96912006        33.27314098        32.45077379       -2.138756974        5.239783489 "MONITOR"                            0                  0     -0.01507985687        1.189646445    0.0009982998294     -0.07167357512
 "BPM.19R4.B1"              7718.928302        77.84818392        2.661440847        164.1399816        -2.31486982        17.32582028        16.44945994        1.090947592     -0.05821648686     -0.01436224361   -0.0008287309026   -6.870119936e-06    5.534499879e-06        25.97194989        2.079723919                  0                  0                  0                  0                  0        193.0462934        66.45249038        33.33374288        32.75293763     -0.09107353876        11.46709021 "MONITOR"                            0                  0      -0.0158389937      -0.5230629272   -0.0006096260603     -0.01552510895
 "BPM.20R4.B1"              7772.376818        56.44948502      -0.4760748289        35.43712893       0.5027526251        17.49167103        16.56250448        2.147978086      -0.0204355172      0.02969878245    0.0007822049867   -9.676000337e-06   -0.0004198616315        1.984728775       -0.993409325                  0                  0                  0                  0                  0        190.7379454        61.24789086         33.6657559        32.98331669        25.99577893        7.064011458 "MONITOR"                            0                  0     -0.01058313665      0.01489601633   -0.0001424975741     0.007152716526
 "BPM.21R4.B1"              7825.825334        44.08635065      -0.7410099879        180.2869444       -2.412050498        17.72896392        16.68955117        1.094040295    -0.004027828325     -0.01434859453    0.0002600409754    4.287649889e-07    -0.001455940745       -21.71894447       -5.830823758                  0                  0                  0                  0                  0        187.5725175        59.58805675        34.14085033        33.23649788        1.407093476        1.538243809 "MONITOR"                            0                  0     -0.01859196058        1.481333138   -0.0001840849061      0.01868144144
 "BPM.22R4.B1"               7879.27385        568.7634183       -8.103082079        31.74910548       0.5555427741        17.78782143        16.80368137        2.156132276      0.02359581697      0.02979806156    0.0005576614631    5.638829517e-06   -0.0004870899652       -75.96603536        -2.78495304                  0                  0                  0                  0                  0        174.7236211        84.38940373        34.25673211        33.46389369       -2.059529565        6.677582123 "MONITOR"                            0                  0     -0.02363169315        1.599201942    0.0007592387569     -0.06186431075
 "BPM.23R4.B1"              7932.722366         77.8620916        2.661897416        164.0947127       -2.314425951        17.82578999        16.94943956        1.096010402      0.08373466524     -0.01447637797     0.001162940801    2.707540257e-06   -5.821189009e-06       -33.49202047        -2.56063791                  0                  0                  0                  0                  0        283.1730179        86.19720768        34.32842372        33.76345033       0.6066834181        14.38701172 "MONITOR"                            0                  0    -0.002849640104       0.4589587615   -0.0004114567296     -0.00231017771
 "BPM.24R4.B1"              7986.170882        56.44646022        -0.47587741        35.44064437        0.502511479        17.99162405          17.062496        2.153540655      0.02814717902      0.02971489693    -0.001151712828    2.896084192e-06    0.0004197609988       -30.41943419       0.9103669914                  0                  0                  0                  0                  0           280.8467        81.08647354        34.66020473        33.99345971         39.0459734        8.193697089 "MONITOR"                            0                  0     -0.01334735339       0.4549934888    6.556676061e-05     -0.01683565212
 "BPM.25R4.B1"              8039.619398        44.08720853      -0.7412032724        180.3406285       -2.412658636        18.22894505        17.18951012        1.092889254     0.001282334578     -0.01448219062   -0.0004463299026   -5.358553743e-07       0.0014559295        10.97667523        6.085660858                  0                  0                  0                  0                  0         277.654746        79.40854185        35.13515584        34.24705328          3.6374573        1.319252457 "MONITOR"                            0                  0     -0.02328343759        1.379589379   -0.0004337959453      0.01713535875
 "BPM.26R4.B1"              8093.067914        568.5647994       -8.100784602        31.74802896       0.5551876143        18.28782273        17.30366361         2.14577307     -0.03188404128      0.02962330942    -0.000656786286   -1.216254214e-05    0.0004871932602        74.19673882        2.641893604                  0                  0                  0                  0                  0         264.899492        104.0996279        35.25141498        34.47209929       -1.979227914        8.113941128 "MONITOR"                            0                  0      -0.0150916639        1.190277217     0.000998468161     -0.07167168267
 "BPM.27R4.B1"               8146.51643         77.8958271        2.661607142        164.1234597       -2.314683575        18.32578839        17.44939624        1.091082642      -0.1092032444     -0.01435938245    -0.001496591072   -6.870378775e-06    6.159924473e-06         26.0540031        1.937270767                  0                  0                  0                  0                  0        372.9046237        106.0994777        35.32566215         34.7699664        1.299536252        17.30189415 "MONITOR"                            0                  0     -0.01581414361      -0.5226594071   -0.0006092630019     -0.01552386635
 "BPM.28R4.B1"              8199.964946        56.50454127      -0.4752888884        35.43823481       0.5026617912        18.49142335        17.56244553        2.148461302     -0.03585164639      0.02970549434     0.001520350083   -9.680150984e-06   -0.0004196558901        2.313955263       -1.118133635                  0                  0                  0                  0                  0        370.5826196        101.1019026        35.65702606        34.99953256        51.98471312        9.322961098 "MONITOR"                            0                  0     -0.01056978033      0.01411632463   -0.0001425620285     0.007147332225
 "BPM.29R4.B1"              8253.413461        44.03524494      -0.7412304613        180.3060001       -2.412271505        18.72890163        17.68948104         1.09421195     0.001436378145     -0.01435510295    0.0006319992374    4.264751095e-07    -0.001455950318        -21.5983089        -6.10219735                  0                  0                  0                  0                  0        367.3865493        99.41773571        36.13219866        35.25331161         5.86308263        1.098612061 "MONITOR"                            0                  0     -0.01862375277        1.480697414   -0.0001845360998      0.01867636567
 "BPM.30R4.B1"              8306.861977        568.6904437       -8.103622416        31.74850043       0.5556413888         18.7877989        17.80360524        2.156234645      0.04018746409      0.02979709702    0.0007568022817    5.635443142e-06   -0.0004872743291       -75.93039565       -2.875329705                  0                  0                  0                  0                  0        354.6686203        124.0733902        36.24878658          35.477628       -1.899795556        9.550411676 "MONITOR"                            0                  0     -0.02364322197        1.599786594    0.0007593613482     -0.06185948478
 "BPM.31R4.B1"              8360.310493        77.92484072        2.662306527        164.0682741       -2.314044361         18.8257535        17.94937645        1.096031192       0.1386741659     -0.01447786158     0.001911856133    2.331706376e-06   -6.436297338e-06       -23.22623461       -2.991733773                  0                  0                  0                  0                  0        349.4906234        125.1597911        36.32414274         35.7670595        1.049165944        20.67227605 "MONITOR"                            0                  0    -0.004632963959       0.5476398003   -0.0004481389391   -0.0005011785652
 "BPM.32R4.B1"              8413.759009         56.5095916      -0.4748574395        35.43957111       0.5023376327        18.99132612        18.06244601        2.153502502      0.04621363951      0.02971379265    -0.001919981789    1.562259394e-06    0.0004195621811        6.078152709       0.6708071325                  0                  0                  0                  0                  0        347.1583146        120.0899316        36.65531682        35.99596524        48.47741763        11.38821968 "MONITOR"                            0                  0     -0.01625438257       0.6646422462     9.87530483e-05     -0.01923907812
 "BPM.33R4.B1"              8467.207525        44.02776466      -0.7415565694        180.3692686       -2.413065652        19.22887812        18.18944949         1.09285768    0.0004183593553     -0.01448197456   -0.0007781747655   -9.898669649e-07     0.001455950418        23.41287284        5.780188596                  0                  0                  0                  0                  0        343.9523726        118.4084549        37.13065513        36.24972138        5.632996739        1.432031317 "MONITOR"                            0                  0     -0.01829731194         1.50353516   -0.0003905513411      0.01821604976
 "BPM.34R4.B1"              8520.656041        568.5274945       -8.102230677        31.75020385       0.5553544862        19.28780009        18.30358864        2.145728978     -0.04808506745      0.02962307379   -0.0009411540713   -1.219501917e-05     0.000487381868        75.12301421        2.587296585                  0                  0                  0                  0                  0        331.2777925        143.0628518        37.24713742        36.47517167        -1.82052732        11.00740336 "MONITOR"                            0                  0     -0.01493733168        1.191798771      0.00096170588     -0.07185006992
 "BPM.33L5.B1"              8574.104557        77.93828804        2.661807738        164.1162142       -2.314586996         19.3257569        18.44932403        1.091033506      -0.1680737124     -0.01435950892    -0.002326146061   -6.870743641e-06    6.810197821e-06        26.03804603        2.327264838                  0                  0                  0                  0                  0        326.1141176        144.1730694        37.32241897        36.76489297       0.8008118667        24.03476645 "MONITOR"                            0                  0     -0.01578799499      -0.5222101035   -0.0006088931899     -0.01552170074
 "BPM.32L5.B1"              8627.553073        56.55119867      -0.4745955521        35.43819828       0.5026167903        19.49120603        18.56237641         2.14833363     -0.05655701236      0.02970394933     0.002318514387   -9.684218468e-06   -0.0004194373279        2.274937907      -0.7918504213                  0                  0                  0                  0                  0        323.7885269        139.0996192        37.65340161        36.99333921        44.97724814        13.44931713 "MONITOR"                            0                  0     -0.01055732386      0.01341256979   -0.0001426460497     0.007142655749
 "BPM.31L5.B1"              8681.001589         43.9918114      -0.7414467795        180.3158451        -2.41240458        19.72884649        18.68940768         1.09414238    -0.001177476347      -0.0143539033    0.0009465111535    3.022454158e-07    -0.001455949061       -19.09388875       -5.322255165                  0                  0                  0                  0                  0        322.9625204        137.8078531        38.12945325        37.24896357        4.993525779         1.86092427 "MONITOR"                            0                  0     -0.01916253806        1.505027672   -0.0001954042752      0.01918252332
 "BPM.30L5.B1"              8734.450105        568.6424378       -8.104300454        31.74914641       0.5557102446        19.78777676        18.80352634        2.156126612      0.05674004516      0.02979625849     0.001117651357    5.197999743e-06   -0.0004874652363         -66.962919       -2.662941523                  0                  0                  0                  0                  0         310.300577        162.5179963        38.24582403        37.47486428       -2.142559909        12.71847916 "MONITOR"                            0                  0     -0.02447877791        1.659792663    0.0007688441429     -0.06253065198
 "BPM.29L5.B1"               8787.89862        77.95326858        2.662279219        164.0679963       -2.314093178        19.82572684        18.94930141        1.095858642       0.1948818545     -0.01447920411      0.00267177207     2.56026888e-06   -7.106591824e-06       -30.49705288       -2.434382319                  0                  0                  0                  0                  0        418.9036852        164.5649166        38.32167538        37.77049361        1.157575123        27.10385498 "MONITOR"                            0                  0    -0.001378336849       0.4949030017   -0.0003982728252    -0.002001681955
 "BPM.28L5.B1"              8841.347136        56.54888606      -0.4743818764        35.44135074       0.5023537532        19.99115581        19.06236763        2.153010351      0.06438439247      0.02970757993    -0.002711809631    2.895222587e-06    0.0004193350178       -30.46981208       0.8446098906                  0                  0                  0                  0                  0        416.5690752        159.5400174        38.65252316        37.99882594        57.99376601        14.58659348 "MONITOR"                            0                  0     -0.01327335733        0.453643033    5.490301669e-05     -0.01689200779
 "BPM.27L5.B1"              8894.795652        43.99226915      -0.7416527926        180.3709214       -2.413044691        20.22882753        19.18936672        1.092704628    -0.002656274689     -0.01447497544      -0.0011552691   -5.306668129e-07      0.00145593695        10.86839937        5.615216886                  0                  0                  0                  0                  0        415.7344125        158.2968934         39.1285053        38.25428323        6.821764993        1.741530466 "MONITOR"                            0                  0     -0.02334666554        1.378518955   -0.0004346800671       0.0171287428
 "BPM.26L5.B1"              8948.244168        568.4451896       -8.102045343        31.74813756       0.5553587481        20.28777827        19.30350831        2.145811544     -0.06576356135      0.02962737055    -0.001208583336   -1.215712375e-05     0.000487567531        74.15476732        2.459756195                  0                  0                  0                  0                  0        403.1018577        182.8729898        39.24521724        38.47972402       -2.463399224         14.4062767 "MONITOR"                            0                  0     -0.01511615165         1.19162365    0.0009987907144     -0.07166804669
 "BPM.25L5.B1"              9001.692684        77.98736001        2.662002492        164.0964756       -2.314343223        20.32572527         19.4492576         1.09120176      -0.2216331496     -0.01435806777    -0.003016667359   -6.870977728e-06    7.443501616e-06        26.13239189        1.542943977                  0                  0                  0                  0                  0        511.1519922        185.0343022         39.3211839        38.77482295        1.508191188         30.1674407 "MONITOR"                            0                  0     -0.01576199149      -0.5217746494   -0.0006085162036     -0.01552016032
 "BPM.24L5.B1"                9055.1412        56.60715121      -0.4737953356         35.4387747       0.5025008684        20.49095557        19.56231711         2.14881491     -0.07220207913      0.02971004494     0.003104128791   -9.688301117e-06   -0.0004192300138        2.600566098        -1.15917649                  0                  0                  0                  0                  0        508.8247728        180.0974118        39.65165524        39.00302913        70.88820311        15.72307503 "MONITOR"                            0                  0     -0.01054374214      0.01262434696   -0.0001427136514     0.007136906453
 "BPM.23L5.B1"              9108.589716        43.94039077      -0.7416774539        180.3363203       -2.412657608        20.72878402        19.68933764        1.094330509     0.005349511537     -0.01435997664     0.001340537456    4.220477176e-07    -0.001455957444       -21.50039458       -5.802933807                  0                  0                  0                  0                  0        505.6152732        178.4098937        40.12748736        39.25692631        9.056874416        1.520802488 "MONITOR"                            0                  0     -0.01868524379        1.479508377   -0.0001854196083      0.01866758831
 "BPM.22L5.B1"              9162.038232        568.5705024        -8.10487868        31.74862446       0.5558125594        20.78775443        19.80344992        2.156304383      0.07405831113      0.02979644798     0.001308954522    5.629128951e-06   -0.0004876485261       -75.91904388       -2.708275524                  0                  0                  0                  0                  0        492.9893821        202.9891673        40.24444731        39.48231909       -2.383719834        15.83982024 "MONITOR"                            0                  0     -0.02366706582        1.601034901    0.0007595921117     -0.06184991496
 "BPM.21L5.B1"              9215.486748        78.00123617        2.662456083        164.0512545       -2.313899591        20.82569501        19.94923714        1.095767483       0.2471591206     -0.01448455461     0.003351231766    2.708796271e-06   -7.730406823e-06       -33.64184515        -1.87267535                  0                  0                  0                  0                  0        601.5946872        205.2184503        40.32053717        39.77707549        2.202834666         33.0897495 "MONITOR"                            0                  0    -0.002768008727       0.4602017459   -0.0004101982333    -0.002306612975
 "BPM.20L5.B1"              9268.935264        56.60427851      -0.4735989912        35.44227295       0.5022597784        20.99090848        20.06230856         2.15248433      0.07992602996      0.02969928593    -0.003473569342    2.911816552e-06    0.0004191291901       -31.03806832        1.200385543                  0                  0                  0                  0                  0        599.2591432        200.2898919        40.65089396        40.00513278        83.88833698        16.85703543 "MONITOR"                            0                  0     -0.01330706876       0.4525949579    6.522964003e-05     -0.01684570703
 "BPM.19L5.B1"              9322.383779        43.94117471      -0.7418694402        180.3899657       -2.413265865        21.22876507        20.18929661        1.092503587    -0.008062242105     -0.01446808951    -0.001526426311   -5.280064241e-07       0.0014559458        10.74395549        6.312097458                  0                  0                  0                  0                  0        596.0443041        198.6002784        41.12679949        40.25905376         11.2997988        1.301156501 "MONITOR"                            0                  0     -0.02337931843        1.377938413   -0.0004351329094      0.01712467501
 "BPM.18L5.B1"              9375.832295        568.3716679       -8.102577243        31.74753082       0.5554574194        21.28775573        20.30343219        2.145790659     -0.08233268443      0.02963060131    -0.001408470108   -1.215421843e-05    0.0004877516227        74.10110685        2.609375101                  0                  0                  0                  0                  0        583.4469935        223.0726327        41.24392238        40.48446496       -2.303301635        17.27092223 "MONITOR"                            0                  0     -0.01512795096        1.192252914     0.000998957867     -0.07166607167
 "BPM.17L5.B1"              9429.280811        78.03495772        2.662163804        164.0799562       -2.314156842        21.32569344        20.44919389         1.09133631      -0.2726127235     -0.01435520459    -0.003684835365   -6.871230594e-06     8.06888408e-06        26.21537654        1.112358374                  0                  0                  0                  0                  0        691.4878453        225.3461884          41.320044        40.77889397        2.891746438        36.00505367 "MONITOR"                            0                  0     -0.01573715571      -0.5213691384   -0.0006081528357     -0.01551888291
 "BPM.16L5.B1"              9482.729327        56.66300029       -0.473021199        35.43987555       0.5024099738        21.49070857        20.56225816        2.149297404     -0.08763602573      0.02971675263     0.003841797587   -9.692443757e-06   -0.0004190240307        2.927132981       -1.527641328                  0                  0                  0                  0                  0        689.1592446        220.4690076        41.65003061        41.00682267        96.75026139        17.98967986 "MONITOR"                            0                  0     -0.01053039228      0.01184596295    -0.000142776822     0.007131434513
 "BPM.15L5.B1"              9536.177843         43.8893425      -0.7418927556        180.3553804       -2.412878848        21.72872152        20.68926754        1.094502203      0.01074393606     -0.01436646984      0.00171149616    4.197571094e-07    -0.001455966135       -21.38268011       -6.584211497                  0                  0                  0                  0                  0        685.9461189        218.7790356        42.12623936        41.26075665        13.54322456         1.08031101 "MONITOR"                            0                  0     -0.01871703294        1.478870441   -0.0001858712487      0.01866247337
 "BPM.14L5.B1"              9589.626359        568.4967957       -8.105408045        31.74802579       0.5559112553        21.78773189         20.8033738        2.156407048      0.09062372181      0.02979548719      0.00150902637    5.625739318e-06   -0.0004869482512       -75.89577898       -2.884898256                  0                  0                  0                  0                  0        673.3457515        243.2730264        42.24352424         41.4862236       -2.223415922        18.70313667 "MONITOR"                            0                  0     -0.02367858201        1.601617804    0.0007597136704     -0.06184501275
 "BPM.13L5.B1"              9643.074875        78.04883406        2.662616735        164.0347335       -2.313712902        21.82566318        20.94917341        1.095650985       0.2981490051      -0.0144888502     0.004019719643    2.707319112e-06   -5.195233269e-06       -33.72415782       -1.437418718                  0                  0                  0                  0                  0        781.9460367        245.5947466        42.31966816        41.78043015        3.584874192        38.92849401 "MONITOR"                            0                  0     -0.00274605555        0.460810696    -0.000409876508    -0.002301333608
 "BPM.12L5.B1"              9696.523391        53.84536614      -0.4782507519        40.37527891       0.5421619807        21.99771174        21.05387711        2.104098566       0.1077549819      0.02878112047    -0.003984534292      2.7929738e-06    1.572779902e-05       -29.87116707         1.52729388                  0                  0                  0                  0                  0        779.5267031        240.5287546        42.66362867        41.99147405        112.7601696        21.15597236 "MONITOR"                            0                  0     -0.01412848301       0.5132519596    4.179959893e-05     -0.01529439701
 "BPM.11L5.B1"              9749.971907        46.45198177      -0.7586782588        186.0240297        -2.35748655        22.23084125        21.16869229        1.075312135      0.02846831709     -0.01381176435    -0.001347873866   -7.038936166e-07    1.106482167e-05        11.38598775        6.959504473                  0                  0                  0                  0                  0         776.402982        238.8104506        43.13014886         42.2206488        14.61798127        1.154081214 "MONITOR"                            0                  0     -0.01976793735        1.435318878   -0.0003804136436      0.01776728641
 "BPM.10L5.B1"              9802.752617        564.8982151       -8.031506561        30.76128078       0.5760832886        22.28717506        21.28214773        1.920393113     -0.07582177926      0.02442362647    -0.002007103939   -5.546590712e-06   -6.844854513e-06        73.96345705        2.845788224                  0                  0                  0                  0                  0        762.3958019        263.0614905        43.24207598        42.44852493       -2.132063063        15.06655369 "MONITOR"                            0                  0     -0.02461894022        1.689641572    0.0007433817169     -0.05884551976
 "BPM.9L5.B1"               9841.817628         68.7174409        3.728695177        121.6115734       -2.121549029         22.3159605          21.405529       0.7213596811      -0.2543567133     -0.02988848079    -0.004801205231   -2.400411641e-06   -3.031277333e-05        32.84817128        2.691333744                  0                  0                  0                  0                  0        754.9459657        264.3700839         43.2993122        42.69469414       0.6388363215        41.36247029 "MONITOR"                            0                  0      0.01935023692       0.6121979169    -0.000258397474     0.001781650853
 "BPM.8L5.B1"               9882.280639        30.81901141      -0.7929493272        17.29699385       0.4181868245        22.56899205        21.54460078        0.581107929     -0.07439425535     0.004982147512       0.0054312044   -1.557817975e-06   -1.066096432e-05        22.70874642       -1.244146288                  0                  0                  0                  0                  0         753.163851        265.7762383        43.80484014        42.97393707        114.0543426        24.83449264 "MONITOR"                            0                  0      -0.0121089522        0.339640264   -0.0002215826596    -0.009695922045
 "BPMR.7L5.B1"              9921.346649        50.00774296      -0.7519854334        140.1246809       -3.085875836        22.74367549        21.71594887       0.1535720866      0.05699395862    -0.006708018499     0.003191046613    9.522522419e-07    6.025663145e-07       -11.93930974       -7.570755298                  0                  0                  0                  0                  0        752.6816722        264.5656301        44.15455886        43.31817975        8.096676385        2.006085923 "MONITOR"                            0                  0     -0.01967427794        1.224645697   -0.0005495017883      0.02441152786
 "BPM.6L5.B1"               9958.240649        627.8422721       -13.60771038        7.704656981       0.2325355472        22.78373326        21.90085067       0.1290820516       0.0636716894    0.0001172232758   -0.0002297983474     5.66532732e-06    7.541535079e-06       -75.46229866      -0.6085822793                  0                  0                  0                  0                  0        743.2325164         260.381209        44.23482993        43.68819056       -2.092216601        39.99171475 "MONITOR"                            0                  0    -0.008586018923       0.3382595677     0.002791700782      -0.1324228757
 "BPMR.5L5.B1"              9990.140649        1393.311787       -13.71751809        137.3452968       -4.265833102         22.7890629         22.1428854       0.1082449355      0.06840938388   -0.0007372153354    0.0001901353788    8.858030372e-06    1.472850821e-05       -118.5143786         6.92160401                  0                  0                  0                  0                  0        738.4429667         255.938143        44.24559798         44.1722012       -2.340444614        2.478879615 "MONITOR"                            0                  0      0.05305730061       -5.678772797     0.001857321557      -0.1951595953
 "BPMYA.4L5.B1"             10017.54665        3061.529049       -38.45010737        369.3490493       -5.076461338        22.79122345         22.1618543       0.1098878148      0.05954796006    0.0001632787471   -0.0003886103439    1.337779023e-05    4.443448765e-05       -179.3060063         11.8521741                  0                  0                  0                  0                  0        726.4046511        253.7625603        44.25006229        44.21029104       -2.364407776       0.7176026821 "MONITOR"                            0                  0       0.1773281027       -14.33872784     0.002609855712      -0.2099461076
 "BPMWB.4L5.B1"             10038.68115        4902.617636        -48.6628485        616.2994645       -6.608209759        22.79209167        22.16890674       0.1056512144      0.05085285169   -0.0009657700725    -0.000388617534    1.705379605e-05    0.0005264030904       -228.7306137        15.49733688                  0                  0                  0                  0                  0        716.2050319        252.2458157        44.25191745        44.22453215       -2.361407107       0.3475858215 "MONITOR"                            0                  0       0.2324859455       -23.68929186     0.002609826746       -0.265101109
 "BPMSY.4L5.B1"             10131.40115        18080.95016       -93.46757215        2464.819277       -13.32825955        22.79365906        22.18089111      0.03145806232      0.01182343332    0.0001632786305    -0.000388618453    3.318081544e-05     0.003523192032       -445.5076799        31.48899412                  0                  0                  0                  0                  0        671.4629996        245.5942241        44.25561605        44.24911325        -2.33764906      0.08603557797 "MONITOR"                            0                  0       0.4744686768       -92.26216484     0.002609799297      -0.5070789434
 "BPMS.2L5.B1"              10158.24665        4929.704378       -71.98220887        4089.639288        261.0983953        22.79414581        22.18200529      0.01646905612     0.004831164079    0.0002429224184   -0.0005210689591    1.739500377e-05     0.004752121965        -233.633115        40.60618667                  0                  0                  0                  0                  0        331.9182192        127.7462101        44.26200041        44.25267932       -2.326295776      0.08564452988 "MONITOR"                            0                  0       0.9000845756        -62.0569521      -0.0574146109        3.958704007
 "BPMWF.A1L5.B1"            10168.02465        3948.275828        181.5825184        1249.343748        57.47716692        22.79445963        22.18277426      0.01476195068     0.002782402249   -0.0006760772312   -0.0003197776277    1.560746389e-05      0.00262985788       -209.6699282        22.46368357                  0                  0                  0                  0                  0        305.4344196        35.77350063        44.26359505        44.25679918       -2.318560365      0.08620704887 "MONITOR"                            0                  0        -1.41555696       -30.69855162      0.06489088067         1.40712345
 "BPMSW.1L5.B1"             10168.21165        3880.656002        180.0208264        1227.939783        56.98253538        22.79446724        22.18279829       0.0146356575     0.002745228908   -0.0006760772312   -0.0003197776277    1.547419679e-05     0.002607232805       -207.8806095        22.27102271                  0                  0                  0                  0                  0        303.8769254        35.27894673        44.26367107        44.25686492        -2.31836981      0.08621965392 "MONITOR"                            0                  0       -1.403422365       -30.17297955      0.06489088067        1.394988855
 "BPMSW.1L5.B1_DOROS"         10168.21165        3880.656002        180.0208264        1227.939783        56.98253538        22.79446724        22.18279829       0.0146356575     0.002745228908   -0.0006760772312   -0.0003197776277    1.547419679e-05     0.002607232805       -207.8806095        22.27102271                  0                  0                  0                  0                  0        303.8769254        35.27894673        44.26367107        44.25686492        -2.31836981      0.08621965392 "MONITOR"                            0                  0       -1.403422365       -30.17297955      0.06489088067        1.394988855
 "BPMSW.1R5.B1"             10211.33965        3886.389483       -180.1537675        1232.783226       -57.09483929        23.29269972        22.67721825      -0.0144914658    -0.005828096324   -0.0006760772312   -0.0003197776277   -1.526132923e-05     -0.00261081144        204.7917698       -22.16254776                  0                  0                  0                  0                  0        61.52386149        78.78580203        44.68807443        43.74385219        -2.36026576      0.07906277269 "MONITOR"                            0                  0        1.395191537        -30.1817208      0.06489088067       -1.403625046
 "BPMSW.1R5.B1_DOROS"         10211.33965        3886.389483       -180.1537675        1232.783226       -57.09483929        23.29269972        22.67721825      -0.0144914658    -0.005828096324   -0.0006760772312   -0.0003197776277   -1.526132923e-05     -0.00261081144        204.7917698       -22.16254776                  0                  0                  0                  0                  0        61.52386149        78.78580203        44.68807443        43.74385219        -2.36026576      0.07906277269 "MONITOR"                            0                  0        1.395191537        -30.1817208      0.06489088067       -1.403625046
 "BPMWF.A1R5.B1"            10211.47265        3934.458111       -181.2644895        1248.017243       -57.44663605        23.29270514        22.67723532     -0.01458128929    -0.005854535117   -0.0006760772312   -0.0003197776277   -1.535611278e-05    -0.002626903072        206.0643868       -22.29957393                  0                  0                  0                  0                  0        62.55761585        79.13755251        44.68912823        43.74388887       -2.360144823      0.07909759488 "MONITOR"                            0                  0        1.403822024       -30.55511126      0.06489088067       -1.412255533
 "BPMS.2R5.B1"              10221.30465        12935.37697       -825.6362834        1564.242533         22.9279577        23.29295036        22.67823066     -0.02647255094    -0.006782819772    -0.001692683087    3.834551968e-05   -2.790076786e-05    -0.002935580131        374.4660111       -25.00009818                  0                  0                  0                  0                  0        350.1738845        87.68817154        44.73901976        43.74601447       -2.354594773      0.08082805395 "MONITOR"                            0                  0        3.959354834       -62.06910897     -0.05744506943       0.9005903945
 "BPMSY.4R5.B1"             10248.03015        7798.769557        42.37176521         5735.21394        29.70779588        23.29330033        22.67976256     -0.02063984831     -0.01290896544    0.0001072467872   -6.622147868e-05   -2.172709979e-05    -0.005441716832        291.6330864       -47.96558315                  0                  0                  0                  0                  0        722.6027262        195.2754872        44.74539955        43.74900347       -2.346976044      0.08187967802 "MONITOR"                            0                  0      -0.5077304998       -92.38543229      0.00261227016       0.4749430071
 "BPMWB.4R5.B1"             10340.87015        1916.539493        20.98702422         1546.90606        15.40512651        23.29712263        22.68472412      -0.1000098945     -0.02236166545    -0.001021801904   -6.622087577e-05    -1.11088747e-05    -0.002136968396        149.3315757       -25.08739431                  0                  0                  0                  0                  0        743.9288159        209.5408838        44.75339118        43.75972621       -2.341176628      0.04818869277 "MONITOR"                            0                  0      -0.2652049521       -23.66965958     0.002612299604         0.23242251
 "BPMYA.4R5.B1"             10362.00265        1132.388691        16.11937048        964.6048833        12.14955751        23.29940575        22.68747763      -0.1054296563      -0.0244552921    0.0001072469038   -6.621803981e-05   -8.691811438e-06    -0.001442719388        116.9278671       -19.87974056                  0                  0                  0                  0                  0        748.7835974        212.7889076        44.75803326        43.76540065       -2.404676363   -0.0004983692566 "MONITOR"                            0                  0      -0.2100000863       -14.32012422     0.002612332999       0.1772203292
 "BPM.5R5.B1"               10383.12065        554.2955508        11.25505608        520.1644807         8.89601511        23.30364859        22.69222324      -0.1031672315     -0.02644816002    0.0001072469038   -6.621803981e-05   -6.276487371e-06   -0.0008482440421        84.53870898       -14.67564204                  0                  0                  0                  0                  0        753.6352121        216.0347403        44.76659306        43.77505467       -2.655467927      -0.1344445477 "MONITOR"                            0                  0       -0.154832838       -7.307825434     0.002612332999        0.122053081
 "BPMWT.C6R5.B1"            10392.92765        310.4527181        11.65885169        408.5866854        4.155582619         23.3073501        22.69566484     -0.09636372044     -0.02884093684    0.0009695157527    -0.000293483815   -4.822086996e-06   -0.0006156079567        65.00888145       -13.04762741                  0                  0                  0                  0                  0        757.2793286        216.7756319        44.77401924        43.78202406       -3.014980521      -0.2708132047 "MONITOR"                            0                  0      -0.1884547749       -4.813730663     0.001859784837      0.04648252976
 "BPMWT.D6R5.B1"            10403.00065        120.3259687        7.216036567        329.4050702        3.705195215        23.31564858         22.7000353     -0.08659944003     -0.03201569376    0.0009695157527    -0.000293483815   -3.170319265e-06   -0.0003971135074        42.81886808       -11.75331147                  0                  0                  0                  0                  0        761.7216638        217.2095419        44.79063147        43.79085435       -4.294716432      -0.4904450279 "MONITOR"                            0                  0      -0.1697211623       -2.635910873     0.001859784837       0.0277489171
 "BPMWT.A6R5.B1"            10404.17865        103.9370409        6.696465812        320.7376769        3.652524078         23.3173251         22.7006121     -0.08545754364     -0.03238696981    0.0009695157527    -0.000293483815   -2.977151154e-06   -0.0003715613917        40.22382829       -11.60194602                  0                  0                  0                  0                  0        762.2411791        217.2602905        44.79398589        43.79201839       -4.631920827      -0.5232807559 "MONITOR"                            0                  0      -0.1675303357       -2.405871913     0.001859784837      0.02555809056
 "BPMWT.B6R5.B1"            10410.00065        40.91348306        4.128604234        279.7232419        3.392208833        23.33155338        22.70370581     -0.07981397762     -0.03422191816    0.0009695157527    -0.000293483815   -2.022461217e-06    -0.000245275808        27.39842793       -10.85385634                  0                  0                  0                  0                  0        764.8087688         217.511117        44.82244506        43.79825741       -8.527094302      -0.7145804646 "MONITOR"                            0                  0      -0.1567026684       -1.344749775     0.001859784837      0.01473042324
 "BPMR.6R5.B1"              10415.02065        10.57722937        1.914474189        246.7922341        3.167752885        23.37034275        22.70674684     -0.07494783172     -0.03580409624    0.0009695157527    -0.000293483815   -1.199283017e-06   -0.0001363864865        16.33976942       -10.20881851                  0                  0                  0                  0                  0        767.0226671        217.7274092        44.90000093        43.80438392       -27.49110715      -0.9273566323 "MONITOR"                            0                  0      -0.1473665485      -0.5310229763     0.001859784837     0.005394303361
 "BPM_A.7R5.B1"             10449.03465        384.8764123       -12.88727227        37.88198358          1.6070266        23.77898091        22.76285379     -0.05679252346     -0.03843351342     0.000489840314   -5.060059816e-05    4.235291881e-06    5.554331313e-06       -56.60692163       -3.846095965                  0                  0                  0                  0                  0        781.7837551        220.7698387        45.71746986        43.91677557        -3.62649595       -8.721075424 "MONITOR"                            0                  0     -0.05478387839        1.621456271     0.002793666762     -0.08620158412
 "BPM.8R5.B1"               10490.47364        50.79180138        2.833452619        95.45619594       -1.677990591        23.81780309        22.91750744       0.2252971845      -0.1179092007      0.01329804143    -0.002141631663    2.087257709e-06    2.754534339e-05       -28.45445625       -1.880739442                  0                  0                  0                  0                  0        788.3703005        220.2513656        45.79558286        44.22699055       -4.925567652       -34.98053902 "MONITOR"                            0                  0     0.007759618338       0.4119734013   -0.0004987922966    -0.001654783666
 "BPM.9R5.B1"               10529.54063        37.04014454      -0.9722379896        20.62539123       0.2627259904        24.07005091        23.06168081        1.283679537     -0.03620656544      0.03395290602     0.002461153139    1.696232834e-06    1.087466903e-05       -25.41419741        1.541421201                  0                  0                  0                  0                  0        789.4728289        219.2313222         46.3003316        44.51429183       -125.0053014       -16.22085447 "MONITOR"                            0                  0     -0.01483725238       0.4020043756   -0.0001616614652     -0.00860401632
 "BPM.10R5.B1"              10570.00562        45.91744942      -0.5059129918        174.4699484       -3.539207478        24.23327085        23.20040721       0.9149429073      0.02406477825    -0.008025219071     0.001392532565   -7.402885166e-07    3.115874881e-06        10.23225659         8.07076385                  0                  0                  0                  0                  0        789.7452886        221.0586882         46.6267497        44.79016083       -20.46307583      -0.9890278783 "MONITOR"                            0                  0     -0.01567885822         1.34070769   -0.0004396941327      0.02531132563
 "BPM.11R5.B1"              10622.78831        587.1347933       -8.553528565          34.252417       0.6315361816        24.29076013        23.30624979        2.314391222      0.05154344284      0.03277483704    0.0004638788629   -5.835319281e-06   -9.495790161e-06        82.00129512        3.116977306                  0                  0                  0                  0                  0        795.8793553        222.9064875        46.74149412        45.00237094       -2.645314311       -18.45480049 "MONITOR"                            0                  0     -0.02545471007        1.675371403    0.0008518466547     -0.06363490047
 "BPM.12R5.B1"              10677.51479        78.94630405        2.648382603        162.0191913        -2.17624505        24.32896692        23.44940617        1.142744744       0.1521315261     -0.01578741239     0.001904939271   -2.771604031e-06   -3.727702271e-05        30.32538208        1.627872577                  0                  0                  0                  0                  0        683.1588429        219.6789587        46.81730631        45.28523295       -7.357090269         -35.949476 "MONITOR"                            0                  0    -0.001752377916       0.4792017993   -0.0003901932063    -0.002368504171
 "BPM.13R5.B1"              10730.96627         56.0556184      -0.4596053763        35.44642242       0.4885960719        24.49375322        23.56340564        2.147980415      0.04707655645      0.02878280205    -0.002184717902   -2.876486415e-06   -0.0002607968571         8.58210671       -1.724086784                  0                  0                  0                  0                  0        685.6216023         224.682544        47.14669723        45.51128999       -100.7058901       -17.23718233 "MONITOR"                            0                  0     -0.01316592178       0.4503146998    4.912301697e-05     -0.01624712179
 "BPM.14R5.B1"              10784.41776        44.50350747      -0.7388344576        180.2601391        -2.41073666        24.72948132        23.69040263         1.09374962      -0.0138122668     -0.01433927057    -0.001094865988    7.123695125e-07   -0.0008813752758       -21.52173215       -7.771083139                  0                  0                  0                  0                  0        688.8435696        226.3708902          47.618245        45.76532329       -20.09471235      -0.8647063623 "MONITOR"                            0                  0     -0.02238057176        1.348500719   -0.0004129853638       0.0164407355
 "BPM.15R5.B1"              10837.86924        569.2414009       -8.096576666        31.71549225       0.5547464109        24.78802892        23.80463244        2.155949707     -0.04334146056      0.02979826263   -0.0005055785348    2.930505173e-06   -0.0002904139913        -82.4557765       -3.094791608                  0                  0                  0                  0                  0        702.0619955        199.2648436        47.73637701        45.99810154       -2.715120221       -16.45042741 "MONITOR"                            0                  0     -0.02955261343        1.867738356    0.0006634424092      -0.0551221489
 "BPM.16R5.B1"              10891.32073        77.43463036        2.659576637        164.1809306       -2.316517057         24.8260898        23.95045554        1.096144872      -0.1350504098     -0.01446872303    -0.001777988179    9.852569396e-07    1.165465935e-05       -37.37466618       -2.044554559                  0                  0                  0                  0                  0        594.0802408        196.7218898        47.81080653        46.28655907       -5.917031622       -32.51680656 "MONITOR"                            0                  0     0.005565294345        1.112110682   -0.0002836646499     0.006514540551
 "BPM.17R5.B1"              10944.77221        56.00435649      -0.4830911764        35.47148179       0.5032713612        24.99378442         24.0634242        2.154376317     -0.04156616148      0.02972700812      0.00194593054    4.138096611e-08    0.0002591200065       -36.36193909        1.539709289                  0                  0                  0                  0                  0        596.4186864        201.5385854        48.14601277        46.51032431       -87.76954737       -15.85677166 "MONITOR"                            0                  0     -0.01543560459       0.7623006607      0.00020400239     -0.03276975858
 "BPM.18R5.B1"               10998.2237        44.51706916      -0.7389134613        180.2922772       -2.411070614         25.2294859        24.19039827        1.093115059      0.01223691653     -0.01449354877    0.0009687902836   -7.858401036e-07    0.0008812194963        10.87415133        7.645072949                  0                  0                  0                  0                  0        599.6483241        203.2279037        48.61752363        46.76436618       -17.89761754       -1.081185064 "MONITOR"                            0                  0     -0.02512050901        1.286219774   -0.0005769980276      0.01542366174
 "BPM.19R5.B1"              11051.67518        569.1170593       -8.094686135        31.71429374       0.5545069684        25.28803677        24.30464453         2.14560929      0.03763077261      0.02961500139    0.0004309199883   -5.599506691e-06    0.0002904193572        81.11130852        2.931511456                  0                  0                  0                  0                  0        612.8397951        176.1322894        48.73580961        46.99755157       -2.645243987       -14.81939493 "MONITOR"                            0                  0     -0.02373342981        1.587728126    0.0008201535949      -0.0616302054
 "BPM.20R5.B1"              11105.12666        77.43791894        2.659264844        164.2057835       -2.316775555        25.32609996         24.4504487        1.090709972       0.1171352735     -0.01436177079     0.001541211844   -2.703563495e-06   -1.164037411e-05        30.25858143        1.723483908                  0                  0                  0                  0                  0        505.4434202        173.6156221        48.80983057        47.28560788       -5.255621534       -29.13808409 "MONITOR"                            0                  0    -0.003096094145       0.4429009179   -0.0004140098444    -0.002531139349
 "BPM.21R5.B1"              11158.57815        56.02339237      -0.4830012037        35.46967262       0.5034076266         25.4937408        24.56341043        2.147519483      0.03604605564      0.02969317158    -0.001688504667    -2.87562051e-06   -0.0002591173109        8.875716055       -1.560905931                  0                  0                  0                  0                  0        507.7717223        178.4198302        49.14496493        47.50913262       -74.88975651       -14.47782041 "MONITOR"                            0                  0     -0.01336251394       0.4502744891     6.15495386e-05     -0.01642543779
 "BPM.22R5.B1"              11212.02963        44.50041874      -0.7388319616        180.2639979       -2.410755796        25.72947828        24.69040199        1.093828698     -0.01067219286     -0.01434228185   -0.0008429655449    7.123266054e-07   -0.0008812258007       -21.41178065       -7.363092809                  0                  0                  0                  0                  0        510.9955603         180.107261        49.61654219        47.76318434       -15.71695008       -1.299652641 "MONITOR"                            0                  0     -0.02238206031        1.348466744   -0.0004130016941      0.01644008254
 "BPM.23R5.B1"              11265.48112        569.2307498       -8.096507933        31.71456335       0.5547557481        25.78802859        24.80463235         2.15599238      -0.0319098822      0.02979772765   -0.0003558188439    2.930449852e-06   -0.0002904126177       -82.41294121       -3.025777524                  0                  0                  0                  0                  0        524.1719683        152.9391365        49.73506371        47.99687925        -2.57660504       -13.18846452 "MONITOR"                            0                  0     -0.02955225724        1.867700685    0.0006634627275     -0.05512294245
 "BPM.24R5.B1"               11318.9326        77.43629385        2.659551682        164.1781172       -2.316512272        25.82608941        24.95046026        1.096089763     -0.09919628041     -0.01447063279     -0.00130420929    9.852678994e-07    1.166295401e-05       -37.44745933       -2.175158029                  0                  0                  0                  0                  0        416.2721228        150.4379667        49.80843008        48.28436074       -4.591625683       -25.75445416 "MONITOR"                            0                  0     0.005563549992        1.112058193    -0.000283685683     0.006513635017
 "BPM.25R5.B1"              11372.38408        56.00769317      -0.4830595388        35.47261446       0.5032652323        25.99377269        25.06342791        2.154133258     -0.03052230108      0.02972340199      0.00143066782    4.148174768e-08    0.0002591236657       -36.65538061        1.393462388                  0                  0                  0                  0                  0        418.6097526        155.2956385        50.14361428        48.50755417       -61.95230881       -13.09762664 "MONITOR"                            0                  0     -0.01543532901        0.762261212    0.0002040163898     -0.03276998356
 "BPM.26R5.B1"              11425.83557        44.51397921      -0.7389109731        180.2961356       -2.411089742        26.22948286        25.19039763        1.093023419     0.009096614674     -0.01449036238    0.0007168794713   -7.857896503e-07    0.0008812225824        10.76624527        7.293847679                  0                  0                  0                  0                  0        421.8418852        156.9840845        50.61515539        48.76163011       -13.52004364       -1.516191577 "MONITOR"                            0                  0     -0.02512200895        1.286184738   -0.0005770123308      0.01542300284
 "BPM.27R5.B1"              11479.28705        569.1064136        -8.09461747        31.71336492       0.5545163109        26.28803643        25.30464444        2.145599312      0.02619956513      0.02961645992      0.00028117024   -5.599466921e-06    0.0002904179833        81.07865849        2.881681514                  0                  0                  0                  0                  0        434.9731211        129.8147328        50.73399466        48.99591531       -2.506764747       -11.55761616 "MONITOR"                            0                  0     -0.02373304915        1.587688854    0.0008201738809     -0.06163098418
 "BPM.28R5.B1"              11532.73854        77.43958244        2.659239894        164.2029685       -2.316770744        26.32609957        25.45045342        1.090772375      0.08128303525     -0.01436043354     0.001067462744   -2.703587628e-06   -1.164866967e-05         30.3314617         1.85562978                  0                  0                  0                  0                  0        327.7099038        127.3538249        50.80628496        49.28266594       -3.930431639       -22.37600998 "MONITOR"                            0                  0    -0.003097849183       0.4428458574    -0.000414030701    -0.002532082948
 "BPM.29R5.B1"              11586.19002         56.0267319      -0.4829696226        35.47080496       0.5034014892        26.49372908        25.56341415        2.147742732         0.02500281      0.02969627067     -0.00117326891    -2.87575034e-06   -0.0002591209704        9.171110505       -1.430719986                  0                  0                  0                  0                  0        330.0366837        132.2124262        51.14141401        49.50546092        -49.0777414       -11.71882528 "MONITOR"                            0                  0      -0.0133622274       0.4502333984    6.156250417e-05     -0.01642557958
 "BPM.30R5.B1"               11639.6415        44.49721459      -0.7388264503         180.267924       -2.410773029        26.72947514        25.69040115         1.09390793    -0.006850832859     -0.01434529091   -0.0005771075803    6.661442932e-07    -0.000881229752       -18.78855867       -7.115626605                  0                  0                  0                  0                  0        330.9977223        133.4067227        51.61240663        49.75768266       -11.74209712       -1.634911661 "MONITOR"                            0                  0     -0.02269690879        1.363725634   -0.0004194376722      0.01675285279
 "BPM.31R5.B1"              11693.09299        569.2196755       -8.096432637        31.71369783       0.5547684991        26.78802821        25.80463175        2.156039787     -0.02002193992      0.02979728375   -0.0002112556909    2.766192395e-06   -0.0002904121624       -73.42494587       -3.011568787                  0                  0                  0                  0                  0        344.0662357        106.0760713        51.73181798        49.99225547       -2.838018328       -9.672064431 "MONITOR"                            0                  0     -0.03005812142        1.904150248    0.0006692461927     -0.05553915412
 "BPM.32R5.B1"              11746.54447        77.43813536        2.659524737        164.1747689        -2.31649939        26.82608897        25.95046466        1.096038504     -0.06255051985     -0.01447256204   -0.0008235327673    9.292917317e-07    1.166921569e-05       -34.47003535       -2.314754389                  0                  0                  0                  0                  0        236.4568284        103.7136656        51.80161102        50.27778324       -3.608085975       -18.84430309 "MONITOR"                            0                  0     0.006432613552        1.133586344   -0.0002761185623     0.006700767788
 "BPM.33R5.B1"              11799.99596        56.01135063      -0.4830246138         35.4737212       0.5032555093        26.99375979        26.06343157         2.15389807     -0.01941180184      0.02971987716     0.000900728342     3.72951568e-08    0.0002591269514       -36.71657906        1.288519928                  0                  0                  0                  0                  0        238.7894471        108.6812745        52.13683893        50.50010699       -36.14145741       -10.33375837 "MONITOR"                            0                  0     -0.01540590724       0.7623599056     0.000197617573     -0.03280091574
 "BPM.34R5.B1"              11853.44744        44.51072724       -0.738915173        180.3013246       -2.411132874        27.22948013        26.19039676        1.092938054     0.004592107831     -0.01448720802    0.0004370112942   -7.857416458e-07    0.0008812267304        10.67179775        7.144590038                  0                  0                  0                  0                  0        239.7919253        109.9265532        52.60755808        50.75200274       -9.950393356       -1.751543212 "MONITOR"                            0                  0     -0.02512369792        1.286153332   -0.0005770296312      0.01542246728
 "BPM.33L6.B1"              11906.89893        569.0978149       -8.094587319        31.71266279       0.5545360908        27.28803641         26.3046431         2.14561155      0.01385421695      0.02961824161    0.0001418264242   -5.599447939e-06    0.0002904175561        81.09441303        2.927284699                  0                  0                  0                  0                  0         252.714609        82.49461977        52.72802834        50.98641116       -3.169257069       -7.786310895 "MONITOR"                            0                  0     -0.02373288275        1.587665551     0.000820196272     -0.06163185789
 "BPM.32L6.B1"              11960.35041        77.42873526         2.65904894        164.2057585       -2.316872495        27.32610302        26.45045612        1.090771787      0.04152511428     -0.01436085208    0.0005323520953   -2.835292763e-06   -1.164877175e-05        40.63098796        1.848207196                  0                  0                  0                  0                  0         257.720679        81.52843585        52.80530539        51.28134794       -4.233052802       -14.87288671 "MONITOR"                            0                  0    -0.002030159014       0.3906613892   -0.0003921430652    -0.003600393185
 "BPM.31L6.B1"              12013.80189        56.02196541      -0.4831419688         35.4731121       0.5034413759        27.49376401        26.56341124        2.147714964      0.01227152983      0.02969574842    -0.000610937005    -3.34457411e-06   -0.0002591201455        45.80883561        -1.48249005                  0                  0                  0                  0                  0         260.046749        86.42062934        53.14049736        51.50256065       -39.80055827       -8.025382677 "MONITOR"                            0                  0     -0.01163782938       0.3259501438    4.189457076e-05     -0.01500713523
 "BPM.30L6.B1"              12067.25338        44.50272673       -0.738723242         180.266243       -2.410687634        27.72947754        26.69039382        1.093895627    -0.005724331721     -0.01434494694   -0.0003347114568    5.524122528e-07   -0.0008812257732       -8.815301038       -7.255354517                  0                  0                  0                  0                  0        263.2749123        88.10500085        53.61207203         51.7567722       -10.18635117        -1.42210025 "MONITOR"                            0                  0     -0.02534638848        1.274943475   -0.0004387982097      0.01579939492
 "BPM.29L6.B1"              12120.70486        569.2005083       -8.095961397        31.71182405       0.5547233744        27.78802813        26.80462988        2.156043016    -0.008360465491      0.02979758683   -1.672408707e-05    2.918143497e-06   -0.0002904110032       -81.43457366       -3.011168315                  0                  0                  0                  0                  0        276.3423894        60.79952531        53.73204993        51.99546355       -3.101693615       -6.133025311 "MONITOR"                            0                  0     -0.02964949939        1.867115156    0.0006852894157     -0.05501682576
 "BPM.28L6.B1"              12174.15635         77.4380513        2.659528825        164.1748524       -2.316514213        27.82608891        26.95046516        1.096055286     -0.02125305043     -0.01447231112   -0.0002475358778    9.852785178e-07    1.167155854e-05        -37.5094211       -2.038659507                  0                  0                  0                  0                  0        281.3932098        59.94090057         53.8091566        52.29176009       -4.516811995        -11.0419746 "MONITOR"                            0                  0     0.005561709111        1.112001943   -0.0002837081413     0.006512675339
 "BPM.27L6.B1"              12227.60783        56.01105018       -0.483026462        35.47419174       0.5032607184        27.99376063        27.06343113        2.153950061    -0.005184906862       0.0297205553    0.0003352935656    4.158294908e-08    0.0002591275652       -36.88351155        1.437454432                  0                  0                  0                  0                  0        283.7310916        64.71108699        54.14430659        52.51060132       -43.45982867       -5.715622772 "MONITOR"                            0                  0     -0.01543505508       0.7622205707    0.0002040303782     -0.03277016146
 "BPM.26L6.B1"              12281.05931        44.51086118      -0.7389095438        180.3007843       -2.411106794        28.22947975        27.19039513          1.0929525     0.006859084827     -0.01448798666    0.0002322339678   -7.857385802e-07    0.0008812261416        10.68717174        7.297602815                  0                  0                  0                  0                  0        286.9622821        66.40043294        54.61584814        52.76468198       -10.42187808       -1.088138014 "MONITOR"                            0                  0     -0.02512351743        1.286149996   -0.0005770262136      0.01542234078
 "BPM.25L6.B1"               12334.5108        569.0960853       -8.094554878        31.71205757       0.5545250792        28.28803602          27.304643        2.145593649     0.002878624409      0.02961763964    -0.000108166688   -5.599428499e-06    0.0002904166774        81.06811925        2.877545942                  0                  0                  0                  0                  0         300.123502        39.59063872        54.73543176        53.01431116       -3.032997628       -4.480145943 "MONITOR"                            0                  0     -0.02373263233         1.58764743    0.0008201951926     -0.06163182727
 "BPM.24L6.B1"              12387.96228         77.4413399         2.65921704        164.1997019       -2.316772656        28.32609907        27.45045833        1.090804823     0.003341633411     -0.01435976815    1.082174649e-05   -2.703613307e-06    -1.16572751e-05        30.39219963        1.626314062                  0                  0                  0                  0                  0        192.8219829        36.81387637        54.80584863        53.29054987       -3.855776618       -7.663723007 "MONITOR"                            0                  0    -0.003099704669       0.4427866688   -0.0004140530293     -0.00253308578
 "BPM.23L6.B1"              12441.41377        56.03009181       -0.482936603        35.47238186       0.5033969658        28.49371703        27.56341737        2.147853413   -0.0003340734967      0.02969777438   -7.792276945e-05    -2.87588397e-06   -0.0002591248703        9.398646331       -1.539324781                  0                  0                  0                  0                  0        195.1486191        41.60925363        55.14097683        53.50564001       -30.58970971       -4.336933134 "MONITOR"                            0                  0     -0.01336194126        0.450190927    6.157536223e-05     -0.01642566456
 "BPM.22L6.B1"              12494.86525        44.49421308      -0.7388280138        180.2725045       -2.410791976        28.72947212        27.69039884        1.093950646    -0.005294981343     -0.01434670787   -0.0001064407967     7.12217847e-07    -0.000881232446       -21.22169035       -7.189317463                  0                  0                  0                  0                  0        198.3765641        43.29556848        55.61259661        53.75993785       -8.239242064       -1.306522843 "MONITOR"                            0                  0     -0.02238506959        1.348399024   -0.0004130286319      0.01643879797
 "BPM.21L6.B1"              12548.31673        569.2097651       -8.096376537        31.71232707       0.5547738479        28.78802784        27.80463082        2.156083966     0.002842397444      0.02979740958    0.0001832855276    2.930337805e-06   -0.0002904099386       -82.35634207       -3.001323842                  0                  0                  0                  0                  0        211.4725605        16.55161128        55.73342658        54.03160413       -2.964296009       -2.848843532 "MONITOR"                            0                  0     -0.02955151199        1.867623368    0.0006635043282     -0.05512459177
 "BPM.20L6.B1"              12601.76822        77.43971483        2.659503867        164.1720399       -2.316509441        28.82608852        27.95046989        1.096000177      0.01460006813     -0.01447422092    0.0002262317435    9.852894771e-07    1.167985321e-05       -37.58260885       -1.977997679                  0                  0                  0                  0                  0        103.9163615        13.61129655           55.79682        54.28508532       -3.191753249       -4.279757807 "MONITOR"                            0                  0     0.005559964897        1.111949451   -0.0002837291725      0.00651176976
 "BPM.19L6.B1"               12655.2197        56.01438829      -0.4829948465        35.47532457       0.5032545932         28.9937489        28.06343484        2.153706997     0.005858746067      0.02971694908   -0.0001799526928    4.168373088e-08    0.0002591312245       -37.17897907         1.45514962                  0                  0                  0                  0                  0         106.243082        18.62624641        56.13225421        54.48808105       -17.64976984       -2.956843578 "MONITOR"                            0                  0     -0.01543477941        0.762181116    0.0002040443755      -0.0327703863
 "BPM.18L6.B1"              12708.67119        44.50777147       -0.738907048        180.3046432       -2.411125926         29.2294767        28.19039449        1.092860858     0.003719230218     -0.01448480022   -1.966481926e-05   -7.856881263e-07    0.0008812292279        10.57815071        7.292234179                  0                  0                  0                  0                  0        109.4780187         20.2960586        56.60402865        54.74419343       -6.042610004       -1.523165246 "MONITOR"                            0                  0     -0.02512501747        1.286114959   -0.0005770405172       0.0154216819
 "BPM.17L6.B1"              12762.12267        569.0854397        -8.09448621        31.71112882       0.5545344218        29.28803568        28.30464291        2.145583665    -0.008552141146       0.0296190981    -0.000257917199   -5.599388728e-06    0.0002904153036         81.0315389        2.887616299                  0                  0                  0                  0                  0        122.3512459        7.505621525        56.72842992        55.43610133       -2.894519426       -1.218354059 "MONITOR"                            0                  0     -0.02373225169         1.58760816    0.0008202154796     -0.06163260606
 "BPM.16L6.B1"              12815.57415        77.44300343        2.659192087        164.1968877       -2.316767858        29.32609868        28.45046305        1.090867225     -0.03250959388     -0.01435843078    -0.000462916084    -2.70363744e-06   -1.166557067e-05         30.4657358        1.567169379                  0                  0                  0                  0                  0        19.23156631        9.565118294        56.70140234        55.80592389       -2.530933846      -0.9017845032 "MONITOR"                            0                  0     -0.00310145957       0.4427316059   -0.0004140738841    -0.002534029425
 "BPM.15L6.B1"              12869.02564        56.03343279      -0.4829050443        35.47351438       0.5033908326         29.4937053        28.56342108        2.148076666     -0.01162197894      0.02970087349     0.000437298911   -2.875999312e-06   -1.413891233e-05        9.693761112       -1.573065032                  0                  0                  0                  0                  0        21.06251903        6.107337049        57.04779193        56.12166686       -4.784879965        -1.57830384 "MONITOR"                            0                  0      -0.0133617324       0.4501517156    6.158832539e-05     -0.01642588399
 "BPM.14L6.B1"              12922.47712        44.49106166      -0.7388204282        180.2760759       -2.410804097         29.7294685        28.69039814        1.094026823    -0.002741511697     -0.01434977961    0.0001516358803    6.662512504e-07   -5.624846981e-06       -21.11372645       -7.239914133                  0                  0                  0                  0                  0        23.87495984        4.912984645        57.53081419        56.41040412       -3.858900985       -1.741495254 "MONITOR"                            0                  0     -0.02268696434        1.363025201   -0.0004191941113      0.01673813534
 "BPM.13L6.B1"              12975.92861        569.1040919       -8.095070237         31.7111629       0.5545754411        29.78803517        28.80464447        2.156121854     0.008520807515      0.02979690068    0.0002141579783    5.610577521e-06    8.992828999e-06       -82.27645754       -2.859234527                  0                  0                  0                  0                  0         34.5156737        30.23032335        57.69799783        56.48606729       -2.825779001       0.4131330071 "MONITOR"                            0                  0     -0.02368306286        1.592428063     0.000798990884     -0.06186030209
 "BPM.12L6.B1"              13029.38009        95.24102555        2.796935049        160.2139062       -2.266266822        29.82231694        28.95293012        1.184893083      0.03227394838     -0.01279269312    0.0004579852617    2.935725047e-06     3.71065617e-05       -41.17198907        -1.33260816                  0                  0                  0                  0                  0        77.53229795        32.66343909        57.33535595        56.80207088       -2.005769582        2.454436847 "MONITOR"                            0                  0    -0.004182278539       0.4284740323   -0.0004141425593    -0.003969049138
 "BPM.11L6.B1"              13082.83158        71.07490442      -0.3002015779        45.50055496       0.5455906229        29.94460356        29.05202302        2.360781463       0.0139881429      0.03202921245    -0.000388192483    3.430864481e-06    1.680716773e-05        -46.0758801        1.587758889                  0                  0                  0                  0                  0        74.71629112        27.53439068        57.58225771        57.01953401        5.891199604       0.1664073097 "MONITOR"                            0                  0     -0.01278694887       0.3888116907    7.345386065e-05      -0.0173624892
 "BPM.10L6.B1"              13134.67226        33.76709192      -0.6654714479        180.2145832       -2.167529314        30.19716341        29.15532266        1.218862396      0.01015172071     -0.01772019256   -5.918769078e-05   -1.065181736e-07    1.402072978e-05        2.582354707         6.65176458                  0                  0                  0                  0                  0         71.4435908        25.52535333        58.08572083        57.21872558       0.1216973911       -1.880362072 "MONITOR"                            0                  0     -0.02516768333        1.225066967   -0.0004415367854      0.01380076103
 "BPM.9L6.B1"               13173.73925        386.6037256       -7.530804352        14.42246114       0.6794968082        30.25858281        29.27686341        2.190344814    -0.004299622155      0.03421633441   -0.0003971948961   -3.343935467e-06   -4.346350105e-06        46.31304984        2.065495181                  0                  0                  0                  0                  0        66.04227078        22.74724229        58.20898842        57.44771034       -2.477124093       -0.755559759 "MONITOR"                            0                  0     -0.01895419186       0.9289416114     0.001559963176     -0.08666647765
 "BPM.8L6.B1"               13214.20424        39.91149804        2.423078775        148.4328725       -3.627002077        30.30424148        29.51091469       0.5425450763     -0.02895797638     -0.04296285134   -0.0006345556408   -1.691753866e-06   -3.419207705e-05        25.11283169       -1.126107557                  0                  0                  0                  0                  0        60.55408749        22.73026733        58.29328246        57.88946086       -2.530388643       0.6809494587 "MONITOR"                            0                  0     -0.04203874201      -0.2340641005    -0.001463319431      -0.0127522401
 "BPMYA.5L6.B1"             13311.29423        609.5006817       -7.399804487        155.5456826       -0.228188878        30.68708739        29.61134696       -1.864576553     -0.01740326707     -0.02205526219    0.0001444987013   -1.836195403e-07    -2.18736908e-05        11.18092641       -5.090980324                  0                  0                  0                  0                  0        55.44627507        22.80298055        59.03830881        58.09314641       0.3349583157       -1.546914492 "MONITOR"                            0                  0     -0.05828146271        4.880390766   -0.0001594495732       0.0100306099
 "BPMYB.4L6.B1"             13347.69423        239.7388763        4.563195924         552.924658       -7.733183118        30.70137218        29.63234303       -1.144746217     -0.02595634463      0.02315077811   -0.0002659855106    4.502313273e-07   -3.359305732e-05       -3.521581822       -10.74551656                  0                  0                  0                  0                  0         55.4959651        19.59159876        59.05804916        58.12215123      -0.4359261479       -1.918901796 "MONITOR"                            0                  0       0.1122173092        5.756412202     0.001541584306       0.0808036869
 "BPMSX.B4L6.B1"            13383.23473        176.9832103       0.4758470754        487.4910926        1.537791929        30.73012773        29.64279941      -0.9171616784      -0.0210181803     0.005023553666    0.0001726773097    1.351316088e-06   -2.775391666e-05       -20.62758826       -10.57495113                  0                  0                  0                  0                  0        55.75277423        19.45905597        59.11495216        58.14053687       -1.828626747        -2.06745693 "MONITOR"                            0                  0      0.01839503832        4.517479365   -9.689024992e-05     -0.01327108389
 "BPMSX.A4L6.B1"            13383.81973        176.4288407       0.4717932344        485.6942381         1.53375409        30.73065463        29.64299075      -0.9142229147     -0.02091728564     0.005023553666    0.0001726773097    1.366527064e-06   -2.763235093e-05       -20.91196399       -10.56390952                  0                  0                  0                  0                  0        55.75682407        19.46013455        59.11600594        58.14088782       -1.851140333       -2.070009371 "MONITOR"                            0                  0      0.01833835752        4.498987842   -9.689024992e-05     -0.01321440309
 "BPMSE.4L6.B1"             13476.94473        148.6530544      -0.1735297567        259.8910155       0.8909785016         30.8281605        29.68520047      -0.4464069009    -0.004856062983     0.005023553666    0.0001726773097    3.787932488e-06   -8.280542812e-06       -66.18117776       -8.806217555                  0                  0                  0                  0                  0        56.40151657        19.64166051        59.31093942        58.22030529       -3.110552436       -2.458366873 "MONITOR"                            0                  0     0.009315452995        2.400894994   -9.689024992e-05    -0.004191498571
 "BPMSA.4R6.B1"             13568.51473        238.5387991      -0.8080771531        154.5933473       0.2589359709        30.90898382        29.76070951      0.01359752729       0.0109369696     0.005023553666    0.0001726773097    6.168905316e-06    1.074812908e-05       -110.6944868       -7.077875504                  0                  0                  0                  0                  0        57.03545433        19.83884819        59.47240767        58.36649907       0.2193113121       -2.147085206 "MONITOR"                            0                  0    0.0004432128104        1.976494473   -9.689024992e-05     0.004680741614
 "BPMYA.4R6.B1"             13691.29423        541.4324358       -1.658895238        195.0599422      -0.5885235235        30.96447573        29.88569537       0.6303837422       0.0321126892     0.005023553666    0.0001726773097    9.361377232e-06    3.626228022e-05       -170.3791196       -4.760468354                  0                  0                  0                  0                  0        57.88547051        20.13136682        59.58322823        58.61010594        3.235111785     -0.01820802271 "MONITOR"                            0                  0     -0.01145292363        3.957377824   -9.689024992e-05      0.01657687805
 "BPMYB.5R6.B1"             13727.69423        118.9446153        3.998774244        619.1486253        -8.02949793        30.98628616        29.90320584       0.3998970958       0.0597260701    -0.007247936595    0.0008071008792    4.253662314e-06    6.796931205e-05       -77.45502059       -7.183347483                  0                  0                  0                  0                  0           59.47172        23.41454089         59.6388618        58.65446653        4.183754098       0.2158903318 "MONITOR"                            0                  0       0.1154071396        3.358401133     0.001492596645      0.04511259778
 "BPM.8R6.B1"               13823.42122         95.8704461       -1.330986707        18.10246599       0.4288203656        31.28670723        30.06515947       0.6814533654     0.008358053873      0.01166726982   -0.0005765269564    -2.27595979e-06    1.001925454e-05        40.31299184        1.254931822                  0                  0                  0                  0                  0        58.75003358        27.73654965         60.2477168         59.0057189       -4.358295641       -1.893042833 "MONITOR"                            0                  0    0.0004882216987       0.3697649319    -0.000500936955      0.01710065421
 "BPM.9R6.B1"               13862.48821        23.10118336       0.2900838304        128.1099826        -2.79626017        31.42230916        30.23962488       0.4629866369    -0.006036052213     -0.00148556304   -0.0003514751317   -1.944713966e-06   -5.500963622e-06         35.5271457        6.768684693                  0                  0                  0                  0                  0        57.76222476        27.45905014        60.51538956         59.3695263       0.6258041878       -3.622393479 "MONITOR"                            0                  0      0.03234505829       0.4590448893    0.0005449425609      0.01371866752
 "BPM.10R6.B1"               13902.9532        192.2916861       -3.813753035        17.09911242       0.4963624851        31.54558416        30.37216241        1.321034169    -0.009088758038      0.02935006661   -4.538885454e-05   -4.448018617e-06     -1.0214978e-05        81.78806167        1.578044883                  0                  0                  0                  0                  0         60.1115877        25.00550029        60.75706314        59.63832226        4.716164642      -0.7172854948 "MONITOR"                            0                  0    -0.008087805377       0.5271325699   -0.0006922414441      0.02118313322
 "BPM.11R6.B1"              13954.79389         28.3575811       0.6813664723        210.0976592       -3.764621609        31.65462714        30.57322895       0.8348559758     -0.02728293664    -0.007744162679   -0.0003714399011   -4.778262074e-07   -3.279921029e-05        10.59706819       -4.684181397                  0                  0                  0                  0                  0        62.31168275        22.45687473         60.9782196        60.02289996       0.4089373478       -2.789374975 "MONITOR"                            0                  0       0.0333992184        1.211692607    0.0004669130032      0.02273506324
 "BPM.12R6.B1"              14009.52037        159.8583021       -2.380268291        45.15857622       0.8222440678        31.82421901        30.66023064        2.051604268    -0.004847348282      0.03204829798    0.0004512586359     3.84378495e-06   -6.446267711e-06       -65.21979506       -3.620360352                  0                  0                  0                  0                  0        61.49669713        24.64482378         61.3213119        60.22007717       -4.914366846       -4.191433055 "MONITOR"                            0                  0    -0.008945635573       0.9790633015   -0.0001558156177    -0.004705940411
 "BPM.13R6.B1"              14062.97186        30.81653585        0.425414974        165.2278057       -1.976819269        31.94927885        30.77574501        1.077827604       0.0138424358     -0.01278008601    0.0003449427146    2.255790407e-06    1.446642945e-05       -40.91340671       -7.429498691                  0                  0                  0                  0                  0        67.61820192         23.2880533        61.55990251        60.45931663        2.022181894       -3.045128848 "MONITOR"                            0                  0      0.03184144045       0.6188828376    0.0002620457342      0.01120284274
 "BPM.14R6.B1"              14116.42334        179.1438017       -2.537448285         29.6318274        0.438228606        32.08926961        30.90154039        2.143398107      0.01301864838      0.02984415016   -3.597892339e-05    3.222252415e-06    1.480706541e-05       -65.18323414       -1.596138658                  0                  0                  0                  0                  0        68.65132236        23.03849373        61.83673628        60.68329371        4.466448596       -0.652018345 "MONITOR"                            0                  0    -0.005930724644       0.6629935689   -0.0004723159173       0.0200376977
 "BPM.15R6.B1"              14169.87483        33.99590019       0.5777783078        182.8334111       -2.627492472        32.19913836        31.04348317        1.060949145      0.02929774683     -0.01490317696     0.000323514108   -1.362017937e-07    3.477096959e-05       -2.108375461        3.030689195                  0                  0                  0                  0                  0        62.29093416        23.54838864        62.07217728        60.95563544       -1.713396292       -2.124936137 "MONITOR"                            0                  0      0.03574541699        1.045193451    0.0004550089488      0.01874914046
 "BPM.16R6.B1"              14223.32631        168.3146853       -2.300386056        33.11774466       0.5897535177        32.33599611        31.15363266        2.086341433      0.00473541803      0.02909182539   -0.0005024474883   -4.193437837e-06    6.177878128e-06        66.13684171         3.04090318                  0                  0                  0                  0                  0        61.46337208        24.27524552        62.34890602        61.20463616       -3.755820859       -4.208639748 "MONITOR"                            0                  0    -0.005316990779       0.7733581388   -0.0002819963155     0.004594552019
 "BPM.17R6.B1"              14276.77779        30.97152529       0.4772585459        162.7834818       -2.255917346        32.45681385        31.29606344        1.044574155     -0.01734610963     -0.01405981817   -0.0004089508435   -2.253032938e-06   -1.865000955e-05        38.52707244        7.067579651                  0                  0                  0                  0                  0        67.16425638        23.97772448        62.57597321        61.49818833        3.265970083        -2.67375982 "MONITOR"                            0                  0      0.03051823057       0.6570862399    0.0002949590754      0.01269891457
 "BPM.18R6.B1"              14330.22928         179.808627       -2.543763859        30.01651634       0.4317718267        32.59621803          31.421803        2.094951268     -0.01358824255      0.02953927295    9.638485153e-05   -3.034228706e-06   -1.555396213e-05        56.63596969          1.2316459                  0                  0                  0                  0                  0        68.05650393        22.73191578        62.85136585        61.72484598        4.916676626      -0.6310655222 "MONITOR"                            0                  0     -0.00754204216       0.7515563866   -0.0004300525498       0.0171235184
 "BPM.19R6.B1"              14383.68076        33.91751181       0.5806573495        184.5359611       -2.636856633        32.70599523        31.56158963        1.063636964     -0.02721202107     -0.01387808105   -0.0002743356443    2.377928233e-07   -3.251650876e-05       -2.088545396        -3.89243895                  0                  0                  0                  0                  0        62.48353892        22.83898407        63.08774736        61.99189531        -1.39421661       -2.637347074 "MONITOR"                            0                  0      0.03568345898        1.098676358    0.0004382390839      0.01892145255
 "BPM.20R6.B1"              14437.13225        167.6735413        -2.29453835         32.6875517       0.5938948031        32.84342093        31.67199043        2.151615341    -0.003100942022        0.030271136     0.000490869799    4.329904967e-06   -4.297538036e-06       -74.29565587       -3.196812065                  0                  0                  0                  0                  0        61.78820261        24.51831598        63.36576918        62.24022841       -2.699907742       -4.386979966 "MONITOR"                            0                  0    -0.005942938255       0.7950353822   -0.0002621954079     0.002322286419
 "BPM.21R6.B1"              14490.58373        31.05461517       0.4745744573        161.3997358       -2.252137711        32.96432444        31.81659639        1.079139089      0.02062008238      -0.0147297956    0.0004419635144    2.241969737e-06    2.258114677e-05       -40.98306783       -6.612716978                  0                  0                  0                  0                  0        67.08524516         24.5321921        63.59123955        62.53800964        4.479609019       -2.278141636 "MONITOR"                            0                  0      0.02807757747       0.7039291001    0.0002490260694      0.01317460455
 "BPM.22R6.B1"              14544.03522        180.4262258       -2.549161041        30.48509706       0.4299996271        33.10314785        31.94177937        2.140410459      0.01396051856      0.02979017122   -0.0001554606139    2.837501446e-06    1.607345969e-05       -59.15955956      -0.8461990734                  0                  0                  0                  0                  0        67.87816359        22.37741402        63.86534889        62.76554998        5.377707361      -0.7209368495 "MONITOR"                            0                  0    -0.009078209945       0.8387580271   -0.0003790937768      0.01363573682
 "BPM.23R6.B1"               14597.4867        34.87925746       0.5945416388        184.6494298       -2.622373608        33.21090758        32.08001285        1.077731774      0.02459889644     -0.01452496071    0.0002186589806   -3.149900046e-07    2.963603086e-05       0.7875377704         4.71233469                  0                  0                  0                  0                  0        62.75321193        22.12981752        64.09937343        63.02920409      -0.9143151495       -3.129970869 "MONITOR"                            0                  0      0.03460732421        1.158163971    0.0004040444243      0.01914419596
 "BPM.24R6.B1"              14650.93818        165.9538249       -2.244002472        33.77937607       0.6072843937        33.34667226        32.18825547        2.133180273     0.001672433025      0.02967513534   -0.0004647188979   -4.368282941e-06    2.662090681e-06        69.29035659        3.372819937                  0                  0                  0                  0                  0        62.11398642         24.7048927        64.37396234        63.27099403       -1.749385858       -4.458363913 "MONITOR"                            0                  0    -0.006698966095       0.8390155192   -0.0002253906918   -0.0006794724073
 "BPM.25R6.B1"              14704.38967        31.09580948       0.4645524384        160.3191522       -2.204733291         33.4682775        32.33021384        1.074627848     -0.02257675981     -0.01443715136   -0.0004538046713   -2.234400509e-06   -2.495385464e-05        38.31367661        6.246242581                  0                  0                  0                  0                  0        66.95850673        24.86135963        64.60049489        63.56331349        5.512136971       -2.042295603 "MONITOR"                            0                  0      0.02608491207       0.7306833911    0.0002054273322      0.01317868964
 "BPM.26R6.B1"              14757.84115        180.8473581       -2.552959964         30.8145778       0.4274955205         33.6067188        32.45510754        2.130721439     -0.01409313312      0.02968317352    0.0001923497835   -2.736238214e-06   -1.628623755e-05        51.71882992       0.5782637261                  0                  0                  0                  0                  0        67.67389094        22.19024538        64.87373463        63.79325556        5.954756407      -0.8632922099 "MONITOR"                            0                  0     -0.01016334222       0.8959191861   -0.0003450175134      0.01130927836
 "BPM.27R6.B1"              14811.29264        34.82450301       0.5963376233        185.6383526       -2.624657583        33.71443004        32.59184199        1.075905805      -0.0228061436     -0.01436387227   -0.0001826262416    3.671816248e-07   -2.764211328e-05       -4.313662472        -5.21786631                  0                  0                  0                  0                  0         62.9868088        21.67648631        65.10825235        64.05397286      -0.3669002942       -3.453909981 "MONITOR"                            0                  0      0.03414825016        1.187113968    0.0003862661649      0.01910165174
 "BPM.28R6.B1"              14864.74412        165.5411727       -2.240349374         33.4307295       0.6086341694        33.85056558        32.70040915        2.138002463   -0.0005534946346      0.02979772724    0.0004494419475    4.431974435e-06   -1.360639264e-06       -76.30712657       -3.424740387                  0                  0                  0                  0                  0        62.42939621          24.771316         65.3836484        64.29371962      -0.7676870353       -4.478385537 "MONITOR"                            0                  0    -0.007186054548       0.8526000508   -0.0002084291396    -0.002354622519
 "BPM.29R6.B1"               14918.1956         31.1512825       0.4628137096        159.4928146       -2.205150073        33.97222461        32.84391614        1.078967058      0.02438722509     -0.01445350041    0.0004682999396    2.225576718e-06     2.71629807e-05       -40.84616994       -5.841967833                  0                  0                  0                  0                  0        66.87739846        25.14490187        65.60963385        64.58859574        6.530922806       -1.822597186 "MONITOR"                            0                  0      0.02420327297       0.7632626316    0.0001715879874      0.01345350446
 "BPM.30R6.B1"              14971.64709         181.252663       -2.556497899        31.17928263       0.4273023365        34.11028783        32.96828718        2.140254189      0.01413662122      0.02978654135   -0.0002280380217    2.631063046e-06    1.639492763e-05       -55.76730237      -0.3039785644                  0                  0                  0                  0                  0        67.51997622         22.0144132        65.88203614        64.82069111        6.525052385       -1.051886202 "MONITOR"                            0                  0     -0.01118263703       0.9519189428   -0.0003048055929     0.008591964959
 "BPM.31R6.B1"              15025.09857        34.76677168       0.5980072031        186.2981734       -2.621589632        34.21796197        33.10362115        1.077614737      0.02082452454     -0.01452398035    0.0001445252334     -4.1982892e-07    2.547114135e-05        5.603220286        5.662989906                  0                  0                  0                  0                  0        69.43510413        19.91526741        66.09686654        65.08769172      -0.4224679981       -3.641052806 "MONITOR"                            0                  0      0.03342470438        1.202785522    0.0003628914932      0.01886478185
 "BPM.32R6.B1"              15078.55006        165.1445259       -2.237000188        33.05187737       0.6076730288         34.3544701        33.21269742        2.132954372    -0.000597661006      0.02967293421   -0.0004309586644    -4.49479342e-06    5.039252797e-08        82.45074954         3.43235196                  0                  0                  0                  0                  0        68.80067896        23.60862926        66.37260786        65.32495023       -1.428621207        -4.18639522 "MONITOR"                            0                  0    -0.007581008046       0.8576022526   -0.0001911780723     -0.00386395813
 "BPM.33R6.B1"              15132.00154        31.21238317       0.4612338436        159.0031438       -2.210855563        34.47616284        33.35767439        1.074599863     -0.02609141611     -0.01443312393   -0.0004802328872   -2.216084616e-06   -2.919836185e-05        41.69217516        5.353175226                  0                  0                  0                  0                  0        73.64515323         24.2500738          66.600954        65.62215092        6.569299984       -1.470109665 "MONITOR"                            0                  0      0.02224867675       0.7877895985    0.0001389228129      0.01360237996
 "BPM.34R6.B1"              15185.45302         181.639668       -2.559617924        31.57071756       0.4294149958        34.61384276        33.48130662        2.130884325     -0.01409332106      0.02968672451    0.0002631997016   -2.526808864e-06   -1.639900378e-05        48.29630808      0.02665876248                  0                  0                  0                  0                  0        74.38174356        20.66508516        66.87302278        65.85735593         7.08280419       -1.280665613 "MONITOR"                            0                  0     -0.01217847303        1.002948389   -0.0002673916412     0.006103591659
 "BPM.33L7.B1"              15238.90451        34.70355946       0.5995049351        186.6134876       -2.613239376         34.7214969        33.61536672        1.076016295     -0.01870931897     -0.01436510822   -0.0001055048247    4.713392962e-07    -2.31381087e-05       -6.254246796       -6.059750184                  0                  0                  0                  0                  0        76.31587534        18.52819397        67.08809035        66.12551762      -0.5077758451       -3.787238641 "MONITOR"                            0                  0      0.03265726155          1.2222007      0.00034067619         0.01868566
 "BPM.32L7.B1"              15292.35599        164.7664448        -2.23405401        32.65074794       0.6044205564        34.85838417        33.72513026        2.138198501      0.00174461542      0.02979948257    0.0004097040509    4.552963063e-06    1.260021765e-06       -78.79448866       -3.415207673                  0                  0                  0                  0                  0        75.62828238        22.68801133        67.36426022         66.3583938       -2.084226757       -3.846152443 "MONITOR"                            0                  0    -0.008078924759       0.8688201143   -0.0001730565146    -0.005477227972
 "BPM.31L7.B1"              15345.80748        31.27676739       0.4598045163        158.8646666       -2.221790772        34.98009448        33.87146084        1.078996481      0.02761696484     -0.01445687609    0.0004888628455    2.204725408e-06    3.104748298e-05       -37.61683058       -4.845671979                  0                  0                  0                  0                  0        73.71495217        24.52383236        67.60749687        66.64752147        5.957368422       -1.041506127 "MONITOR"                            0                  0      0.02034517834       0.8192255551    0.0001059541578      0.01383153888
 "BPM.30L7.B1"              15399.25896        182.0089825       -2.562414741        31.97812245       0.4337818382        35.11739341        33.99416374         2.14013155      0.01395206804      0.02978372029   -0.0002965879451     2.41885411e-06    1.629824758e-05       -41.34641357       0.2450369096                  0                  0                  0                  0                  0         74.4042351        20.67546995        67.87876131        66.88527497        6.125345007       -1.268329131 "MONITOR"                            0                  0     -0.01307982122         1.05100822   -0.0002251292923     0.003267674712
 "BPM.29L7.B1"              15452.71045        34.63700551       0.6008595378         186.575299       -2.599832475        35.22504036        34.12710639         1.07751236      0.01650386275     -0.01452342869    6.657201373e-05   -5.234218161e-07     2.06567174e-05        8.100887278        6.451927429                  0                  0                  0                  0                  0        69.88012929        19.36477032        68.11178687        67.14056984      -0.8777083749       -3.862885373 "MONITOR"                            0                  0      0.03161220072        1.227232757    0.0003130746227      0.01830139009
 "BPM.28L7.B1"              15506.16193        164.4062025       -2.231444892        32.23931924       0.5989683023        35.36230844        34.23772038        2.132739231    -0.002853486351      0.02967067955   -0.0003859197453   -4.610289943e-06   -2.562527616e-06        74.19129057        3.401848986                  0                  0                  0                  0                  0         69.3856537        23.64453013        68.38913697        67.37184508       -1.063616303       -3.732084281 "MONITOR"                            0                  0    -0.008491067118       0.8715612174   -0.0001551481592    -0.006881821247
 "BPM.27L7.B1"              15559.61341        31.34519676       0.4585269763        159.0799803         -2.2376059        35.48401901        34.38524245        1.074552348     -0.02891306582     -0.01442970112   -0.0004938553467   -2.192520716e-06   -3.269809798e-05        37.74392208         4.34870587                  0                  0                  0                  0                  0        67.50054376        25.44606482        68.63306614         67.6623667        6.306344082      -0.8103133145 "MONITOR"                            0                  0      0.01839897453       0.8439179413      7.4772126e-05      0.01395496073
 "BPM.26L7.B1"               15613.0649        182.3586623       -2.564827144        32.39188352       0.4402964863        35.62093717         34.5068542        2.130965499     -0.01371664362      0.02968908152    0.0003271064242     -2.3118104e-06   -1.609353268e-05        44.40262361      -0.5084897339                  0                  0                  0                  0                  0        67.94133114         21.5106257         68.9030473        67.90087784        5.163334686       -1.289196473 "MONITOR"                            0                  0      -0.0139730663        1.095298874   -0.0001859131389     0.000656389886
 "BPM.25L7.B1"              15666.51638        34.56737294       0.6020588729        186.1835442       -2.581671697        35.72859019        34.63885666        1.076110702     -0.01419268922     -0.01436497372   -2.722128153e-05    5.744493881e-07   -1.804401306e-05        -8.01966871       -6.791890393                  0                  0                  0                  0                  0        64.77667268        20.10112942        69.13904835          68.155543       -1.208792618       -3.930868712 "MONITOR"                            0                  0      0.03058461589        1.235734632    0.0002875392466      0.01796061655
 "BPM.24L7.B1"              15719.96787        164.0670217       -2.229201176        31.82624279       0.5914335907        35.86623793        34.75047201        2.138434269     0.003943687484      0.02980226456    0.0003596561746    4.663902131e-06    3.848543503e-06       -80.76269898       -3.364873095                  0                  0                  0                  0                  0        64.51699071        24.45535851        69.41753072        68.38570436     -0.03524115919       -3.591377073 "MONITOR"                            0                  0    -0.008937356965       0.8764155279   -0.0001365184855     -0.00838521489
 "BPM.23L7.B1"              15773.41935        31.41592696        0.457400086        159.6453601       -2.257980391        35.98793399        34.89899171        1.079037031      0.03003949076     -0.01446089176    0.0004960118398    2.179009463e-06    3.414020771e-05        -40.1903397       -3.814821848                  0                  0                  0                  0                  0        67.40226231        25.52564347         69.6421875        68.68689981        7.281559219      -0.7350986608 "MONITOR"                            0                  0      0.01639183624       0.8712109659    4.199346864e-05      0.01411155311
 "BPM.22L7.B1"              15826.87083        182.6887594       -2.566923257        32.80069743       0.4487930037        36.12447753        35.01938589        2.139999106      0.01340305074      0.02978052093   -0.0003556631907    2.201330679e-06    1.578593669e-05       -48.34847872       0.7800584909                  0                  0                  0                  0                  0        67.76425477        21.48538035        69.91136997        68.92733058        5.701038804       -1.602430853 "MONITOR"                            0                  0      -0.0147562073        1.135192211   -0.0001415091265     -0.00225086126
 "BPM.21L7.B1"              15880.32232        34.49439369       0.6031075283         185.449397       -2.559260582        36.23214991        35.15064525        1.077401422      0.01180669016     -0.01452282646   -1.217006854e-05   -6.260125849e-07    1.531548398e-05        6.313528337        7.114996533                  0                  0                  0                  0                  0        65.04255971         19.9197704        70.14789179         69.1821326      -0.6178726716       -4.116904021 "MONITOR"                            0                  0      0.02926277739         1.22997562    0.0002566195498      0.01742653414
 "BPM.20L7.B1"               15933.7738         165.189828       -2.245922469        29.91351924       0.5608636264        36.36939515        35.26679286        2.148059103    -0.005162612946      0.02996405574   -0.0003343310416   -4.725958481e-06   -5.311275908e-06         76.1371141        3.215446623                  0                  0                  0                  0                  0        64.84085515        24.28862521        70.42562086         69.4161271       0.9677253204       -3.360028393 "MONITOR"                            0                  0     -0.00940574079       0.8636788462   -0.0001129785491     -0.01023205145
 "BPM.19L7.B1"              15987.22529        30.58502317       0.4531341786         162.843515       -2.362798351        36.49261178        35.42000884        1.065208211     -0.03156595118     -0.01491750914   -0.0005034318449   -2.129404183e-06    -3.61172516e-05        36.79781283        2.949740003                  0                  0                  0                  0                  0         67.3469821        25.57552365        70.65293029        69.72414831        8.283443683      -0.6794591065 "MONITOR"                            0                  0      0.01333877817        0.896875889   -4.202694712e-06       0.0142350926
 "BPM.18L7.B1"              16040.67677        183.4783516       -2.604925755         33.3697676       0.4757407463        36.63128942        35.53764031        2.095845701     -0.01278390874      0.02919611745    0.0003981068736   -1.988767877e-06   -1.514587601e-05        39.04600445       -1.171027711                  0                  0                  0                  0                  0        67.51193282        21.64317926        70.92620953        69.96585534        6.040990211       -2.066817305 "MONITOR"                            0                  0     -0.01596481707        1.184767589   -7.865001809e-05    -0.006353486437
 "BPM.17L7.B1"              16094.12825        34.36358471       0.6063325456        182.7301684       -2.505999375        36.73891266        35.66871209        1.046252466    -0.008009497431     -0.01421981652    7.273535219e-05    7.216377659e-07   -1.094947301e-05       -10.53234441       -7.483101005                  0                  0                  0                  0                  0        65.68807794        19.93751051        71.16264133        70.22363348       -0.158385138       -4.310945086 "MONITOR"                            0                  0      0.02739856978        1.217155806    0.0002146658184      0.01662323431
 "BPM.16L7.B1"              16147.57974        164.3906125       -2.239670109         29.4029896       0.5382349937        36.87696529        35.78716983        2.089851795     0.006700164825      0.02941431014    0.0002864348035    4.814971502e-06     7.14220822e-06        -83.5068445       -3.079027636                  0                  0                  0                  0                  0        65.66615041         23.9972114        71.44196229        70.45446662        2.203581157       -3.019494627 "MONITOR"                            0                  0    -0.009926360854       0.8587842921   -8.957797952e-05     -0.01184572025
 "BPM.15L7.B1"              16201.03122        30.72214843       0.4502068295        165.8550504       -2.418186581        37.00021102         35.9402592        1.059288423      0.03252797892     -0.01385659135    0.0004946586972    2.096871863e-06    3.744109555e-05       -38.78809945       -2.052170924                  0                  0                  0                  0                  0        67.24494023        25.37366401        71.66955052        70.75981309        9.324747345      -0.7637806945 "MONITOR"                            0                  0      0.01058754718       0.9319124572   -4.520701669e-05      0.01441206043
 "BPM.14L7.B1"              16254.48271        184.2394902       -2.610490936        33.82175435       0.4992848387        37.13807843        36.05561875        2.142303491      0.01197717283      0.03017201322    -0.000432548109    1.770464966e-06    1.428239203e-05       -40.85408897        1.547439807                  0                  0                  0                  0                  0        67.25303513        21.71559301        71.94117826        71.00323198        6.323800458       -2.553340386 "MONITOR"                            0                  0     -0.01677452828        1.223945861   -1.403205785e-05     -0.01052132288
 "BPM.13L7.B1"              16307.93419        34.21867101       0.6089444845        179.4726201       -2.449356624        37.24570707        36.18708095        1.077648167     0.004096484738     -0.01457017182   -0.0001322274712    -8.16815142e-07    6.422859979e-06        9.754071127        7.753535954                  0                  0                  0                  0                  0         66.2256095        19.97195044        72.17850471        71.26459146        0.327138163       -4.414658787 "MONITOR"                            0                  0      0.02509057254        1.184857461    0.0001658824746      0.01556866791
 "BPM.12L7.B1"              16361.38567        163.3682813       -2.231001173        29.31306284       0.5187167058        37.38474003        36.30710312        2.142643919    -0.008129507641      0.02985725555   -0.0002341835834   -4.893090545e-06   -8.851319265e-06        79.48968815        2.921992572                  0                  0                  0                  0                  0         66.3384115        23.82748858        72.45968435        71.49169363        3.515587149       -2.657913801 "MONITOR"                            0                  0     -0.01043044657       0.8517706751    -6.85628534e-05     -0.01299060142
 "BPM.11L7.B1"              16414.83716        28.49542349       0.4108880669        171.1036755       -2.487802471        37.51453371        36.45713001        1.009694117     -0.03320325159     -0.01585812528   -0.0004824373314    -1.93903032e-06   -3.839877273e-05        33.83816853        1.267383707                  0                  0                  0                  0                  0        67.00512986        25.28244941        72.70002529        71.78936538        10.48781905      -0.9132486821 "MONITOR"                            0                  0      0.00934358682       0.9345948716    -6.38431013e-05       0.0143408143
 "BPM.10L7.B1"              16467.61985        175.7060482       -2.564729217        45.31458004       0.6090452416        37.65972727        36.55246993        1.626158617     -0.01406622277      0.01992847183    0.0004036830544   -1.020507438e-06   -1.674329033e-05        23.05716456       -1.725179136                  0                  0                  0                  0                  0        66.43047151         21.9787133        72.98639932        71.99683584        5.618023627       -2.562273536 "MONITOR"                            0                  0     -0.01781609701        1.346056469   -4.091311114e-05    -0.007839158709
 "BPM.9L7.B1"               16506.68684         28.1452654       0.9906688198        164.3636502       -2.483110953        37.74418274        36.63474476        0.590371813     -0.01413439122      -0.0246971028   -3.504364413e-05     7.20842137e-07   -1.781682475e-05       -8.411940213         -6.3043213                  0                  0                  0                  0                  0        67.81855224        20.52966591        73.15060945        72.16452773       0.5877964147        -4.13007209 "MONITOR"                            0                  0      0.04928270525        1.010728224    0.0006226382597      0.01672093242
 "BPM.8L7.B1"               16547.15183        73.79234122       -1.485452871        59.26799971        0.946331215        37.94113377        36.69749092       0.3086358224    -0.001085155521    6.723707879e-05    0.0003465264171    3.496368097e-06   -2.224684774e-06       -55.08137068       -4.532760274                  0                  0                  0                  0                  0        69.56921132        20.27294212        73.54442517        72.28113398        6.346929258       -4.409174411 "MONITOR"                            0                  0     0.007310563628       0.2811804597   -0.0004752030579     0.008360066434
 "BPM.7L7.B1"               16586.21782        57.59693764      0.01615854623        139.9594921       -1.660682014        38.03561407         36.7732169       0.1664617961      0.01223513057     0.001784972379    0.0003412235527    2.548305467e-06    1.280278724e-05       -42.75268258       -6.924471636                  0                  0                  0                  0                  0        69.03907868         20.8951222        73.73317367        72.43781237        10.22812417       -3.542553277 "MONITOR"                            0                  0      0.02066297038       0.1795499353    0.0001839397495      0.01102265752
 "BPM.6L7.B1"               16621.03582        226.3936841        -3.61758999        46.14168903       0.9305030135          38.088153        36.83982972       0.3800038606      0.01282111252     0.006473644152   -8.457077274e-06    3.657427559e-06    1.425635374e-05       -65.34462471       -3.208775573                  0                  0                  0                  0                  0        69.91811929        19.74665744         73.8342183        72.57489365        9.406269716       -2.301940469 "MONITOR"                            0                  0    -0.001103802718       0.3981578466    -0.000556785329      0.02441919324
 "BPMWC.6L7.B1"             16633.13832        228.0097842           2.455231        43.42882581      -0.4905319387        38.09611249        36.88625184       0.3854411984      0.01512954049    -0.003834513772    0.0003354468684    3.419431998e-06    1.714195915e-05       -61.87697431       -2.266998025                  0                  0                  0                  0                  0        70.08223692        19.51399617        73.84988863        72.66650568         9.09413383       -1.698713676 "MONITOR"                            0                  0      0.01225918241       0.7428314532    0.0003814304882      0.03899713893
 "BPMWE.5L7.B1"             16710.19232        32.65059051      0.08012334721         288.633237       -2.691707517        38.27182999        37.00705755      0.07498113808      0.04094613812    -0.003834513772    0.0003354458272   -1.143639095e-06    4.802306265e-05        15.36195448        1.560043232                  0                  0                  0                  0                  0        72.43260306        19.34355143        74.20228522         72.8900952       -1.115909372       -2.237416355 "MONITOR"                            0                  0      0.04164988674       0.5384235179    0.0003814295096     0.009606390872
 "BPMW.5L7.B1"              16733.39732        62.59955583       -1.713394175        291.5304567        3.592350653        38.36662289        37.01867427    -0.006640204298      0.04006126173    -0.003294674115   -0.0005499384093   -2.884022042e-06     4.71391061e-05        43.97562392        2.314959454                  0                  0                  0                  0                  0        73.08423269        19.50131804        74.39303113        72.91137505       0.6964753896       -2.431048572 "MONITOR"                            0                  0      0.03965559943      -0.2856760453   -0.0006088581942     0.009296812552
 "BPMWE.4L7.B1"             16768.48232        260.2203876       -3.919236059        98.16756594        1.918918856        38.41094427        37.05192332       -0.122230273      0.02078911501    -0.003294674115   -0.0005499384093   -6.456664905e-06    2.469673992e-05        101.3162153        2.555783269                  0                  0                  0                  0                  0        73.93888041        21.00644373         74.4860125        72.97212115        3.625541199          -3.093088 "MONITOR"                            0                  0      0.01829380968      -0.6013356895   -0.0006088581942       0.0306586023
 "BPMW.4L7.B1"              16796.58732        320.9636809        2.379435177        59.10622298      -0.2756407617         38.4251086        37.11786688      -0.1725520349      0.01037702566    1.299417693e-05   -0.0002307513215   -7.260106029e-06    1.273037356e-05        114.8201156        3.552563847                  0                  0                  0                  0                  0        74.13449864        21.60976898        74.51498274        73.10477095        4.658951988       -4.491527449 "MONITOR"                            0                  0     0.006657836157      -0.0260877076    0.0002412276988      0.02830369978
 "BPMW.4R7.B1"              16912.63432        48.22133032     -0.02916028374        368.2342066       -2.388176344         38.6164276        37.26194778       -0.171050099     -0.01637123566    1.299417693e-05   -0.0002307513215   -1.260756285e-06   -1.700690724e-05        23.32319613        11.64746306                  0                  0                  0                  0                  0        72.60334515         21.9643424        74.90164769        73.40819942        7.260010972       -4.560821631 "MONITOR"                            0                  0      0.03465158692      -0.7627409665    0.0002412276988    0.0003099490174
 "BPMWE.4R7.B1"             16940.73932        100.2917149       -2.199471854        307.7842349        4.200968248        38.68812587        37.27426829      -0.2185463279     -0.01816383476    -0.003649237605    0.0001158208804   -4.834341353e-08    -1.93017973e-05        6.028902488        10.46162001                  0                  0                  0                  0                  0        71.77857355        21.69400385        75.04518498        73.43392367        2.243346371       -4.336035101 "MONITOR"                            0                  0      0.05321098969       -1.684098603   -0.0008399767535      0.03024446942
 "BPMW.5R7.B1"              16975.82432        326.2789402       -4.241663255        87.58394122        2.075226527        38.71919118        37.30854256      -0.3465812179     -0.01410405507    -0.003649237605    0.0001158208804    1.340331645e-06   -1.550589786e-05        -11.9295203        5.123474943                  0                  0                  0                  0                  0        69.93048818         20.0976728         75.1054029        73.51316752       0.2589409889       -3.676698212 "MONITOR"                            0                  0      0.02374040529       -1.455903513   -0.0008399767535      0.05971505381
 "BPMWE.5R7.B1"             16999.02932        332.9643172        2.901508529        48.95850332      0.04420969089        38.72941013        37.37185899      -0.3312821339     -0.01525942998     0.003800290095   -0.0001720305472    1.819767841e-06   -1.726357843e-05       -19.66728691        2.755287099                  0                  0                  0                  0                  0        69.68974185        19.44949244        75.12528795        73.64111075      -0.2844094703       -2.668739645 "MONITOR"                            0                  0    0.0004269652459      -0.4638760178    0.0003832213269      0.03973927754
 "BPMR.6R7.B1"              17078.24482        50.78262697       0.6606944552        170.3762827       -1.576959855        38.83366306        37.53894628     -0.01524071163     -0.02887007131     0.003800290095    -0.000172029563    2.276714904e-06   -3.408028195e-05       -34.45950296       -2.822237087                  0                  0                  0                  0                  0        69.45055557        18.13086516        75.32868724        73.96725427       -1.398962952       -3.702368616 "MONITOR"                            0                  0      0.03078401613       0.2455182816    0.0003832205374     0.009382210523
 "BPM_A.7R7.B1"             17116.28082        108.0148129       -1.414671508        71.60282436        1.185881495        38.92857124        37.58965572       0.1314288129     -0.01449718377     0.003880433864    0.0004611427832     4.21930172e-06   -1.741263069e-05        -67.9914191       -3.290128023                  0                  0                  0                  0                  0        70.35346558        18.95553741         75.5184726        74.06392458        4.033131179       -4.673710555 "MONITOR"                            0                  0      0.01584720369       -0.235597678   -0.0004199462779      0.01853152429
 "BPM.8R7.B1"               17155.34681        22.67490158       0.3843361708        185.8100091       -2.272251771        39.05686081        37.64974701       0.2833557962     -0.01231263635     0.009532600935    2.331628313e-05    1.438878212e-06   -1.553888534e-05       -25.10440814       -7.369371168                  0                  0                  0                  0                  0         69.2825448        17.97102099        75.77810955        74.18831816        8.666636269        -5.50719024 "MONITOR"                            0                  0      0.02399813473      -0.6487946661    0.0004578609548    -0.004263798113
 "BPM.9R7.B1"                17194.4138        109.4095109       -2.131836195        61.01092324         1.14758592        39.21199702        37.70613768        1.104882524   -0.0002080894135      0.02747733104    0.0003283764361   -5.861994279e-07   -1.013855799e-06        3.051651923       -4.806463342                  0                  0                  0                  0                  0        67.36230486        17.36958391        76.08820778         74.2901114       0.2608742096        -5.63514151 "MONITOR"                            0                  0      0.02548738927       -1.193586482   -0.0004832708731      0.03027222035
 "BPM.10R7.B1"              17234.87878        32.20976637       0.5061393989         172.936111       -2.254292553        39.31682036        37.77790956       0.8547917618      0.01419197115    -0.003366985854     0.000359522355   -1.651870662e-06    1.528395659e-05        25.20871576       -7.888196467                  0                  0                  0                  0                  0        67.76048169        17.94113048        76.29485268        74.44305402        -2.21584617       -4.905217728 "MONITOR"                            0                  0     -0.01597883361      -0.9902148679    1.138035301e-05     -0.01148177675
 "BPM.11R7.B1"              17287.66147        170.6232318       -2.384579908        29.35921895       0.4856530524        39.45386414        37.89980959        2.152448023       0.0128367088      0.03012986576   -4.507157378e-05   -5.296569915e-06     1.46725511e-05        88.31724608       -1.672176301                  0                  0                  0                  0                  0        69.65880656        16.18903325        76.57005493        74.69707698        5.162111386       -3.357550049 "MONITOR"                            0                  0      0.01268215452      -0.8762991195    3.333671655e-05      0.01305152548
 "BPM.12R7.B1"              17342.38796         33.2832551       0.4739037702        178.8400521       -2.541186319        39.57276562        38.04865328        1.066563738      0.02858535437     -0.01399550153    0.0003043900335   -1.577438818e-06    3.375412591e-05        27.96253168        3.430840359                  0                  0                  0                  0                  0         64.9114098        16.41811602          76.792337        74.97801206        8.366689433       -4.708938805 "MONITOR"                            0                  0    -0.005957633997       -1.140677534    8.861319915e-05     -0.01565941969
 "BPM.13R7.B1"              17395.83944         182.618135       -2.507663729        34.42391522       0.5817322908        39.70418188        38.15775437         2.12879757     0.004675264446      0.02978594021   -0.0004920225617    4.871633617e-07   -0.0001441044573       -2.545658921        3.200748067                  0                  0                  0                  0                  0        65.73979676        22.83758043        77.04942436        75.31974484         1.36893497       -5.311874745 "MONITOR"                            0                  0      0.01721148793       -1.250268329   -0.0001863725344      0.02504022495
 "BPM.14R7.B1"              17449.29093        32.26393834         0.57624873        165.9479816       -2.256238431        39.81626733        38.29462135        1.076073767     -0.01699272654     -0.01432379733   -0.0004093426937     1.66435633e-06   -0.0005567967683       -26.33587427        7.133164761                  0                  0                  0                  0                  0        70.56845219        23.33971864        77.29143948        75.60300488       -1.794214377       -2.849822561 "MONITOR"                            0                  0      -0.0135249799      -0.9658784494    5.461948997e-05     -0.01113139303
 "BPM.15R7.B1"              17502.74241         165.286636       -2.315331365        28.73731155       0.4312421979        39.95992534        38.42234054        2.156205389     -0.01089930928      0.03014030267    0.0001392348068     4.56006475e-06   -0.0008191850758       -89.05151648        1.108645416                  0                  0                  0                  0                  0        70.02029626        16.44284274         77.5830357        75.75070888        6.010788432       -1.545283565 "MONITOR"                            0                  0      0.01113752764      -0.7710466457   -5.099186354e-05      0.01744303862
 "BPM.16R7.B1"              17556.19389         32.7356769       0.4817633179         182.991817       -2.661055552        40.07797852        38.56727658        1.070960781     -0.01922385684     -0.01497444552   -0.0002024418621    1.576912442e-06    -0.002281165124       -28.16731465       -4.289049951                  0                  0                  0                  0                  0        64.69643612        16.12125598        77.80372914        76.02365063         8.70288873       -3.358398501 "MONITOR"                            0                  0    0.0001222783829      -0.9268931769    0.0001874048454     -0.01279559109
 "BPM.17R7.B1"              17609.64538        182.3351701       -2.521337095        34.15176888       0.6025444867        40.21103736        38.67538055        2.106370963     0.006745922888      0.02929290811    0.0005538413284   -1.116975233e-05    -0.001134536343         4.23543223        -3.48624864                  0                  0                  0                  0                  0        65.26563036        25.91575909         78.0640065        76.34370216        1.398851099       -3.631110505 "MONITOR"                            0                  0      0.00775835707      -0.7153960762   -0.0004017733295      0.03301017161
 "BPM.18R7.B1"              17663.09686        32.12075347       0.5730296845        162.6648882       -2.223033097        40.32351672        38.81488622        1.047201045      0.04521170961     -0.01441391796    0.0007217830107   -7.914322483e-06    -0.001382276763        26.23302833        -7.17319089                  0                  0                  0                  0                  0        70.67874939        26.62660028        78.30550137        76.62986738       -1.200498797      -0.6719015051 "MONITOR"                            0                  0     0.001915788981      0.08640064948    0.0002498998613     0.003643661471
 "BPM.19R7.B1"              17716.54835         165.560647       -2.323281029        29.09782206        0.417057853         40.4674515        38.94322276        2.081273831      0.02284025741       0.0292367612    -0.000443837058   -1.859636066e-05    0.0002275932764        86.61859236      -0.8770784113                  0                  0                  0                  0                  0        70.39498583        17.02114157        78.59764159        76.80952267        6.919291991       0.1039956569 "MONITOR"                            0                  0     0.002564580922     -0.02545858513    4.421549261e-05    -0.001950021439
 "BPM.20R7.B1"              17769.99983        32.87775014       0.4851063387        185.9548937       -2.687408771        40.58507088        39.08528918        1.053677669       0.0283192216     -0.01378799497    0.0001753862677   -3.889354192e-06     0.002385122594         25.6720622         5.29766034                  0                  0                  0                  0                  0        64.64691452        16.09362213        78.81939705        77.07858079        8.943668541       -2.076406047 "MONITOR"                            0                  0     0.002889973763      -0.3445868084    2.400274169e-05    -0.004370856311
 "BPM.21R7.B1"              17823.45131        182.0587218       -2.513071836        33.72065039       0.6143007304        40.71786715        39.19316053        2.132314934     -0.01200236579      0.03008173386   -0.0008383695654    -5.19556885e-06     0.001106989741       -10.34379021        3.365390803                  0                  0                  0                  0                  0        64.96668237        28.87297519        79.07908554        77.37054229        1.405270846       -1.885292695 "MONITOR"                            0                  0      0.01313831863      -0.7300330317    6.824637494e-06     0.005601750834
 "BPM.22R7.B1"               17876.9028        31.97103246        0.569517663        159.9948128       -2.202772618        40.83077047        39.33551712        1.076826584      -0.0739779458      -0.0143843335    -0.001175408221    3.037953263e-09     0.001094013927       -28.73092776        5.500930025                  0                  0                  0                  0                  0         71.0696092         29.7559867        79.32039741         77.6604868      -0.5785867039        1.488373081 "MONITOR"                            0                  0     -0.01043356253      -0.9982357367   -6.669399247e-05     -0.01193389806
 "BPM.23R7.B1"              17930.35428        164.5617397       -2.315098153        30.89049252       0.4266129983        40.97575357        39.46036904        2.139396849     -0.03423164961      0.02980843726    0.0008160709484    3.695934269e-06   -0.0003470203876       -88.04223907        0.556033511                  0                  0                  0                  0                  0        70.92793151        17.57446404        79.61467614        77.85709646        7.860112991        1.664282865 "MONITOR"                            0                  0      0.01132571696       -0.787605718   -0.0001141424701        0.021349252
 "BPM.24R7.B1"              17983.80577        33.99958583        0.491624782        185.9279435       -2.626025615        41.09142056        39.59673286        1.079019826     -0.03448045683      -0.0144805201   -9.198695894e-05     2.07493484e-06    -0.002463747214       -26.27079019       -4.355069134                  0                  0                  0                  0                  0        64.41606448        16.42849488        79.83363451        78.11631425         9.17852027      -0.6187050054 "MONITOR"                            0                  0      0.00187087783      -0.8165064078     0.000221953164     -0.01050537605
 "BPM.25R7.B1"              18037.25725        181.7624254       -2.475322307        33.35002938       0.6090580315        41.22144459        39.70536755        2.138489147      0.01854906367      0.02975160639     0.001087303362   -1.090121299e-05    -0.001079101961        10.09754375       -3.064700714                  0                  0                  0                  0                  0        64.71766292        31.05832937        80.08730797        78.39082151        1.638436672     -0.03012410697 "MONITOR"                            0                  0     0.006150571665      -0.5782860532   -0.0004043157269       0.0320323122
 "BPM.26R7.B1"              18090.70874        31.89602649       0.5666602761        159.2834454       -2.205031506        41.33463581        39.84924911        1.076507556       0.1037373223     -0.01450898503     0.001623426157   -8.608553741e-06   -0.0008970372321        27.93485982       -5.583534937                  0                  0                  0                  0                  0        71.14859457        32.06148707        80.32851042        78.68264293    0.0008480465976        3.563086843 "MONITOR"                            0                  0     0.005496833472       0.1952326849    0.0002767692863     0.005269664843
 "BPM.27R7.B1"              18144.16022        164.8933042       -2.321738093        31.27066729       0.4272195337        41.47965811        39.97349248        2.131499694      0.04457046889      0.02966541313    -0.001226523561   -1.885831308e-05    0.0004332586575        85.49564515      -0.7027875765                  0                  0                  0                  0                  0        71.12223318        18.69333021        80.62292051        78.89805764         8.54072875        3.206883144 "MONITOR"                            0                  0     0.003648817519      -0.0350982075    5.139013453e-05    -0.003454231444
 "BPM.28R7.B1"               18197.6117        34.07735389       0.4944892348        186.4720251       -2.620960052        41.59502266        40.10847704        1.074804652      0.03599372868     -0.01439966474   -6.000556454e-05    -3.27859626e-06     0.002535322061        24.21430177        4.088494249                  0                  0                  0                  0                  0        64.34745964        17.22515384         80.8421564         79.1579011        9.483867564       0.8535044079 "MONITOR"                            0                  0     0.002520619486      -0.4436799276    3.568721399e-06    -0.005327693233
 "BPM.29R7.B1"              18251.06319        181.4562903       -2.468709835        32.95870766       0.6075950293        41.72498026        40.21766944        2.132908208     -0.02682482217      0.02972049056    -0.001274365948   -4.260970064e-06     0.001044453969       -14.39591981        2.596354848                  0                  0                  0                  0                  0        64.51124072        33.03470251        81.09569145        79.41159364        1.874924497        1.892725468 "MONITOR"                            0                  0      0.01325199213      -0.7474245602   -3.548044126e-05      0.00950183814
 "BPM.30R7.B1"              18304.51467        31.80956776        0.563813146        158.8643254       -2.212067318        41.83847436        40.36302654         1.07696638      -0.1368519834      -0.0143881304    -0.002108789768    -8.45958591e-07     0.000694490332       -26.94349325        4.286358358                  0                  0                  0                  0                  0        64.66538931        34.59924567        81.31763691        79.69731392     -0.07897389049        5.725236805 "MONITOR"                            0                  0    -0.005934610623       -1.029532627    2.431178343e-05     -0.01253119902
 "BPM.31R7.B1"              18357.96616        165.2227288       -2.328636257        31.66920433       0.4298832018        41.98356825        40.48647919        2.139556077     -0.05549644136      0.02980902067     0.001693800777    1.088278634e-06    -0.000516697653       -76.85312169        0.692050442                  0                  0                  0                  0                  0        64.51536163        20.68786076        81.61261687        79.92430312        7.549767308        4.956850164 "MONITOR"                            0                  0      0.01310271126      -0.9068611586   -0.0001994387539      0.02600139052
 "BPM.32R7.B1"              18411.41764         34.1596544       0.4974180721        186.7089756       -2.611367628        42.09862142        40.62021543        1.079018114     -0.03567817078     -0.01448366317    0.0002568448252    1.555785067e-06     -0.00259081445        -21.3993097       -2.478975456                  0                  0                  0                  0                  0        58.07731548        19.06429622        81.82866827        80.18431469        8.892297341        2.495555817 "MONITOR"                            0                  0    0.0009675990897      -0.7880781017    0.0002324420012    -0.009194258852
 "BPM.33R7.B1"              18464.86912        181.0814008       -2.461586787        32.55029696       0.6034705627        42.22856565         40.7301602        2.138290724      0.03667227138      0.02974789332     0.001453730546   -1.101716174e-05    -0.001003142486        14.16180335       -2.096414665                  0                  0                  0                  0                  0        58.48807058        35.43281161         82.0814881        80.42537538        2.123505675        3.893971834 "MONITOR"                            0                  0     0.005040379265      -0.4708353834   -0.0003904433108      0.03165814237
 "BPM.34R7.B1"              18518.32061        31.73654348       0.5607616637        158.8558169       -2.224879545        42.34236086        40.87681892        1.076393943       0.1705614594     -0.01450711396     0.002573170046   -8.965973962e-06   -0.0004873821935         29.0168403        -4.47025499                  0                  0                  0                  0                  0        58.82868011        36.90141897        82.30358897        80.71337104      -0.1844338227        7.868091098 "MONITOR"                            0                  0     0.008838449695       0.2647782386    0.0003050148482      0.00639219272
 "BPM.33L8.B1"              18571.77209        165.5916878       -2.335672619        32.08593093       0.4350870395        42.48746425        40.99926625        2.131263427      0.06515086605      0.02966284581     -0.00219690794   -1.887988794e-05    0.0005968682471          84.862112       -1.198291859                  0                  0                  0                  0                  0        58.51981214        22.66482431        82.59908708        80.95013571        6.553393442         6.64702033 "MONITOR"                            0                  0     0.004812854031      -0.0612484368    4.304812837e-05    -0.003628684703
 "BPM.32L8.B1"              18625.22358        34.23152019        0.500432524        186.5425689       -2.596011903        42.60221482        41.13192881        1.074680035      0.02825350757     -0.01439738079   -0.0005687304249   -3.096778014e-06     0.002629703681        25.86404749       0.8551137001                  0                  0                  0                  0                  0        58.33812652        20.91843109        82.83347263         81.2240677        7.705699593        4.274200753 "MONITOR"                            0                  0     0.003450097493      -0.5685166768      1.5723975e-05    -0.006888326809
 "BPM.31L8.B1"              18678.67506        180.7423137       -2.454697626        32.13174877       0.5975486889        42.73212232        41.24276716        2.132840116     -0.04942021234      0.02972154892    -0.001543458212   -4.598909668e-06    0.0009554442815       -7.571879251        1.201544973                  0                  0                  0                  0                  0        58.67104279        37.53433246        83.08626877        81.44815503       0.8596587146        6.234997618 "MONITOR"                            0                  0      0.01476156903      -0.8549269859   -9.683916966e-05      0.01460193389
 "BPM.30L8.B1"              18732.12654        31.65681612       0.5577947583        159.1405383       -2.241847381        42.84622266        41.39060524        1.076992729      -0.2037979089     -0.01438635733    -0.002974032148   -8.350022239e-07    0.0002772994734       -27.41193039        3.041708243                  0                  0                  0                  0                  0        65.04198142        38.75883496        83.33059538        81.74487077      -0.6014154026        9.976165386 "MONITOR"                            0                  0    -0.005979431378      -0.9951827326    4.758172307e-05     -0.01116191257
 "BPM.29L8.B1"              18785.57803        165.9522992       -2.342798425        32.50200639       0.4420430883        42.99136122         41.5119283        2.139523989     -0.07181274872      0.02980764652     0.002746385313    2.348453678e-06   -0.0006731991671       -86.71043509        1.355745407                  0                  0                  0                  0                  0        65.07714918        24.52739608        83.62566833        81.99829422        7.205478749        8.002266247 "MONITOR"                            0                  0      0.01097241695      -0.7503984039   -0.0002223304773      0.02736314464
 "BPM.28L8.B1"              18839.02951        34.31045783       0.5034798373        186.0831597       -2.576920896        43.10579919        41.64368307        1.078923637     -0.01281825143     -0.01448486313    0.0009759930149      2.0626573e-06    -0.002651865759       -23.67614661        1.368132561                  0                  0                  0                  0                  0        65.19567858         23.2308318        83.85895061        82.27267702        7.396907639        5.978894136 "MONITOR"                            0                  0     0.006343661087       -0.591258676    0.0002931689971    -0.006294075787
 "BPM.27L8.B1"                18892.481        180.3332774       -2.447222496        31.71763255       0.5892815611        43.23571803        41.75557499        2.138282915      0.06394723574      0.02974987226     0.001504865332   -1.132671085e-05   -0.0009016216967        17.97429502      -0.6159080632                  0                  0                  0                  0                  0        65.11948663        39.49699256        84.11239018        82.47842384      -0.4049923111        8.658021215 "MONITOR"                            0                  0     0.003940293999      -0.3476268307   -0.0004175301286      0.03062200184
 "BPM.26L8.B1"              18945.93248        31.58853413       0.5546215455        159.8209925       -2.263691091        43.35012453        41.90434299        1.076454918       0.2364210038     -0.01450589581     0.003336448476   -9.253289901e-06   -6.527925924e-05        30.21236201       -3.643137035                  0                  0                  0                  0                  0        72.36504097        40.75344844        84.35331794        82.77590152       -0.972611574         11.9850311 "MONITOR"                            0                  0      0.01227440549         0.34014832    0.0003313309239     0.007544629143
 "BPM.25L8.B1"              18999.38397        166.3544313       -2.350092292        32.91350251       0.4512256233        43.49523692        42.02439804        2.131153013      0.07680636062      0.02965914987    -0.003314683469   -1.908804462e-05    0.0007452887503        84.25551037        -2.27695921                  0                  0                  0                  0                  0        72.69389911        27.34705755         84.6478234        83.04173263        7.851253774        9.314065782 "MONITOR"                            0                  0     0.005902371759     -0.08385876727    3.462851445e-05    -0.003915471323
 "BPM.24L8.B1"              19052.83545         34.3787969       0.5066511007        185.2321059       -2.552908322        43.60936871        42.15546272        1.074657967    -0.005334672279     -0.01439532533    -0.001401402386   -2.467403999e-06     0.002657078338        21.52029115       -3.612953426                  0                  0                  0                  0                  0        65.14974794        25.51541482        84.86740802        83.30570844        7.668036316        7.653944266 "MONITOR"                            0                  0     0.002438742959      -0.5958575351   -1.215654302e-05    -0.006507490264
 "BPM.23L8.B1"              19106.28693        179.9638417       -2.440092291        31.31273021       0.5794906272        43.73927776        42.26851879        2.133323289     -0.07819868063      0.02973175935    -0.001405886127    -2.31324672e-06    0.0008420627945       -22.24604859      -0.1702551768                  0                  0                  0                  0                  0         64.9364607        40.82462636        85.12088777        83.50197781      -0.1457739899        10.86222652 "MONITOR"                            0                  0      0.01293840907      -0.7304944543   -0.0001240676779      0.01707337137
 "BPM.22L8.B1"              19159.73842        31.51197764       0.5515163124        160.7897793       -2.289045419         43.8539976        42.41802584        1.077305253      -0.2649560827     -0.01439033272    -0.003626827349   -2.147411305e-07   -0.0001470413772       -32.06281964        3.410383876                  0                  0                  0                  0                  0        72.40465438        42.07107642        85.36151438        83.80001414        -0.33853554         13.7076453 "MONITOR"                            0                  0    0.0004948932811      -0.8667597972    0.0001406885178    -0.009564412847
 "BPM.21L8.B1"               19213.1899        166.7427347       -2.357507301        33.30622417       0.4618512047        43.99912157        42.53675384        2.139606677     -0.07973191936      0.02980296549     0.003839315862    1.849427977e-06   -0.0008125701087       -86.02432581        2.881591788                  0                  0                  0                  0                  0        72.84365291        29.71442869        85.65596055        84.07234841        8.482918335         10.5894979 "MONITOR"                            0                  0      0.01059680253      -0.7095136663   -0.0003011427257      0.02952982214
 "BPM.20L8.B1"              19266.64139        33.47960578       0.4993118758        185.1373068       -2.539988441        44.11492903        42.66686981        1.060373782      0.02739715212     -0.01483738768     0.001867782972    1.752210683e-06     -0.00265307617       -21.47596513        6.204498156                  0                  0                  0                  0                  0        65.09383685        27.95558192        85.87990028        84.33600495        7.831074623        9.402495066 "MONITOR"                            0                  0     0.008362783884      -0.4610016754    0.0003220068647    -0.004120403691
 "BPM.19L8.B1"              19320.09287        180.7701505       -2.477943625        29.46630753       0.5522267088         44.2467718        42.78422728        2.089139087      0.09242891992      0.02915494424     0.001227820208   -1.160291269e-05   -0.0007463598052        24.20509583       0.5758730149                  0                  0                  0                  0                  0        64.54836327        41.71282378        86.13758861        84.53203394     -0.03734316761        13.20175616 "MONITOR"                            0                  0     0.002791505763       -0.225393626   -0.0004122674061      0.02904387487
 "BPM.18L8.B1"              19373.54435        31.39522464       0.5547281201        163.7493188        -2.38997902        44.36141988        42.93853841        1.046623291        0.289853095     -0.01407805532     0.003851036904    -9.18379159e-06    0.0004678289551         31.7536579       -5.071125935                  0                  0                  0                  0                  0         72.3021304        42.81959272        86.37606791        84.83792921       0.4678084488        15.14159951 "MONITOR"                            0                  0      0.01536645957       0.3900698317    0.0003509983975     0.008237416757
 "BPM.17L8.B1"              19426.99584        167.3634428       -2.369564637        33.86054101       0.4868289519        44.50658276        43.05472357        2.098155641      0.07655876465      0.02956228752    -0.004407802456   -1.931847006e-05    0.0009028529621        82.75113014       -4.247067139                  0                  0                  0                  0                  0        72.97019973        33.08160911        86.67036265        85.11540063        9.213206277        11.58749087 "MONITOR"                            0                  0     0.007481585965      -0.1476780669    3.150628663e-05    -0.004286206474
 "BPM.16L8.B1"              19480.44732        33.60554806       0.5044664691        181.7986794       -2.478987384        44.62186406         43.1849843        1.063705711      -0.0672892597     -0.01394080813    -0.002564222315   -2.399476258e-06     0.002596587602        18.66227742       -8.857723164                  0                  0                  0                  0                  0          65.069487        31.61295721        86.89516921        85.38092866        7.889821524        11.30935735 "MONITOR"                            0                  0    0.0008694975687       -0.702277687   -3.711878088e-05    -0.007546413582
 "BPM.15L8.B1"              19533.89881        180.1645133       -2.465927572        28.97466205       0.5265502162        44.75365774          43.304893        2.149044783      -0.1115990121      0.03022306925    -0.000777638288   -9.243107923e-07    0.0008743255719        -30.1960628        -1.03737646                  0                  0                  0                  0                  0        64.31613061        42.74738725        87.15286865        85.57155946       0.1122305636        15.71213371 "MONITOR"                            0                  0       0.0119838279      -0.6836109511   -0.0001721560667      0.02154849268
 "BPM.14L8.B1"              19587.35029         31.2642232       0.5495583916        167.3147364       -2.451930183        44.86883473        43.45866128        1.077591763      -0.3101660192      -0.0147070023    -0.003889448198    6.497999862e-07    7.071070045e-05       -33.88063357        6.424330894                  0                  0                  0                  0                  0        72.62604881        43.71965144         87.3910005        85.87533851        1.309690449        16.38546612 "MONITOR"                            0                  0     0.005523147841      -0.7455319614    0.0002304461941    -0.007920021999
 "BPM.13L8.B1"              19640.80177        168.0058521       -2.381979543        34.27943308       0.5131591125        45.01403268        43.57247119        2.137967172     -0.07342471731      0.02977132337     0.004877310975    3.374475681e-06   -6.839390714e-06       -83.74847699        5.401930534                  0                  0                  0                  0                  0        73.45332224        36.65253682        87.68530607        86.15665467        9.937466557        12.65657774 "MONITOR"                            0                  0       0.0130106395      -0.7906384593    -0.000299685267      0.02807547359
 "BPM.12L8.B1"              19694.25326        33.89690258       0.5115717051        177.8515885       -2.414482049        45.12844375        43.70355364        1.062465976       0.1027519443      -0.0147646683     0.003211709863    1.349624244e-06    -1.86399733e-05       -18.74530374        11.41165066                  0                  0                  0                  0                  0         65.1424926        35.50028374        87.91004339         86.4245111         7.96468782        13.48293923 "MONITOR"                            0                  0      0.00517238502      -0.5950138246    0.0002589446224    -0.004949440366
 "BPM.11L8.B1"              19747.70474        171.7859291       -2.345917327        36.36367624       0.5946290679        45.26352487        43.80960127        2.020204734       0.1269019064      0.02780477381    0.0002965011106    7.244173619e-07   -5.516501577e-06        32.39921979        1.946002078                  0                  0                  0                  0                  0        64.27458934        43.46707638        88.17492155        86.58099059       0.2269180842        17.66658517 "MONITOR"                            0                  0      0.01348177845      -0.7701983889   -0.0001808309644      0.01977934044
 "BPM.10L8.B1"              19799.54543        36.88484666       0.5880751427         157.831512       -2.112298781        45.36806921        43.93930852       0.9164056232       0.3120652811     -0.01691447409     0.003738279329   -6.992778876e-07    2.154061801e-06        35.73186429       -6.004230638                  0                  0                  0                  0                  0        71.69725694         45.0047995        88.38794193         86.8388908        1.638450732        18.72394952 "MONITOR"                            0                  0      0.00152820633      -0.8337258391    0.0001682824067    -0.008397616455
 "BPM.9L8.B1"               19838.61242        109.3114642       -1.685616302         58.1181224       0.9748849024        45.48314304        44.00098462        1.250674137       0.1594637036      0.01639526204    -0.004574746682   -2.561720829e-06    5.297366713e-06        69.45505783       -5.632390156                  0                  0                  0                  0                  0        72.89139348        46.10786071        88.61708099        86.96312244        9.116564947        16.43195669 "MONITOR"                            0                  0      0.01658713316      -0.9833600831   -0.0002411175977      0.02197929552
 "BPM.8L8.B1"               19879.07741        15.65443804       0.2336715268        201.1274993       -2.916799487        45.64562377        44.07077558        0.309957829       0.1813552406     -0.02173893467     0.001079318789   -8.562422575e-07    1.644141943e-05        10.39933134        -12.9531034                  0                  0                  0                  0                  0        73.16530357        44.56187929        88.94710642        87.10148401        6.930426348        13.33768447 "MONITOR"                            0                  0     -0.02627100236      -0.5593289343   -0.0001812733166    -0.008711491711
 "BPM.7L8.B1"                19918.1454        155.2491239        -3.43642718        33.58278884         1.23822282        45.81271572        44.14184279     -0.08133680766      0.01181207812    -0.003401306594    -0.004811035981    3.302542054e-07    8.150568782e-06       -51.00716919       -5.104241309                  0                  0                  0                  0                  0        71.08892968        44.14044158        89.28642095        87.23433275      -0.7298423179         11.7397234 "MONITOR"                            0                  0     0.004772946537      -0.3906939728    0.0004091595587    -0.006785749957
 "BPMR.6L8.B1"               19950.6144        10.93524553        0.143170693        60.63521608        1.638071675        45.95302019        44.26508063     -0.06463391833      -0.1267146092    -0.001466471072     0.000912381331    7.312890859e-07    9.206891977e-06       -22.69010025       -3.406549617                  0                  0                  0                  0                  0        66.54984043        44.81459948        89.56567475        87.48234984        6.525519713        14.72155193 "MONITOR"                            0                  0     -0.02197796377      -0.1743018127    0.0007255858747   -4.537356304e-05
 "BPM.5L8.B1"                20011.0334        275.7667931        1.412935048          100.41698       -4.188769683        46.19728881        44.60408882      -0.1386052763     -0.07935876353     0.001869853417   -0.0009043653292    2.586509223e-06   -0.0001801622918       -9.827823189        8.838602654                  0                  0                  0                  0                  0        63.39798277        40.90544087        90.04459419        87.16489439        2.600916884        11.98591536 "MONITOR"                            0                  0     -0.01094035598       -1.477847173   -0.0004193667576     -0.06830016592
 "BPMYB.4L8.B1"              20031.8004        221.7679591        1.187288095         354.043333       -8.024181296        46.21066971        44.62165366     -0.09977348543     -0.09774394019     0.001869853417   -0.0009043653292    2.041582221e-06   -0.0005759404241      -0.2912674903         16.4535378                  0                  0                  0                  0                  0        63.58187294        37.07902685        90.07103704        87.19893396        1.794040134        11.68136003 "MONITOR"                            0                  0     -0.01964934544       -2.488178762   -0.0004193667576     -0.05959117646
 "BPMWB.4L8.B1"              20060.9969        392.2298912       -4.292357735        466.7573182      -0.7396432521         46.2276112        44.63227759     -0.07240776107     -0.07512476873     0.001581280404     0.001032725261    2.219849163e-06    -0.001917086982        13.98381855        18.63443541                  0                  0                  0                  0                  0        62.57867052        36.41686316        90.10372731         87.2205153       0.8649161275        11.57363767 "MONITOR"                            0                  0      0.03481627285       -3.693637683    0.0001306011123     -0.01019414926
 "BPMSX.4L8.B1"              20106.3649        883.6318999       -6.539109568         540.691698       -0.890015975        46.23988827        44.64667026   -0.0006687810566     -0.02523445106     0.001581280404     0.001032725261    2.769201095e-06    -0.004954724994         36.4564289        19.52375188                  0                  0                  0                  0                  0        60.57499932        36.43395725        90.12565892        87.24995152       0.2841314231        11.51072466 "MONITOR"                            0                  0      0.04074138412       -6.004480961    0.0001306011123     -0.01611926053
 "BPMS.2L8.B1"               20144.3364        301.8914528       -4.785727289        845.5739248        54.42861221        46.24988011        44.65507267     0.004718652281     0.008447378158    4.174628812e-05    8.604606379e-05    1.344044608e-06     -0.00791827044        28.63104188        23.94112202                  0                  0                  0                  0                  0        48.52513218        13.09657736        90.09877695        87.29787498      -0.1337229917        11.51994743 "MONITOR"                            0                  0      0.06159600133       -4.374691009    -0.003892207543       0.2785030242
 "BPMSW.1L8.B1"              20154.2704        241.6758822        11.15211051        253.0971581        11.65890677        46.25505905        44.65890944      0.00392944899     0.007512578748    -0.000218808395     0.000475830732     1.07315089e-06    -0.004341677611        28.97771103        12.97547181                  0                  0                  0                  0                  0        47.66678297        7.378911513        90.10420808        87.69346479      -0.3384649603        11.52804788 "MONITOR"                            0                  0      -0.1032800705       -2.135558906     0.004564339888       0.0931442954
 "BPMSW.1L8.B1_DOROS"          20154.2704        241.6758822        11.15211051        253.0971581        11.65890677        46.25505905        44.65890944      0.00392944899     0.007512578748    -0.000218808395     0.000475830732     1.07315089e-06    -0.004341677611        28.97771103        12.97547181                  0                  0                  0                  0                  0        47.66678297        7.378911513        90.10420808        87.69346479      -0.3384649603        11.52804788 "MONITOR"                            0                  0      -0.1032800705       -2.135558906     0.004564339888       0.0931442954
 "BPMSW.1R8.B1"              20197.4604        246.0220095        -11.2527386        255.2027558       -11.70765875        46.72671923        45.13173066     -0.00551803287      0.01938086405    -0.000218808395     0.000475830732   -1.779567995e-06     0.004341166318       -10.39237523       -13.74315011                  0                  0                  0                  0                  0        42.37432983        29.97819442        90.96966178         88.7031487       0.8277226284        11.40092083 "MONITOR"                            0                  0       0.0938537693       -2.166201083     0.004564339888      -0.1039895444
 "BPMSW.1R8.B1_DOROS"          20197.4604        246.0220095        -11.2527386        255.2027558       -11.70765875        46.72671923        45.13173066     -0.00551803287      0.01938086405    -0.000218808395     0.000475830732   -1.779567995e-06     0.004341166318       -10.39237523       -13.74315011                  0                  0                  0                  0                  0        42.37432983        29.97819442        90.96966178         88.7031487       0.8277226284        11.40092083 "MONITOR"                            0                  0       0.0938537693       -2.166201083     0.004564339888      -0.1039895444
 "BPMS.2R8.B1"               20207.3944         818.697141       -52.61995255        317.4074702        5.103595792        46.73067416        45.13664567    -0.009687085911      0.01765478583   -0.0006039742849   -0.0006280421618    -3.07418938e-06     0.004828863727       -23.81433751       -15.20961685                  0                  0                  0                  0                  0        47.76526239         31.7567426        90.91408532         88.7143789       0.6599537877        11.43533271 "MONITOR"                            0                  0       0.2808043854        -4.41715147    -0.004003408576      0.06342895732
 "BPMSX.4R8.B1"              20245.2459        519.3564187       0.9292814087        922.4103821        6.897712975        46.73935241        45.14617048     0.002567701047      0.01952544405     0.001569182749   -0.0001810483754   -2.141501832e-06     0.007128323406       -27.44619151       -25.46924535                  0                  0                  0                  0                  0        62.77992249        52.48559874         90.8807258        88.73984742       0.2750199994        11.47824885 "MONITOR"                            0                  0     -0.01706260065       -6.012970498    0.0001384346818      0.04131460667
 "BPMWB.4R8.B1"              20290.6579        442.3551653       0.7663332628        404.5402143         4.50610469        46.75445406        45.15801313      0.07382675823      0.01539870246     0.001569182749   -0.0001810483754   -1.471669807e-06     0.003033296209       -38.80911209       -16.38204318                  0                  0                  0                  0                  0        62.89076704        54.73717782        90.91123512        88.76592746      -0.4924322044        11.45379204 "MONITOR"                            0                  0     -0.01077600489       -3.647431646    0.0001384346818       0.0350280109
 "BPMYB.4R8.B1"              20319.9304        332.5501715        7.594116915        224.3421729       -1.114845136        46.76574411        45.17464157      0.08455042739        0.013401064    -0.001722934607     7.64383924e-05   -9.412752417e-07    0.0009129505357        -42.1611024       -11.58033372                  0                  0                  0                  0                  0         63.3898964        55.85507773        90.93279133        88.80035366       -1.131597746        11.24530678 "MONITOR"                            0                  0     -0.05864035455       -2.422776011   -0.0003946388275     -0.01847853044
 "BPMYB.5R8.B1"              20340.5074        94.72307998        3.963791987        274.4556159       -1.320565418         46.7842378        45.18785482      0.04909686513      0.01553447345    -0.001722934607     7.64383924e-05   -2.044230707e-07    0.0003524138859       -29.64233851       -12.16863301                  0                  0                  0                  0                  0        65.74424218        55.81297441        90.96296598        88.82620579       -2.281447783        10.94671438 "MONITOR"                            0                  0      -0.0667608377       -1.429270974   -0.0003946388275     -0.01035804728
 "BPM.6R8.B1"                20424.6154        179.2591142        3.731555749         31.8299379        -1.27992145        47.18806817         45.4221602     -0.03103543056    0.0008929800532    0.0002336949311   -0.0001320013916    2.249221489e-06   -1.010689183e-07       -13.28921238        2.403743025                  0                  0                  0                  0                  0        71.58420715        59.28316403        91.76257696        89.29631425        1.638615181        2.183524707 "MONITOR"                            0                  0    -0.006739701212     -0.05949037587   -0.0007469725951     -0.02550614147
 "BPM_A.7R8.B1"              20446.8554        54.45970503        1.879928476        129.7568278       -3.123266043          47.224202        45.47840058     -0.02583667121    -0.002037007745    0.0002336949311   -0.0001320013916    8.651400155e-07   -5.824220724e-06        4.125561861        7.628300163                  0                  0                  0                  0                  0        73.25922827        59.39763695         91.8365972        89.41372923       0.8005244982        4.117585177 "MONITOR"                            0                  0     -0.02335237173      -0.1073902151   -0.0007469725951    -0.008893470959
 "BPM.8R8.B1"               20488.29241        137.8655814       -1.983336074        8.801847265      -0.1318653654        47.32149171        45.71674706      0.09815635758    -0.002838323272     0.009077012283   -5.702942677e-06   -4.825144645e-07    -4.05931161e-06        51.28687456        1.870065301                  0                  0                  0                  0                  0        72.27571515        56.19510552        92.03044384        89.89732832       -5.402516593        8.910546715 "MONITOR"                            0                  0     0.003505240296      -0.3162235474    0.0007600998745     -0.03220758433
 "BPM.9R8.B1"               20527.35742        14.81129065        0.441455962        293.0150431       -6.963808094        47.46256926         45.8790332       0.4532661135    -0.006980404201      0.01469568332   -0.0001149935055   -8.839273046e-07   -6.251668604e-06        26.09218938       -3.464565687                  0                  0                  0                  0                  0        73.24143264        49.90262378        92.30679308        90.22476159       -9.997464767        1.791120703 "MONITOR"                            0                  0     -0.04082842515      -0.8070442691   -0.0008641530622     -0.02020346957
 "BPM.10R8.B1"              20567.82043        168.6205861        -3.84664214        37.56344282        1.944082836        47.65298269        45.93270481        2.035776571   -0.0005984514316      0.04750243318    0.0001867926102   -2.714618967e-06    6.893562937e-07        29.63734173       -2.933558343                  0                  0                  0                  0                  0        76.75820605        45.67183144        92.68622653        90.32586593       0.7946825501        2.109177194 "MONITOR"                            0                  0     0.001855923292      -0.3373570391    0.0003885265994    -0.001943024592
 "BPM.11R8.B1"              20619.65914        39.67530452       0.6832490074        88.80287339       -1.859679919        47.74948937         46.2038955        1.155771011     0.009028433082     -0.01701224096    0.0001861482797   -4.910666264e-07    1.316512752e-05       -8.249673267       -6.440096694                  0                  0                  0                  0                  0         77.6624869        45.03336483        92.88243428        90.85900494       -0.820707045        7.890711403 "MONITOR"                            0                  0     -0.01120740827      -0.5827853603    -4.53551962e-05     -0.01373185344
 "BPM.12R8.B1"              20674.38266        156.7700251       -1.948775233        81.50394088      -0.1721515911        47.88080545        46.30750889        2.092920252     0.006707878245      0.02698010453   -5.306771339e-05    1.677615048e-06    8.388237914e-06       -66.02120616       -1.771184569                  0                  0                  0                  0                  0        76.84630863        42.47182531        93.14304792         91.0790257       -10.03151866        3.758353697 "MONITOR"                            0                  0      0.01477371558        -1.29875428    0.0002090836671     -0.00973303775
 "BPM.13R8.B1"              20727.83117        32.41131784       0.4217349573        527.5181205       -6.424511478        48.00381429        46.35198602        1.095836627      0.01257144148     -0.01317246965    0.0001189992137    1.459866467e-06    1.363398067e-05       -34.10628372        1.185906626                  0                  0                  0                  0                  0        82.70177819        36.36633434        93.39378621        91.14939133       -8.879278999        2.374664944 "MONITOR"                            0                  0      -0.0484615927       -1.255683205   -0.0005695337546     -0.01738806124
 "BPM.14R8.B1"              20781.27969        181.6881964       -2.517934149        56.86473893        2.273853835        48.13765513        46.39837751        2.158682419     0.002173019885      0.02979813847    -0.000212508113     3.01749703e-06    1.470574195e-06       -38.20162587        2.236056829                  0                  0                  0                  0                  0        83.09855054        104.4015759        93.66883417        91.30574861       0.4256901334        2.642063645 "MONITOR"                            0                  0      -0.0021278954      -0.3510141381     0.000346884359    -0.003629678571
 "BPM.15R8.B1"              20834.72821        34.64189604       0.5979609069        58.16109596      -0.9957072492        48.24547364        46.63301315        1.095196211    -0.006961703735     -0.01454268037   -0.0001689556396    4.961400719e-07   -1.060265012e-05       -1.803876633        6.359280637                  0                  0                  0                  0                  0        50.31271621        96.03349461        93.83253866        91.77984158        1.184267409        17.05973522 "MONITOR"                            0                  0     -0.01413239348      -0.3700239256   -6.788977401e-05     -0.01093886247
 "BPM.16R8.B1"              20888.17672        162.3199257       -2.202491359        57.19437999      -0.4777860014        48.38368912        46.79847827         2.14780539    -0.005954722447      0.02962135151    2.918125112e-05   -1.760550095e-06   -7.481156392e-06        35.38760996         1.78333811                  0                  0                  0                  0                  0        49.38731874        93.53511947        94.10609523        92.11380511       -4.978714119        4.769873365 "MONITOR"                            0                  0      0.01300116899       -1.078112026     0.000344114154     -0.01858785933
 "BPM.17R8.B1"              20941.62524        32.46811104       0.4589536129        526.6089343       -7.030042997        48.50378494        46.85197391        1.089920148     -0.01255125019     -0.01441624964   -0.0001318898214     0.000311824545   -1.362448334e-05        21.95697639       -1.168222636                  0                  0                  0                  0                  0        54.88243707        86.25348482        94.35804062        92.21795304       -5.474328219        2.277874473 "MONITOR"                            0                  0     -0.04978311117       -1.253850934   -0.0006443576816     -0.01883087614
 "BPM.18R8.B1"              20995.07375        181.9618623       -2.521976455        56.10434063         2.26445849        48.63752023        46.89867755        2.144126606    -0.002066219007      0.02966384888    0.0002143651747     0.001117047359   -1.440725001e-06        36.48177054       -2.158255151                  0                  0                  0                  0                  0        54.48272651        157.4502829        94.63657732        92.32331043       0.6679077135        3.470835189 "MONITOR"                            0                  0    -0.002146298322      -0.3471850311    0.0003455076161    -0.003537747079
 "BPM.19R8.B1"              21048.52227         33.9685659       0.5930249765        58.82070868       -1.025885681        48.74644286        47.13611523        1.082510008     0.007316901227     -0.01452203948    0.0001737534644    0.0003796379741    1.070997198e-05       -6.891169723       -6.120795027                  0                  0                  0                  0                  0        32.52394547        149.6258067        94.73084736        92.80208587        2.990761713        25.08986249 "MONITOR"                            0                  0     -0.01403538082      -0.3624958964   -6.701841401e-05     -0.01081937593
 "BPM.20R8.B1"              21101.97079        161.8729946       -2.216958186        57.80237809       -0.464217236        48.88680112        47.29866769        2.119726256     0.006065051927       0.0293100547   -3.427854442e-05     2.46337271e-05    7.511473802e-06       -68.15962334       -1.708623293                  0                  0                  0                  0                  0        32.23183139        147.3796063        95.00537374        93.12944855      0.08034650929         5.39401719 "MONITOR"                            0                  0      0.01296711414       -1.072810904    0.0003455265479     -0.01873851055
 "BPM.21R8.B1"               21155.4193        33.13481326       0.4641486971         524.898383       -6.986134193        49.00559328         47.3519602        1.084873518      0.01252263092     -0.01395776039    0.0001294234867   -0.0003153957947    1.360491566e-05       -34.18696186         1.15108539                  0                  0                  0                  0                  0        34.69876354        140.0301719         95.2722406        93.23510022       -2.100716046        2.178941091 "MONITOR"                            0                  0     -0.04969208995       -1.254461944   -0.0006445892932     -0.01883824366
 "BPM.22R8.B1"              21208.86782        181.7978379       -2.498464872        56.85951565        2.267115066        49.13755321         47.3984416        2.154949332     0.002012535445      0.02991658496   -0.0002146784184     -0.00111679598    1.466207263e-06       -38.14012497        2.094673599                  0                  0                  0                  0                  0        32.31694814        211.2522895        95.55091504        93.33115587       0.9009860628        4.258104199 "MONITOR"                            0                  0    -0.002146026843      -0.3523241763    0.0003454612545    -0.003618856844
 "BPM.23R8.B1"              21262.31633         34.6370149       0.5974674843        58.13416446      -0.9932865531        49.24540624         47.6327825        1.113594354    -0.007474958015     -0.01408890304   -0.0001758035827   -0.0003825103513   -1.059653139e-05       -1.908598658        5.896302685                  0                  0                  0                  0                  0        39.64512479        203.4613172        95.58760811        93.80311787         4.78936325        33.33449278 "MONITOR"                            0                  0     -0.01413564878      -0.3696725963   -6.758527458e-05     -0.01092638819
 "BPM.24R8.B1"              21315.76485         162.325905        -2.20259788          57.148541      -0.4785076964        49.38362244        47.79843347        2.216646748    -0.006120254572      0.03059837826    3.641125984e-05   -3.531482364e-05   -7.480352311e-06        34.94898552         1.63806703                  0                  0                  0                  0                  0        40.51951808        201.2042829        95.86027846         94.1361268        5.362404307        6.054134338 "MONITOR"                            0                  0       0.0129976273       -1.077698869     0.000344384164      -0.0186046857
 "BPM.25R8.B1"              21369.21337        32.46951523       0.4590068301        526.6393694       -7.031807633        49.50371233        47.85194978        1.114486226     -0.01253293936     -0.01534245964    -0.000128655037     0.000311657544    -1.36294006e-05        21.72475112       -1.136984327                  0                  0                  0                  0                  0          36.831564        193.6766939        96.12476616         94.2427063        1.305651295        2.087541152 "MONITOR"                            0                  0     -0.04977558506       -1.254222653   -0.0006443527004     -0.01883832713
 "BPM.26R8.B1"              21422.66188         181.954855       -2.521839891        56.14956369        2.265175539        49.63744719        47.89863266         2.14978501    -0.001909918005      0.02934103207     0.000216911522     0.001117028675   -1.444298302e-06        36.29330389       -2.012403324                  0                  0                  0                  0                  0        32.95189227        266.9454242        96.39144901        94.33652405        1.177438866        5.117424958 "MONITOR"                            0                  0    -0.002142361412      -0.3476189975    0.0003452136043    -0.003519320847
 "BPM.27R8.B1"               21476.1104        33.96699454       0.5929677032        58.78424265        -1.02402869        49.74637532        48.13588499        1.064461431     0.007836578025     -0.01497198397    0.0001807864529    0.0003797721315    1.070327537e-05       -6.822101049       -5.650544542                  0                  0                  0                  0                  0        63.49763223        259.4269202        96.52522768        94.81367075        6.667507229        41.43077236 "MONITOR"                            0                  0     -0.01404177261      -0.3621340667   -6.699965511e-05     -0.01081184656
 "BPM.28R8.B1"              21529.55891         161.879201       -2.217082881        57.75586488      -0.4649518613        49.88673435        48.29862289        2.050888251     0.006233518176      0.02833238827   -4.159058813e-05    2.511848857e-05    7.510659088e-06       -67.72023933       -1.560204689                  0                  0                  0                  0                  0        64.59704355        257.3764066        96.80424137        95.14052615        10.46230286        6.688651392 "MONITOR"                            0                  0      0.01296372722       -1.072399944    0.0003458007311     -0.01875558007
 "BPM.29R8.B1"              21583.00743        33.13616531       0.4642030018        524.9286046       -6.987905986        50.00552068         48.3519361        1.060273452      0.01250553995      -0.0130315899    0.0001261585112   -0.0003152286941    1.360981505e-05        -33.9302083        1.121807228                  0                  0                  0                  0                  0         59.4409822        250.0744877        97.05142895        95.24699723        4.562064114        1.982292619 "MONITOR"                            0                  0     -0.04968499275       -1.254840009   -0.0006445920168     -0.01884579311
 "BPM.30R8.B1"              21636.45594        181.7908976       -2.498332059        56.90488464        2.267821437         50.1374804        48.39839705        2.149307993     0.001857897198      0.03024048799   -0.0002172116142    -0.001116777412    1.469781467e-06       -37.86665609        1.950374442                  0                  0                  0                  0                  0        56.13702739        319.8444009         97.3101426        95.33931214        1.378126376        5.866042621 "MONITOR"                            0                  0    -0.002142085967      -0.3527600573    0.0003451734439    -0.003600672225
 "BPM.31R8.B1"              21689.90446         33.9425302       0.5907163384         58.2091028      -0.9889156771        50.24657894        48.63182049        1.119720537    -0.007986877628      -0.0138836589   -0.0001827146705    -0.000379549688   -1.058782863e-05        9.750729719        5.433226933                  0                  0                  0                  0                  0        54.25477457        318.9643758        97.52672958        95.80528782         6.08875128        51.12205442 "MONITOR"                            0                  0     -0.01431886336      -0.3627007864   -7.034994002e-05     -0.01082433961
 "BPM.32R8.B1"              21743.35298        162.0690336       -2.219967707        56.83181985      -0.4775115538        50.38687595        48.79805361        2.243008846    -0.006285361744      0.03098665055     4.36298709e-05   -2.478545841e-05   -7.478124378e-06        76.14057987        1.492943204                  0                  0                  0                  0                  0        55.38426568        316.7268497        97.80550305        96.13886324        9.250693239        8.053963483 "MONITOR"                            0                  0      0.01284623049       -1.067175332     0.000349357029     -0.01895396644
 "BPM.33R8.B1"              21796.80149          33.147627       0.4655142013        524.9054874        -7.01342835        50.50555052        48.85181689         1.12457787     -0.01251402162     -0.01568483136   -0.0001254158365    0.0003152461747   -1.363180369e-05        35.66909433       -1.105559097                  0                  0                  0                  0                  0        49.64924071        309.1830386        98.05541282         96.2461801        4.263918104        2.105559151 "MONITOR"                            0                  0     -0.04971139593       -1.252159967   -0.0006455851469     -0.01886717883
 "BPM.34R8.B1"              21850.25001        182.1418747       -2.503555198        56.13741793         2.25906541        50.63738145        48.89858423         2.15431783    -0.001754456261      0.02924987628    0.0002194284089     0.001117305343   -1.447370167e-06        37.09611123       -1.866496735                  0                  0                  0                  0                  0         46.1616559        382.8627216         98.3123573        96.33936714        1.663573743        6.760160135 "MONITOR"                            0                  0    -0.002172786001      -0.3479825047    0.0003443873015    -0.003550842695
 "BPM.33L1.B1"              21903.69852        33.96880174       0.5929842453        58.75289169       -1.022369121        50.74630436        49.13567454         1.07025736     0.008360532526     -0.01493292535    0.0001879280753    0.0003799149198    1.069731587e-05       -6.821164129       -5.160768964                  0                  0                  0                  0                  0        44.26885499        381.9434122        98.52831406        96.81280194        5.518720323        60.44493036 "MONITOR"                            0                  0     -0.01404915931      -0.3617921853   -6.700726989e-05      -0.0108048298
 "BPM.32L1.B1"              21957.14704        161.8799643        -2.21703826        57.71276436      -0.4655886043         50.8866578        49.29857941        2.066958949     0.006405351748      0.02853299649   -4.892695613e-05      2.5624748e-05    7.509998206e-06       -67.39212535       -1.399143262                  0                  0                  0                  0                  0        45.36016282        379.8681891        98.80656817        97.13954757        8.026339227        9.247076273 "MONITOR"                            0                  0       0.0129598124       -1.071978088    0.0003460756166     -0.01877263439
 "BPM.31L1.B1"              22010.59556        33.13386821       0.4641820083        524.9440115       -6.989351413        51.00544881        49.35191251        1.064633245      0.01247902647     -0.01327359652     0.000122630211   -0.0003150565357    1.361442617e-05       -31.42355229        1.100328124                  0                  0                  0                  0                  0        47.03535581        375.2446277         99.0464275        97.24677952        3.415038134        2.243771232 "MONITOR"                            0                  0     -0.04967066096       -1.255545527   -0.0006444402169     -0.01886062933
 "BPM.30L1.B1"              22064.04407        181.7900883       -2.498391102        56.94487033        2.268404761        51.13741495        49.39835596        2.145853202     0.001691250491      0.03009941392    -0.000219783111    -0.001116766138    1.473054791e-06       -29.33194458        1.796351021                  0                  0                  0                  0                  0        43.79707378        445.2649478        99.30324748        97.33926695       0.6643862698        7.650216361 "MONITOR"                            0                  0    -0.002125787059      -0.3540854095    0.0003447797138    -0.003575035725
 "BPM.29L1.B1"              22117.49259        34.63780439       0.5974324789         58.0729899      -0.9898756719        51.24526925        49.63234043        1.125817139    -0.008531830002     -0.01367844377   -0.0001900403252    -0.000382787664   -1.058387537e-05       0.9540916016         4.92338597                  0                  0                  0                  0                  0        80.74985742        437.6924109        99.48788731        97.80888712        6.503112757        69.23599585 "MONITOR"                            0                  0     -0.01417183821      -0.3695487576   -6.777712971e-05     -0.01091703967
 "BPM.28L1.B1"               22170.9411        162.3330165       -2.202663816        57.06033172      -0.4798463299        51.38347917        49.79834512        2.269301273    -0.006459672346      0.03137381048    5.134113328e-05   -3.630637683e-05    -7.47889839e-06        34.71540728        1.328165757                  0                  0                  0                  0                  0        82.00656428        435.4861016        99.76378466        98.14172483        13.23409966         9.92696269 "MONITOR"                            0                  0      0.01298941254       -1.076869328    0.0003450816584     -0.01863683223
 "BPM.27L1.B1"              22224.38962        32.46788811       0.4590318539        526.6876509        -7.03504891        51.50356946         49.8519019        1.134659545      -0.0124704035     -0.01602565001   -0.0001215203169    0.0003113182956   -1.363899823e-05        21.85274418       -1.071288883                  0                  0                  0                  0                  0        83.47105765        430.8372604        100.0060293        98.24936265         6.32798332        2.193123626 "MONITOR"                            0                  0     -0.04976165905       -1.254869361   -0.0006443551764     -0.01885201782
 "BPM.26L1.B1"              22277.83814        181.9469451       -2.521785105        56.23522342        2.266499997        51.63731261        49.89854597        2.158861291    -0.001575532069      0.02915914406    0.0002218846371     0.001116998109   -1.451183376e-06        37.39924409       -1.702718992                  0                  0                  0                  0                  0        80.76540473        505.3760034        100.2679893        98.34192279      -0.3572937467        8.701977907 "MONITOR"                            0                  0    -0.002135445343      -0.3484115606    0.0003446854298    -0.003487009844
 "BPM.25L1.B1"              22331.28665         33.9685263       0.5929408297        58.71609533       -1.020494856        51.74624064        50.13544198         1.05220693     0.008921196078      -0.0153827944     0.000195322373    0.0003800489434    1.069051382e-05       -6.353349393       -4.651568041                  0                  0                  0                  0                  0         119.192808        497.9602004        100.4757993        98.81717172        7.642897185        77.65940312 "MONITOR"                            0                  0     -0.01405563826      -0.3614385256   -6.700214227e-05     -0.01079768133
 "BPM.24L1.B1"              22384.73517        161.8863791       -2.217126687        57.66611096      -0.4663355687        51.88659103        50.29853453        1.998120822     0.006577454507       0.0275553601   -5.699550718e-05     2.61095167e-05    7.509171635e-06       -67.39177552       -1.245134082                  0                  0                  0                  0                  0        120.4387363        495.9879637        100.7560213        99.14408548        18.40592834         10.5561337 "MONITOR"                            0                  0      0.01295616943       -1.071568457    0.0003463424196     -0.01878943683
 "BPM.23L1.B1"              22438.18368        33.13436026       0.4642266536        524.9765021          -6.991163        52.00537809        50.35188832        1.040042904      0.01244406708     -0.01234722707    0.0001189947164   -0.0003148892922    1.361937702e-05       -34.10263617        1.059389225                  0                  0                  0                  0                  0        114.5414895        488.7515471        100.9961089        99.25078658        9.482584159        2.083013884 "MONITOR"                            0                  0     -0.04967184973        -1.25549762   -0.0006446089702     -0.01885966454
 "BPM.22L1.B1"               22491.6322        181.7831278       -2.498284077        56.99077822        2.269125048        52.13734628        50.39831102        2.140246378     0.001524380633      0.03042379522   -0.0002221848892    -0.001116747081    1.476667029e-06       -38.92807686        1.641901177                  0                  0                  0                  0                  0        112.0949357        557.2061981        101.2561222        99.34282053      -0.1814929718        9.399413081 "MONITOR"                            0                  0    -0.002135162526      -0.3535557585    0.0003446567553    -0.003568816902
 "BPM.21L1.B1"              22545.08071        34.63713232       0.5973859443        58.04009396      -0.9880678689        52.24520427        50.63210805        1.143883012    -0.009066474557      -0.0132292939   -0.0001971664697   -0.0003829218032    -1.05771228e-05       -2.362547346        4.436690242                  0                  0                  0                  0                  0         150.546959        549.7405448        101.4669649        99.81177183        9.292794863        86.01285701 "MONITOR"                            0                  0     -0.01415621231      -0.3686430734   -6.757712808e-05     -0.01090499679
 "BPM.20L1.B1"              22598.52923        162.3391017       -2.202759726        57.01443848      -0.4805685276        52.38341249         50.7983002        2.338110756    -0.006627338697      0.03235059728    5.896943989e-05   -3.679131833e-05   -7.478086511e-06        34.32545314        1.177840216                  0                  0                  0                  0                  0        151.8259634        547.5372446        101.7432747         100.144835        23.57177629        11.22682098 "MONITOR"                            0                  0      0.01298651432       -1.076451588    0.0003451878588     -0.01865451959
 "BPM.19L1.B1"              22651.97775        32.46929469        0.459085282        526.7174368       -7.036805216        52.50349683        50.85187776         1.15924386     -0.01245272695     -0.01695150662    -0.000118291535    0.0003111510895   -1.364390612e-05        21.62369467       -1.046918968                  0                  0                  0                  0                  0        144.5602507        539.8286484        101.9849215        100.2519322        13.11804737        2.002407476 "MONITOR"                            0                  0     -0.04975409493       -1.255240111   -0.0006443495553     -0.01885946065
 "BPM.18L1.B1"              22705.42626        181.9399047       -2.521648031        56.28045128        2.267213232        52.63723956        50.89850118        2.164583393    -0.001419301301      0.02883720499    0.0002244424435     0.001116978708   -1.454755754e-06        36.86979547       -1.557889739                  0                  0                  0                  0                  0        142.2230612        615.8665067        102.2488144        100.3442605       0.1542966023        10.33545828 "MONITOR"                            0                  0    -0.002131490277      -0.3488464366    0.0003443914697    -0.003468603419
 "BPM.17L1.B1"              22758.87478        33.96695252       0.5928833398        58.68030012       -1.018646456        52.74617311        51.13521131         1.03417943      0.00944136057     -0.01583362796    0.0002023657485    0.0003801828633     1.06838096e-05       -6.484962326       -4.176924756                  0                  0                  0                  0                  0        181.1385775        608.4992167        102.4641782        100.8189018        11.31124718        94.06621559 "MONITOR"                            0                  0     -0.01406207542      -0.3610778342   -6.698410517e-05     -0.01079016319
 "BPM.16L1.B1"              22812.32329        161.8926158       -2.217251837        57.61959777      -0.4670663173        52.88652426        51.29848962         1.92928221      0.00674626442        0.026577314   -6.431096196e-05    2.659428412e-05    7.508351686e-06       -67.25139023       -1.093162273                  0                  0                  0                  0                  0        182.4027768        606.5929285        102.7446031        101.1460546        28.78599118        11.86322663 "MONITOR"                            0                  0      0.01295276536       -1.071156734    0.0003466166384     -0.01880648976
 "BPM.15L1.B1"              22865.77181        33.13571415       0.4642811656        525.0060801        -6.99292658        53.00530547        51.35186423        1.015424346      0.01242760149     -0.01142138842    0.0001157354856   -0.0003147219825    1.362426709e-05       -33.85555218         1.03727969                  0                  0                  0                  0                  0        176.6300347        599.4478926        102.9833779        101.2528384        16.15560668        1.885986853 "MONITOR"                            0                  0     -0.04966471479       -1.255874718   -0.0006446110626     -0.01886720606
 "BPM.14L1.B1"              22919.22033        181.7761544       -2.498150772        57.03615032        2.269827617        53.13727346        51.39826657        2.134541865     0.001369816738      0.03074683469   -0.0002247292626    -0.001116727798     1.48024026e-06        -38.3394584        1.498693927                  0                  0                  0                  0                  0        174.4222121        666.3396225        103.2447258        101.3447678       0.2976872492        10.99450508 "MONITOR"                            0                  0    -0.002131203673      -0.3539925377    0.0003443689927    -0.003550651819
 "BPM.13L1.B1"              22972.66884        34.63557632       0.5973296739        58.00790413      -0.9862779017        53.24513678        51.63187693        1.161918818    -0.009579982558     -0.01277879858   -0.0002041106678   -0.0003861746557   -1.057043474e-05       -2.205235205        3.967173441                  0                  0                  0                  0                  0        212.9718839        658.9361136        103.4590909        101.8131377        12.88528423        102.3682558 "MONITOR"                            0                  0      -0.0141627668      -0.3682917636   -6.756208086e-05     -0.01089757785
 "BPM.12L1.B1"              23026.11736        158.9154004       -2.159191897        58.93436609      -0.4804999074        53.38528948        51.79387251        2.366149326    -0.007103623943      0.03255252276    6.032396811e-05    -3.51649589e-05   -7.820000175e-06        34.30697195        1.155951739                  0                  0                  0                  0                  0        214.1845337        656.6533826        103.7393347        102.1376964        33.93912313        14.34170358 "MONITOR"                            0                  0      0.01253686182       -1.063650251    0.0003419365197     -0.01869561591
 "BPM.11L1.B1"              23079.56587         36.2774679       0.4772108713        522.6627083        -6.91802349        53.49901113        51.84672084        1.240671619     -0.01324769775     -0.01598025305   -0.0001248539656   -1.552082064e-06   -1.454660673e-05        22.53281715      -0.6225410796                  0                  0                  0                  0                  0         206.721298        648.9680348        103.9676004         102.243227        20.80021756        1.850684699 "MONITOR"                            0                  0     -0.04723090583       -1.314644741    -0.000607483066     -0.01965131678
 "BPM.10L1.B1"              23132.34658        158.6189661       -2.068391683        145.1797377        2.633966216        53.62879148        51.87597295        1.961843413    -0.004222394317      0.02184084666    0.0001837459024   -2.910980984e-06   -4.719770068e-06          36.497656       -1.428105137                  0                  0                  0                  0                  0        204.7961181        731.6882575        104.2232944        102.3018908       0.7643848232        4.854833956 "MONITOR"                            0                  0    -0.006624142043      -0.4095574079    0.0002601991576    -0.003141890865
 "BPM.9L1.B1"                23171.4116        22.25818207       0.7822479306        316.1336831       -3.264549736         53.7304972        51.90799135       0.6218482362    -0.001521949184     -0.03358091561    5.938073404e-05   -4.917774219e-07   -1.941562679e-06        6.447321168       -3.786125304                  0                  0                  0                  0                  0        202.8875215        731.3180564        104.4255296        102.3661866        9.347026082         16.5383653 "MONITOR"                            0                  0     -0.03696717542       0.2956667131   -0.0005072203622     0.000611064977
 "BPM.8L1.B1"               23211.87461        111.0395629        -2.37494021        3.937258486     -0.03831128896        53.91816794        52.14891702        0.155847374     0.002631125651    -0.003551595416    0.0001070705597    1.988883165e-06    2.810308225e-06       -24.85255548      -0.9189016873                  0                  0                  0                  0                  0        203.6530977        723.6695904        104.7990993        102.8490172        31.87704484         105.988753 "MONITOR"                            0                  0    -0.001988912539     0.006286661161      0.00149998076     -0.06878571862
 "BPMR.7L1.B1"              23250.94062         29.8084722       0.5575917184        509.9976134       -12.93635623        54.02188274        52.35880773     -0.01146642848      0.01099236401     0.001284583816    0.0002239846948    1.450849678e-06    1.213548618e-05        -18.6056172        1.474168311                  0                  0                  0                  0                  0        204.9843134         711.616931        105.0069889        103.2696246        15.59013692        1.989165927 "MONITOR"                            0                  0     -0.05704148499       -1.110647865    -0.001440645529     -0.03028373348
 "BPM.6L1.B1"               23294.12462        235.9419336       -4.018023729        3.978468058      -0.9070700665        54.12825346        52.71742622      0.03034302335     -0.00251393255    0.0008990949962   -0.0003743968577    -4.85873146e-05    -2.72559035e-06        -46.8666882       0.7056365565                  0                  0                  0                  0                  0        202.0470607        694.2744341        105.2205829        103.9869536       0.2369310987        61.32831858 "MONITOR"                            0                  0     0.004573364743      -0.2144478699    0.0003560493349      0.01115704304
 "BPMR.5L1.B1"              23326.02462        591.0258287       -10.49347405        507.1964711       -11.86682189        54.14213802        52.83996238      0.06056030206     -0.01415165715     0.001305619503   -0.0002798880879   -0.0003214523984   -1.554018579e-05        -70.4303569      -0.1038385076                  0                  0                  0                  0                  0         199.498776        680.2323874        105.2489456        104.2321052      -0.0450237646        1.897461511 "MONITOR"                            0                  0      0.01783222793      -0.3653119974    0.0002275240229     0.002482134797
 "BPMYA.4L1.B1"             23347.14262        1118.070651       -14.46366311        1133.104954        -17.7718031         54.1462731        52.84439649      0.08835268996     -0.02005582887     0.001305619503   -0.0002798880879   -0.0005417676351   -2.204509839e-05       -95.19936864      -0.6380071561                  0                  0                  0                  0                  0        195.5982318        674.3371879        105.2578084        104.2410519     -0.03205003018        1.639715756 "MONITOR"                            0                  0      0.02263708024      -0.7909441353    0.0002275240229    -0.002322717517
 "BPMWB.4L1.B1"             23368.27512        1396.503782       -5.621570556        2515.489318       -40.99742991        54.14891442        52.84642626      0.09484285886     -0.02912344346   -0.0005738907822   -0.0004513919258   -0.0009696240769   -3.203135922e-05       -105.1427453       -1.276515392                  0                  0                  0                  0                  0        194.7578043        661.3070878        105.2633163        104.2451761   -0.0004608416467        1.578842984 "MONITOR"                            0                  0      0.02245023834       -1.458747249    0.0003373392924     -0.01624541909
 "BPMSY.4L1.B1"             23460.99512        2639.668698       -7.786163687        15865.75341       -102.9865717        54.15660336        52.84876223      0.05957407879     -0.07093040877     0.000555157906   -0.0004513878674    -0.003542823904   -7.807219152e-05       -139.2543165       -4.145178608                  0                  0                  0                  0                  0        192.7985723         599.333742        105.2794549        104.2501525       0.1910488644        1.553766049 "MONITOR"                            0                  0      0.05372829935       -7.946707638     0.000337336222     -0.04752305764
 "BPMS.2L1.B1"              23487.84062        4133.875407        265.1985472        4517.252744       -69.06689714        54.15768176        52.84930072      0.08334112689     -0.03764542541    -0.005179366313   -0.0005614020538    -0.004712099136   -4.136541777e-05       -173.3188852       -2.391633743                  0                  0                  0                  0                  0        81.17459858        299.5781638        105.3277218        104.2510234        0.229922816        1.553895439 "MONITOR"                            0                  0      -0.3413822194       -5.522783496    -0.004609137913     -0.07493843736
 "BPMWF.A1L1.B1"            23497.60362        1259.203027        57.82418266         3648.32835        167.6326274        54.15844322        52.84964086      0.04540084572     -0.03371308537    -0.001974790579     0.001564589893    -0.002604755972   -3.700810689e-05       -95.21483279       -2.248249993                  0                  0                  0                  0                  0          43.059833          275.09455        105.5861584        104.2517155       0.2576400971        1.554428597 "MONITOR"                            0                  0      -0.1084853293       -2.820548155     0.005253953178       0.1354252116
 "BPMSW.1L1.B1"             23497.79062        1237.669666        57.32748201        3585.903101         166.192237        54.15846706        52.84964909      0.04500918233     -0.03342082904    -0.001974790579     0.001564589893    -0.002582378423   -3.668612757e-05       -94.38374229       -2.231539261                  0                  0                  0                  0                  0        43.30297369         273.654295        105.5878016         104.251731       0.2584961109        1.554444814 "MONITOR"                            0                  0        -0.10750284       -2.775120609     0.005253953178       0.1344427224
 "BPMSW.1L1.B1_DOROS"         23497.79062        1237.669666        57.32748201        3585.903101         166.192237        54.15846706        52.84964909      0.04500918233     -0.03342082904    -0.001974790579     0.001564589893    -0.002582378423   -3.668612757e-05       -94.38374229       -2.231539261                  0                  0                  0                  0                  0        43.30297369         273.654295        105.5878016         104.251731       0.2584961109        1.554444814 "MONITOR"                            0                  0        -0.10750284       -2.775120609     0.005253953178       0.1344427224
 "BPMSW.1R1.B1"             23540.93362        1235.057433       -57.26693376        3582.873999       -166.1220262         54.6529122        53.34773339     -0.04535195954      0.03400598846    -0.001974790579     0.001564589893     0.002580373462    3.759811724e-05        97.35816789        1.623814126                  0                  0                  0                  0                  0        141.0574586        58.62995663          106.70144        104.7489447      0.04375384179        1.553137128 "MONITOR"                            0                  0       0.1191684619        -2.11614319     0.005253953178     -0.09222857956
 "BPMSW.1R1.B1_DOROS"         23540.93362        1235.057433       -57.26693376        3582.873999       -166.1220262         54.6529122        53.34773339     -0.04535195954      0.03400598846    -0.001974790579     0.001564589893     0.002580373462    3.759811724e-05        97.35816789        1.623814126                  0                  0                  0                  0                  0        141.0574586        58.62995663          106.70144        104.7489447      0.04375384179        1.553137128 "MONITOR"                            0                  0       0.1191684619        -2.11614319     0.005253953178     -0.09222857956
 "BPMWF.A1R1.B1"            23541.06662        1250.337422       -57.62020213         3627.19871       -167.1464751        54.65292924        53.34773927     -0.04563052227      0.03421384992    -0.001974790579     0.001564589893     0.002596289045    3.782711858e-05        97.94926433        1.635699298                  0                  0                  0                  0                  0        141.3977975        59.65429502        106.7015802        104.7489416      0.04445875771        1.553133562 "MONITOR"                            0                  0       0.1198672377       -2.144351933     0.005253953178     -0.09292735533
 "BPMS.2R1.B1"              23550.89862        1557.799478        23.82534364        11985.48126       -768.9382022        54.65392426        53.34800493      -0.0500111215      0.06202757479     0.000895959681     0.003974349302     0.002890152392    6.852683133e-05        108.7074904        3.114330575                  0                  0                  0                  0                  0        149.7106706        331.4706441        106.7060626         104.749437      0.08497931368        1.553047164 "MONITOR"                            0                  0     -0.03626942271       -4.612478195    -0.002270907135      -0.2923092819
 "BPMSY.4R1.B1"             23577.62412        5479.604975        35.53973165         7659.78953        22.56390457        54.65548234        53.34837436     -0.09166211692      0.04951816641    0.0007611426852   -0.0001498037056     0.005180242311    5.452131466e-05        202.0469498        2.751369863                  0                  0                  0                  0                  0        251.1065392        671.7398907        106.7253993        104.7504704       0.1453351337         1.55262078 "MONITOR"                            0                  0     -0.03435536462       -7.549033837    0.0001564753401      0.03067522013
 "BPMWB.4R1.B1"             23670.46412        868.9388401        14.12277235        4044.099705        16.38113462         54.6622559         53.3510293      -0.1062598744       0.0356264286   -0.0003679060132   -0.0001498066755     0.001126261529    3.824606205e-05        77.00849578        3.373779854                  0                  0                  0                  0                  0        272.0770013         677.900503        106.7415732        104.7559049       0.3184368292        1.513943015 "MONITOR"                            0                  0     -0.01982803212       -2.860276631    0.0001564773527      0.01614831155
 "BPMYA.4R1.B1"             23691.59662         393.019631         6.09234952        3233.218991        41.97028219        54.66812104        53.35194201     -0.09928460827      0.03174497656   -5.657382347e-05   -0.0004182554592    0.0003626088547    3.377415895e-05        49.69493641        3.439711551                  0                  0                  0                  0                  0        276.4830996        680.4566823        106.7538262         104.757756        0.335212893        1.486442768 "MONITOR"                            0                  0     0.001698688048       -2.169347928    3.401672043e-05      0.03154503012
 "BPM.5R1.B1"               23719.00462        126.6158575        4.184320234        1396.301675        18.94682439        54.68741069        53.35402802     -0.09861712372      0.02070023502    0.0005319410969   -0.0002902452003   -1.874301348e-06    2.155662683e-05        24.04083035        2.901802997                  0                  0                  0                  0                  0        279.1788722        694.4408703        106.7928726        104.7619315      -0.4687166403        1.395488888 "MONITOR"                            0                  0     -0.00551534692       -1.378833658    0.0001782914506       0.0214773408
 "BPMSA.A6R1.B1"            23736.98012        23.41840333        1.556685811        798.4479723        14.31253988        54.74095357        53.35673764     -0.08905666595      0.01548881933    0.0005319410969   -0.0002902452003    -4.24885017e-07    1.566971837e-05        4.651554396        2.821721525                  0                  0                  0                  0                  0        281.7535071        699.0725743        106.9002823        104.7673834       -8.946220056        1.219039186 "MONITOR"                            0                  0    -0.002310468949      -0.9512358838    0.0001782914506      0.01827246283
 "BPMR.6R1.B1"              23750.90462        8.473685467      -0.4891891765        445.0884545        11.40959635        54.97079682        53.36044229     -0.08205843007      0.01139089893    0.0004027630023    -0.000309364571    6.998126403e-07    1.104945512e-05       -10.39848535        2.746238476                  0                  0                  0                  0                  0        283.7459563        702.7774312        107.3600785        104.7748164       -39.64566514       0.8719433232 "MONITOR"                            0                  0     0.001251967779      -0.6988936167    0.0001517449086      0.01703376075
 "BPMSX.7R1.B1"             23757.12012        20.20492523       -1.398227727         314.641725        9.577730405        55.04957629        53.36308582     -0.07955556208     0.009470195677    0.0004027630023    -0.000309364571    1.205266365e-06    8.897221374e-06       -17.16923394        2.692005938                  0                  0                  0                  0                  0        284.6331824        704.6087968        107.5177393        104.7801118       -19.80768527        0.549831417 "MONITOR"                            0                  0     0.002195138258      -0.6066641586    0.0001517449086      0.01609059028
 "BPM_A.7R1.B1"             23778.62862        148.0116281       -4.543920861        38.98107261        3.238628357        55.11391111        53.39419323     -0.07089448315     0.002823675524    0.0004027630023    -0.000309364571    2.954369644e-06    1.449498814e-06       -40.59915041        2.504336315                  0                  0                  0                  0                  0        287.7044263        710.9461803        107.6468217         104.842358       -4.327414196       -7.711237123 "MONITOR"                            0                  0     0.005458943625      -0.3779933866    0.0001517449086      0.01282678491
 "BPM.8R1.B1"               23820.06761        19.38532045       0.7739204103        113.7193123       -3.708720779        55.22279413        53.76055653        0.231994103    -0.006908993914      0.01386725575   -0.0002281442346    5.111439915e-07   -1.284657292e-05       -6.348579314        7.020578505                  0                  0                  0                  0                  0        289.2800362        716.1538506        107.8660865        105.5756517       -5.666686873       -29.41759112 "MONITOR"                            0                  0     -0.00435646515      -0.4332511757    0.0001655929085     -0.01277088076
 "BPM.9R1.B1"                23859.1346        103.8069686       -2.403760745        96.70986956       0.3712981037        55.42929104        53.81484597        1.308526451    -0.006108366419      0.03440775066    4.256342211e-05   -2.053641486e-06   -8.635527477e-06        29.65327037        2.376244551                  0                  0                  0                  0                  0        288.0748474        716.0282415        108.2801944          105.68429       -45.54808854       -3.361510762 "MONITOR"                            0                  0      0.02018778164       -1.075198642     0.000185020749      -0.0035444629
 "BPM.10R1.B1"              23899.59958        37.44734256       0.5448762302        512.4443445       -8.105905039        55.52525049        53.84783252       0.9571240005     -0.01287924992    -0.007600636528   -0.0001900462944   -1.630441302e-06   -1.420105119e-05        24.13178073      -0.6359588772                  0                  0                  0                  0                  0        287.1721726         720.449963        108.4716894        105.7500058       -27.18638519        1.408602252 "MONITOR"                            0                  0     -0.05094982175       -1.134461234   -0.0008082342998     -0.02049643046
 "BPM.11R1.B1"              23952.38227        192.6845974       -2.582951115         58.5343991        2.344515756        55.64339402        53.89278856        2.267615484    -0.003532593372      0.03095405578    0.0002005809468    -3.02151247e-06   -1.871360693e-06        44.14993927       -3.013274003                  0                  0                  0                  0                  0        288.8491191         725.814929        108.7074923        105.8401927       -1.135390343       -7.633927671 "MONITOR"                            0                  0    -0.003297025065      -0.2759568091    0.0003794118651    -0.006878253505
 "BPM.12R1.B1"              24007.10876        35.88000971       0.6185390474        57.87728598       -1.005123631        55.74943896         54.1339344        1.164466311     0.003220815183     -0.01429722331    0.0001200375667   -4.442254838e-07    1.059111042e-05        -2.29332264       -9.731991057                  0                  0                  0                  0                  0        253.2430517        732.7189434        108.9157927        106.3214871       -10.30127285       -109.7300628 "MONITOR"                            0                  0     -0.01402321867      -0.3597476595   -8.130139002e-05     -0.01117001088
 "BPM.13R1.B1"              24060.56024        162.3596696       -2.167635624        57.65331298      -0.4826266687        55.88442527        54.29896883        2.335642225     0.004804713253      0.03193999519    2.461424158e-05    1.839240505e-06    7.486935567e-06       -59.60349438       -2.834863145                  0                  0                  0                  0                  0        252.0657339        734.8350725         109.185397        106.6510322       -39.16454593       -9.564211008 "MONITOR"                            0                  0       0.0127882841       -1.078382306    0.0003425311114     -0.01891183202
 "BPM.14R1.B1"              24114.01173        32.48874539       0.4590412884        526.2615274       -7.010819988        56.00448822        54.35225533        1.165902025       0.0128299766     -0.01678005114    0.0001571949533   -0.0002550686846    1.356725674e-05       -34.07240044        1.453799172                  0                  0                  0                  0                  0        259.3610143        742.5441088        109.4262223        106.7576098       -29.43569314        1.258050627 "MONITOR"                            0                  0     -0.04990138153       -1.253394773     -0.00064687375     -0.01879940371
 "BPM.15R1.B1"              24167.46321        181.4768644       -2.513969618        57.09268085         2.27485608         56.1383478        54.39857864        2.186797947     0.003266970461       0.0291008425    -0.000197518392    -0.000913592203    1.460000092e-06       -46.78698367        3.232830906                  0                  0                  0                  0                  0        260.3365132        657.5957667          109.69672         106.851929        -1.24210847       -9.036077861 "MONITOR"                            0                  0    -0.002215815108      -0.3467663524    0.0003491679544    -0.003803693747
 "BPM.16R1.B1"              24220.91469        35.11328525       0.6009827777        57.95324997      -0.9867024499        56.24543339        54.63242524        1.058948065    -0.003503979103     -0.01575395547   -0.0001231244785   -0.0003147517289   -1.057432045e-05       -6.029399199        9.484513428                  0                  0                  0                  0                  0        226.3064852         664.307596         109.904846        107.3184889       -7.911551284        -99.8707132 "MONITOR"                            0                  0     -0.01406952506      -0.3711073115   -6.764474816e-05     -0.01098826613
 "BPM.17R1.B1"              24274.36618        162.7533602       -2.194100101        57.05836412      -0.4822699755         56.3821448        54.79872962        1.991210322    -0.004885335453      0.02731663623   -2.043621165e-05   -3.521148668e-05   -7.459944154e-06        30.73791063        2.747105975                  0                  0                  0                  0                  0        225.0813561        666.2312972         110.177948        107.6505595        -34.4069531       -8.735975977 "MONITOR"                            0                  0       0.0130424969       -1.082482498    0.0003429700588     -0.01854743582
 "BPM.18R1.B1"              24327.81766        32.01253723        0.455875814        527.5123949       -7.047707857        56.50311152        54.85224686        1.029954153     -0.01283856704     -0.01238323658   -0.0001559576859    0.0002528515072    -1.35849479e-05          23.039065       -1.436228316                  0                  0                  0                  0                  0        231.1338224        673.4882626        110.4205623        107.7575387       -26.67688939        1.168298777 "MONITOR"                            0                  0     -0.04996934253       -1.252607729   -0.0006464607586     -0.01879787598
 "BPM.19R1.B1"              24381.26915        181.6423094       -2.531852115        56.42460957        2.271667203        56.63827745        54.89877645        2.117239168    -0.003159843439      0.03020188075    0.0001997666396    0.0009137966404   -1.438222953e-06        45.66587987       -3.144486702                  0                  0                  0                  0                  0        232.1087035        597.9919191        110.6935672        107.8522641       -1.103279348       -8.255308726 "MONITOR"                            0                  0    -0.002236076524      -0.3415655975    0.0003486094006    -0.003712611258
 "BPM.20R1.B1"              24434.72063        34.61581619       0.5981141479        58.52576065       -1.015366015        56.74612046        55.13543853        1.121668397     0.003868988997     -0.01324236721     0.000128077777     0.000313095676    1.067311945e-05       -1.123479866       -9.226255041                  0                  0                  0                  0                  0        199.2290199        604.4616714        110.9020758        108.3244145       -6.591456872        -90.0952699 "MONITOR"                            0                  0     -0.01393217298      -0.3635966271   -6.638243983e-05     -0.01087567638
 "BPM.21R1.B1"              24488.17211        162.3083335       -2.203143443        57.66930964      -0.4700826882         56.8844314         55.2989672         2.28632958     0.004998743326       0.0317550499    1.519709755e-05    2.898453656e-05    7.488054513e-06       -58.63980886         -2.6667764                  0                  0                  0                  0                  0        198.0264493        606.4849635        111.1782932         108.650839       -30.18689855       -7.854893227 "MONITOR"                            0                  0      0.01302809162       -1.078383645    0.0003438180369     -0.01867058035
 "BPM.22R1.B1"               24541.6236        32.49064676       0.4590812639        526.2588223       -7.010864936        57.00448884        55.35225499        1.148182959       0.0128118959     -0.01612675895    0.0001534790349   -0.0002550449161    1.356728446e-05       -33.78833218        1.418147369                  0                  0                  0                  0                  0        205.0941123        614.1272937        111.4195107        108.7574116       -23.39336221        1.104811254 "MONITOR"                            0                  0     -0.04990115154       -1.253425669   -0.0006468728493     -0.01879979027
 "BPM.23R1.B1"              24595.07508        181.4733377       -2.513864078        57.09492778        2.274876515        57.13834495        55.39857749        2.181940214     0.003089907144      0.02931920713   -0.0002004497914   -0.0009135869133    1.460106118e-06       -46.99969907        3.067102001                  0                  0                  0                  0                  0        205.9057069        530.4007249        111.6906918        108.8520735      -0.8218681769       -7.221330192 "MONITOR"                            0                  0    -0.002215616047      -0.3467846779    0.0003491496701    -0.003802286245
 "BPM.24R1.B1"              24648.52657        35.11119079       0.6009406548         57.9518239      -0.9866025492        57.24543556        55.63241257        1.071488001    -0.004093538606     -0.01542278245   -0.0001311041524    -0.000314747469   -1.057398697e-05       -6.382222255        8.952567511                  0                  0                  0                  0                  0        172.4083346        537.1030631        111.8957411        109.3183488       -4.968711026       -80.73189504 "MONITOR"                            0                  0     -0.01406907749      -0.3710915379   -6.763106799e-05     -0.01098790737
 "BPM.25R1.B1"              24701.97805        162.7557953       -2.194191015        57.05531383      -0.4823030782        57.38215109        55.79872766        2.040086929    -0.005076340105      0.02801554588   -1.213881005e-05   -3.520021992e-05   -7.459840967e-06        29.77629771        2.579921554                  0                  0                  0                  0                  0        171.2135234        539.0568546        112.1686877        109.6503075       -25.46489796        -7.02668767 "MONITOR"                            0                  0      0.01304272377       -1.082483091    0.0003429732815     -0.01854768848
 "BPM.26R1.B1"              24755.42954        32.01441734         0.45591459        527.5096903       -7.047751104        57.50311223        55.85224652        1.047654541     -0.01281980458     -0.01303645517    -0.000152269288    0.0002528543978   -1.358497555e-05        22.74436571       -1.401482728                  0                  0                  0                  0                  0        177.3574093        546.3799053        112.4119062        109.7572878       -20.55792564        1.019356185 "MONITOR"                            0                  0     -0.04996909397       -1.252638243   -0.0006464594805     -0.01879825589
 "BPM.27R1.B1"              24808.88102        181.6387901       -2.531746342         56.4268353        2.271687933         57.6382746         55.8987753        2.122122005    -0.002981534313      0.02998442546    0.0002027128651    0.0009137936561   -1.438328493e-06        45.84005592       -2.977868818                  0                  0                  0                  0                  0        178.1175704        469.6566777        112.6857993        109.8524506      -0.6599125989        -6.40832188 "MONITOR"                            0                  0    -0.002235877842      -0.3415837606    0.0003485909048    -0.003711197059
 "BPM.28R1.B1"               24862.3325        34.61375667       0.5980717543          58.524157       -1.015263712        57.74612267        56.13542597        1.109135587     0.004463980278     -0.01357396718    0.0001361404617    0.0003130914326    1.067278645e-05      -0.7861807265        -8.68852801                  0                  0                  0                  0                  0        145.8496658        476.1350845        112.8898856        110.3242627       -3.604354924        -70.9475996 "MONITOR"                            0                  0     -0.01393171044       -0.363580882   -6.636849928e-05     -0.01087532002
 "BPM.29R1.B1"              24915.78399        162.3110303       -2.203237582        57.66624438       -0.470116622        57.88443764        56.29896525        2.237431526     0.005191987978      0.03105558886    6.832204157e-06     2.89733207e-05    7.487951604e-06       -57.68884869       -2.497234306                  0                  0                  0                  0                  0        144.6769726        478.1348189        113.1659008        110.6505433       -21.20910429       -6.145402562 "MONITOR"                            0                  0      0.01302832812        -1.07838488    0.0003438211048     -0.01867082665
 "BPM.30R1.B1"              24969.23547        32.49314908       0.4591276466        526.2542299       -7.010876182        58.00448814        56.35225473        1.130475907      0.01277567776     -0.01547320845    0.0001493912399   -0.0002550478071    1.356727117e-05       -30.74333156        1.371608727                  0                  0                  0                  0                  0        144.1462894         482.680491        113.4039857         110.756597       -17.92725449       0.9871397355 "MONITOR"                            0                  0     -0.04989241619       -1.253865471   -0.0006467002402     -0.01880841284
 "BPM.31R1.B1"              25022.68696        181.4697959         -2.5137397        57.09679061        2.274885289        58.13833913        56.39857666        2.177125692      0.00290064331      0.02953817355   -0.0002032437834   -0.0009135839815    1.460184446e-06       -37.39056291        2.892832342                  0                  0                  0                  0                  0        144.5663416        400.1500503        113.6765849        110.8517128       -1.707682244       -5.258619851 "MONITOR"                            0                  0    -0.002202103831      -0.3477611241    0.0003489711189    -0.003789340384
 "BPM.32R1.B1"              25076.13844        35.10845838       0.6008916832        57.95073774      -0.9865133621        58.24543591         56.6324009        1.084042964    -0.004704299464     -0.01509219813    -0.000139268855   -0.0003147432286   -1.057370158e-05       -3.348224788        8.403600765                  0                  0                  0                  0                  0        112.5910817        406.8599033        113.8725871        111.3175376       -2.827892953       -61.15086898 "MONITOR"                            0                  0     -0.01409077853      -0.3716373814   -6.780477237e-05     -0.01099230277
 "BPM.33R1.B1"              25129.58992        162.7580098        -2.19429753        57.05234206      -0.4823293129        58.38215737         56.7987257        2.088965691    -0.005269154053       0.0287142335    -3.44881194e-06   -3.518895539e-05   -7.459741861e-06         29.2053063        2.410285265                  0                  0                  0                  0                  0        111.4859369        408.8542014        114.1450531        111.6492967       -16.52485109       -5.313837339 "MONITOR"                            0                  0       0.0130423448       -1.082489206    0.0003431352228     -0.01854659159
 "BPM.34R1.B1"              25183.04141        32.01556696       0.4559448508        527.5094395       -7.047835248        58.50311461        56.85224609        1.065317327     -0.01276609897     -0.01369046554   -0.0001478642089    0.0002528573441   -1.358505327e-05         22.1097585       -1.342864687                  0                  0                  0                  0                  0        111.1799202        413.4487542        114.3842648        111.7557287         -15.549297       0.9390921324 "MONITOR"                            0                  0     -0.04996917496       -1.252640812   -0.0006464613626     -0.01879824478
 "BPM.33L2.B1"              25236.49289        181.6354592       -2.531666069        56.42953246        2.271723446         58.6382754        56.89877373        2.126869695    -0.002779863342      0.02976508862    0.0002053914066    0.0009137908709   -1.438467421e-06        44.64584029       -2.794402138                  0                  0                  0                  0                  0        111.2518604        335.4497912        114.6604502        111.8514027       -2.742896536       -4.274530912 "MONITOR"                            0                  0    -0.002235987922      -0.3415765298    0.0003485891824    -0.003711031799
 "BPM.32L2.B1"              25289.94438        35.13024104       0.6028372808        58.45026634       -1.017154199        58.74522847        57.13594799        1.105246214     0.005110483858     -0.01372560195    0.0001447816062     0.000314953915    1.067374912e-05         9.34000743        -8.08923945                  0                  0                  0                  0                  0         111.886245        336.5161759        114.8770191        112.3265057       -4.175404057       -49.63852555 "MONITOR"                            0                  0     -0.01380350783      -0.3683786788   -6.434434647e-05     -0.01094438337
 "BPM.31L2.B1"              25343.39586        162.5960309       -2.191817534        57.86227283      -0.4713618129        58.88199922        57.29920702        2.219466508     0.005395773841      0.03078621222   -2.372622087e-06     3.56075283e-05    7.488707947e-06       -20.25303163       -2.303999654                  0                  0                  0                  0                  0        110.7830085        338.4799218        115.1495819        112.6518848       -17.76630979       -3.813224899 "MONITOR"                            0                  0      0.01313650179       -1.085777237    0.0003404236135     -0.01843061181
 "BPM.30L2.B1"              25396.84734        32.00311124       0.4547924172        527.5467489       -7.025727847         59.0030611        57.35233494        1.123325487      0.01275312329     -0.01524524772    0.0001454385495   -0.0002527845661    1.356886488e-05       -20.35020846         1.36190484                  0                  0                  0                  0                  0        117.2736158        346.0517643        115.3951729        112.7580904       -15.86609425        1.054779682 "MONITOR"                            0                  0     -0.04994615284       -1.255240837   -0.0006460328351     -0.01878492134
 "BPM.29L2.B1"              25450.29883        181.3322321       -2.527229417         57.1349574        2.279860654        59.13834451        57.39858247        2.173141652       0.0027122906      0.02958827215   -0.0002062975235   -0.0009134106602    1.460283219e-06       -44.94842618        2.720391012                  0                  0                  0                  0                  0        117.5364445        263.9390666        115.6715917        112.8547822       -2.496398755       -3.285588319 "MONITOR"                            0                  0    -0.002190904573      -0.3468089309    0.0003495801709     -0.00376720227
 "BPM.28L2.B1"              25503.75031        35.10996855       0.6009088216        57.95156477      -0.9865163665        59.24543999        57.63239948        1.079048977    -0.005323693854     -0.01512168577   -0.0001476046977   -0.0003147433328   -1.057375309e-05       -6.095136279        7.812537695                  0                  0                  0                  0                  0        118.2923478         265.003523        115.8882383        113.3233526       -4.816540257       -38.94671204 "MONITOR"                            0                  0     -0.01406911696      -0.3710710731   -6.763113419e-05     -0.01098768122
 "BPM.27L2.B1"               25557.2018        162.7583845       -2.194258755        57.05138949      -0.4823143657        59.38215726        57.79872461         2.07536215    -0.005467859964      0.02854598229    5.304323631e-06   -3.518915633e-05   -7.459733722e-06        29.56608319        2.213655098                  0                  0                  0                  0                  0        117.1258267        266.9065827        116.1609002         113.654597       -19.04829138       -2.428341359 "MONITOR"                            0                  0      0.01304262313       -1.082473903    0.0003429835112     -0.01854854457
 "BPM.26L2.B1"              25610.65328        32.01549173       0.4559441162         527.495924       -7.047644825        59.50311466        57.85224612         1.06172321     -0.01275590959     -0.01348380024   -0.0001442301619     0.000252857277   -1.358487456e-05        22.34218114       -1.354172097                  0                  0                  0                  0                  0        123.3095825        274.2689175        116.4051798        113.7614137        -16.2052642        1.165218471 "MONITOR"                            0                  0     -0.04996949582       -1.252645926    -0.000646469667     -0.01879843185
 "BPM.25L2.B1"              25664.10477        181.6354529       -2.531668354        56.42802028        2.271656635        59.63827567        57.89877501        2.130116457    -0.002603017962      0.02988884642    0.0002084794769    0.0009137908662   -1.438362576e-06        44.76423747       -2.631704746                  0                  0                  0                  0                  0        123.9075819        196.8673166        116.6807122        113.8611649       -2.320784576        -2.41517587 "MONITOR"                            0                  0    -0.002236103823      -0.3415773337    0.0003485911479    -0.003711170682
 "BPM.24L2.B1"              25717.55625        34.61255825       0.5980398162        58.52371737       -1.015174696        59.74612712        58.13541292        1.101563652     0.005699110444     -0.01387578221    0.0001527315009     0.000313087312    1.067255234e-05       -1.111555855       -7.542833487                  0                  0                  0                  0                  0        92.25073397         203.148564         116.876111        114.3306955       -3.409859668       -29.35278399 "MONITOR"                            0                  0     -0.01393174669      -0.3635606977   -6.636852303e-05     -0.01087509739
 "BPM.23L2.B1"              25771.00773        162.3137629       -2.203306945         57.6622932      -0.4701289522        59.88444377        58.29896223        2.202080075     0.005585457688      0.03052389682   -1.067617399e-05     2.89623052e-05    7.487844439e-06        -57.5864061       -2.128424102                  0                  0                  0                  0                  0        91.12188815        205.0409898        117.1516451        114.6558717       -14.73105888        -1.57230054 "MONITOR"                            0                  0       0.0130282301       -1.078375932    0.0003438311692     -0.01867167057
 "BPM.22L2.B1"              25824.45922        32.49362911       0.4591512025        526.2424079       -7.010802875        60.00449185        58.35225425        1.116359661      0.01273028089      -0.0150252384    0.0001416955904   -0.0002550506562     1.35672118e-05       -33.09451988        1.338828543                  0                  0                  0                  0                  0        97.60223815        212.5615839         117.395758        114.7622053       -13.06249019        1.094335688 "MONITOR"                            0                  0     -0.04990131761       -1.253464222   -0.0006468818025     -0.01880034667
 "BPM.21L2.B1"               25877.9107        181.4664714       -2.513680827        57.09836709        2.274865281        60.13834315        58.39857606        2.169106862     0.002534834854      0.02963421718    -0.000209141781   -0.0009135811319    1.460246402e-06       -45.98941173        2.556182341                  0                  0                  0                  0                  0        97.84583713        131.5629575        117.6705964        114.8657617       -2.079494308       -1.457898351 "MONITOR"                            0                  0    -0.002215643804       -0.346796538    0.0003491315887    -0.003800850876
 "BPM.20L2.B1"              25931.36219        35.10787433       0.6008667029        57.95014022      -0.9864164917        60.24544215        58.63238681        1.091588688    -0.005913262663      -0.0147904891   -0.0001555846413   -0.0003147390731   -1.057341962e-05       -6.320177013        7.277260586                  0                  0                  0                  0                  0        67.23290977        137.8949672         117.851334        115.3274143       -1.873508375       -19.80482127 "MONITOR"                            0                  0     -0.01406866947      -0.3710553019   -6.761745508e-05     -0.01098732249
 "BPM.19L2.B1"              25984.81367        162.7608204        -2.19434968        57.04833954      -0.4823474595        60.38216355        58.79872265        2.124239572    -0.005658874787       0.0292449112    1.360172289e-05   -3.517788958e-05   -7.459630538e-06        28.85253046        2.043773216                  0                  0                  0                  0                  0         66.2334339        139.7737022        118.1228077        115.6573188       -10.10585306      -0.7182654444 "MONITOR"                            0                  0         0.01304285       -1.082474496    0.0003429867342     -0.01854879722
 "BPM.18L2.B1"              26038.26515        32.01737199       0.4559828941        527.4932193       -7.047688068        60.50311537        58.85224578        1.079424269     -0.01273717153     -0.01413702274   -0.0001405420448    0.0002528601677   -1.358490221e-05        22.07713121       -1.324939937                  0                  0                  0                  0                  0        71.99214986        147.1956009        118.3722038        115.7638314       -10.08614462        1.016247959 "MONITOR"                            0                  0     -0.04996924728        -1.25267644   -0.0006464683888     -0.01879881177
 "BPM.17L2.B1"              26091.71664        181.6319347       -2.531562597        56.43024597        2.271677361        60.63827282        58.89877386        2.135000674    -0.002424714162      0.02967140533    0.0002114260942    0.0009137878824   -1.438468113e-06        44.75792367        -2.46598143                  0                  0                  0                  0                  0        71.77129446        69.19894027        118.6516668        115.8789832       -1.877281617      -0.5686116394 "MONITOR"                            0                  0    -0.002235905119      -0.3415954983    0.0003485726527    -0.003709756522
 "BPM.16L2.B1"              26145.16812        34.61049898       0.5979974268        58.52211524       -1.015072418        60.74612933        59.13540036        1.089031062     0.006294111402     -0.01420740586    0.0001607944604    0.0003130830687    1.067221936e-05      -0.9047592363       -7.001832007                  0                  0                  0                  0                  0        45.48470885        75.05912561        118.8046078        116.3406964      -0.4225544387       -10.20175776 "MONITOR"                            0                  0     -0.01393128422       -0.363544955   -6.635458355e-05     -0.01087474106
 "BPM.15L2.B1"              26198.61961        162.3164606       -2.203401096        57.65922827      -0.4701628771        60.88445001        59.29896028         2.15318119     0.005778712613      0.02982441633   -1.904107067e-05    2.895108934e-05    7.487741532e-06       -56.87762327       -1.956113388                  0                  0                  0                  0                  0        44.72250423        76.79490634        119.0775676        116.6624806       -5.752908161       0.1379727817 "MONITOR"                            0                  0       0.0130284666       -1.078377166    0.0003438342374     -0.01867191685
 "BPM.14L2.B1"              26252.07109         32.4955369       0.4591911364        526.2397153       -7.010846778        61.00449246        59.35225392        1.098383151      0.01271223508     -0.01437193501    0.0001379800172    1.490810627e-06    1.356723935e-05       -32.81220626        1.310781277                  0                  0                  0                  0                  0        49.51678278        84.22837827        119.3336202        116.7677753       -7.019915836       0.9410556884 "MONITOR"                            0                  0     -0.04990108027       -1.253495327   -0.0006468806818     -0.01880073321
 "BPM.13L2.B1"              26305.52257        181.7127116       -2.517292766        56.38943421        2.266119201        61.13824952         59.3988654        2.165256427     0.002330893302        0.029892301   -0.0002126252735    2.990579577e-06    1.431820854e-06       -45.99497204        2.388449422                  0                  0                  0                  0                  0        48.21866797        12.54449714        119.6145004        117.0518126       -1.662061835       0.3519221563 "MONITOR"                            0                  0    -0.002154901813      -0.3474329408    0.0003493727608    -0.003764225464
 "BPM.12L2.B1"              26358.97406        29.04637985       0.5255531813        59.25820609      -0.9778726621        61.25813354        59.62747271       0.9929980339    -0.006477871364     -0.01660848188   -0.0001625891853     3.10397856e-07   -1.060713576e-05       -3.991138099         6.86679727                  0                  0                  0                  0                  0        33.27148519         12.7199642        119.7278808        117.4079189        1.121879481      -0.6957623906 "MONITOR"                            0                  0     -0.01559558829      -0.3114167056   -9.127886462e-05     -0.01012530052
 "BPM.11L2.B1"              26412.42554        167.3744341       -2.448652964        53.92138258      -0.4633038783        61.41147451         59.7985561         1.80471896     -0.00569413294      0.02496622046    2.433905128e-05   -2.368075941e-06   -7.260241839e-06        36.82994892        1.825941653                  0                  0                  0                  0                  0        32.38214043        13.27271042        120.0282797        117.7160945       -2.210062664       0.9661412641 "MONITOR"                            0                  0      0.01203937476       -1.003061808    0.0003878706298     -0.02156988464
 "BPM.10L2.B1"              26464.26623        34.17913979       0.5501408034        503.6878057       -6.958995607        61.52162984        59.85321254       0.7231008512     -0.01232917729     -0.01646502366   -0.0001363231934   -1.560119227e-06   -1.309724059e-05        23.90414619       -1.395017197                  0                  0                  0                  0                  0        35.20269821        19.78228372        120.2696852        117.7984655         -4.1754398       0.8277741702 "MONITOR"                            0                  0     -0.05274776138        -1.14293061   -0.0007238511375     -0.01814063646
 "BPM.9L2.B1"               26503.33322        126.2057231        -2.08463723         82.4141851        3.538290387        61.63390782        59.88120718         1.01689124    -0.003707401759      0.01522755817    0.0002521281518    -2.53809136e-06   -3.143889689e-06        37.09519151       -2.019212098                  0                  0                  0                  0                  0        36.43651749        25.51974934        120.4981335        117.8503133       -1.557718446       0.5055139023 "MONITOR"                            0                  0    -0.005664974538       -0.270754069    0.0004577578974   -0.0009932230916
 "BPM.8L2.B1"               26543.79821        13.82132284       0.3128182417        49.49279561      -0.2859087682        61.79246707        60.00967903        0.292421808     0.002291866035     -0.01570973494    0.0001381390183    9.888379074e-11     5.36091867e-06        0.106310379       -5.633852227                  0                  0                  0                  0                  0        35.10123262        26.16709858        120.8259937        118.1121782       0.7303368004       -2.588815486 "MONITOR"                            0                  0     -0.02194636595       0.0497600762   -0.0002229403094    -0.005398293807
 "BPM.7L2.B1"                26582.8662        141.9206768       -3.326840223        30.45537322      -0.3842756019        61.99132632        60.20067731       0.0784782949     0.005169135568     0.001020838677    6.792156264e-05    3.042454345e-06    7.741782311e-06       -44.62509214       -3.957776941                  0                  0                  0                  0                  0        32.22717193        27.15638727        121.2307999        118.4889609       -4.558179247       -1.500640776 "MONITOR"                            0                  0    -0.005389232339      0.03217028434    0.0005573010085     -0.02736845573
 "BPMR.6L2.B1"               26614.9722        25.91452984        0.219704324        222.5076767        2.417093686        62.07647183        60.26456662     0.003535104812      0.01293931906      -0.0023380673   -0.0001638882783     1.33899103e-06    1.767521687e-05       -19.79951648       -6.468899089                  0                  0                  0                  0                  0         29.9099951        30.71140711        121.3935493          118.62743       -3.723363848       0.0703177931 "MONITOR"                            0                  0      -0.0310183882      0.08321628133    0.0002493517446    -0.004846046762
