@ NAME             %05s "TWISS"
@ TYPE             %05s "TWISS"
@ SEQUENCE         %05s "LHCB2"
@ PARTICLE         %06s "PROTON"
@ MASS             %le        0.9382720882
@ CHARGE           %le                   1
@ ENERGY           %le                 450
@ PC               %le         449.9990218
@ GAMMA            %le         479.6050162
@ KBUNCH           %le                   1
@ BCURRENT         %le     0.0002071977796
@ SIGE             %le               0.001
@ SIGT             %le                   1
@ NPART            %le            1.15e+11
@ EX               %le                   1
@ EY               %le                   1
@ ET               %le               0.001
@ BV_FLAG          %le                  -1
@ LENGTH           %le          26658.8832
@ ALFA             %le     0.0003478832281
@ ORBIT5           %le                  -0
@ GAMMATR          %le         53.61462273
@ Q1               %le         62.27000809
@ Q2               %le         60.32199284
@ DQ1              %le      -0.07781922169
@ DQ2              %le        0.4427427772
@ DXMAX            %le         2.898087723
@ DYMAX            %le        0.2874706331
@ XCOMAX           %le      0.005816360106
@ YCOMAX           %le      0.009776240931
@ BETXMAX          %le         20438.28844
@ BETYMAX          %le         20110.87562
@ XCORMS           %le     0.0004812914849
@ YCORMS           %le      0.001036770955
@ DXRMS            %le         1.498351284
@ DYRMS            %le       0.05613793719
@ DELTAP           %le                   0
@ SYNCH_1          %le        -9.121237571
@ SYNCH_2          %le      0.002244883795
@ SYNCH_3          %le      7.99769003e-07
@ SYNCH_4          %le    -1.160467329e-06
@ SYNCH_5          %le     3.053973176e-08
@ SYNCH_6          %le         73.51506183
@ SYNCH_8          %le        0.2939624743
@ DQMIN            %le      0.001299284074
@ DQMIN_PHASE      %le         1.732444134
@ TITLE            %25s "LHC Model created by omc3"
@ ORIGIN           %16s "5.09.01 Linux 64"
@ DATE             %08s "07/11/25"
@ TIME             %08s "04.06.01"
* NAME                                S               BETX               ALFX               BETY               ALFY                MUX                MUY                 DX                 DY                DPX                DPY                  X                  Y                DDX                DDY                K1L               K1SL                K2L                K3L                K4L                 WX                 WY               PHIX               PHIY               DMUX               DMUY KEYWORD                           DBX                DBY                R11                R12                R21                R22 
$ %s                                %le                %le                %le                %le                %le                %le                %le                %le                %le                %le                %le                %le                %le                %le                %le                %le                %le                %le                %le                %le                %le                %le                %le                %le                %le                %le %s                                %le                %le                %le                %le                %le                %le 
 "BPMYB.5R8.B2"                  16.238        280.8216223       -1.489290904        95.34973545        4.151111535      0.01005662588      0.01582640363      -0.1331993009     -0.01628418492    -0.001932253095    0.0007568446106    5.050762188e-06   -0.0001914277309       -92.63810098        6.758798108                 -0                 -0                 -0                 -0                 -0        78.49507631        21.95234107      -0.1375092233      -0.2068325431       -0.484358178     -0.06850436116 "MONITOR"                            0                  0    0.0008464393355       0.9461447442   -0.0001679859967     -0.02141547779
 "BPMR.6R8.B2"                  100.346        32.83268524       -1.726487256        179.4555553         4.80941666       0.2893052409       0.4224555307      -0.1073984359      0.02180874558    -0.003628577419   -0.0005393762392    1.346792864e-06    1.737995998e-05       -9.966076805       -11.95319434                 -0                 -0                 -0                 -0                 -0         82.7639023         28.4496654       0.4200358137       0.6258701485       -8.771677929      -0.7279624204 "MONITOR"                            0                  0     -0.03335386121       0.7900695105     0.000638050695      -0.0193355894
 "BPM_A.7R8.B2"                 122.586        169.5961365       -4.422948503        32.04145055        1.818915386       0.3374715736       0.4698309407      -0.1880982133     0.009820946372    -0.003628577419   -0.0005393762392    1.562401459e-06    9.451621693e-06        1.534047276       -4.649911704                 -0                 -0                 -0                 -0                 -0        84.19919283        29.69129775       0.5207218671       0.7355262912       -4.944738021      -0.2225230635 "MONITOR"                            0                  0     -0.01916361376       0.7862447722     0.000638050695     -0.03352583686
 "BPM.8R8.B2"               164.0249894        17.28055198       0.8144802265        75.06309365       -1.815933465       0.4468322928       0.7138752508       0.1619938698     0.001453067234       0.0156172814   -0.0001645150436   -6.807595274e-07    9.365348073e-06        16.27927407        2.876037625                 -0                 -0                 -0                 -0                 -0         83.5117758         28.5598138       0.7458917042        1.235221434       0.5427752911       -5.046563771 "MONITOR"                            0                  0     0.007517476114       0.4123175592   -0.0002109487332     0.007161221477
 "BPM.9R8.B2"               203.0919788        103.1332895       -2.645988314        76.56141519     -0.08922925296       0.6944836751       0.7926423683        1.151936795    -0.005889962954       0.0318352249   -0.0001899619789   -3.971716014e-06    1.547675054e-06         46.4663369        6.023679179                 -0                 -0                 -0                 -0                 -0        81.27667715        28.85852824        1.245137317        1.391841031       -12.80982263       -4.274913046 "MONITOR"                            0                  0      -0.0157011379       0.8520622428   -0.0002985014146     0.007230661298
 "BPM.10R8.B2"              243.5569682        36.78983951       0.5560922988         537.437797       -9.222849419       0.7907511935       0.8291876755       0.8103993876     -0.02364022189    -0.007055043589   -0.0004664903628   -1.406286185e-06   -6.287026399e-06        10.88590624         18.5937835                 -0                 -0                 -0                 -0                 -0        80.48572218        29.49826428        1.435958504        1.495821344       -8.965577188       -3.350771368 "MONITOR"                            0                  0      0.05018387646       0.8592056134    0.0008401533334      0.01719031798
 "BPM.11R8.B2"              295.3976576        185.6137134       -2.533653434        84.79249518        2.770156863       0.9104068648       0.8648037248        1.917645584     -0.01203699446       0.0273425461    0.0002685248925    9.714206932e-07   -6.393913287e-06       -34.40016352        7.998783049                 -0                 -0                 -0                 -0                 -0        82.29697575        28.68292541        1.674002577        1.594279089       -0.802351083       -2.418556226 "MONITOR"                            0                  0     0.006432880396      0.07810896538   -0.0004807528722      0.01605209217
 "BPM.12R8.B2"              350.1241417        31.38449968       0.5355280234        63.64300618      -0.4021168186        1.027350217        1.010887808        1.011398609     -0.01361829658     -0.01044213579   -4.360138128e-05    1.857837322e-06    -1.49542028e-05       -30.37108335         5.48370489                 -0                 -0                 -0                 -0                 -0         76.2842805        29.71993157        1.905519639         1.89921138       -2.795929974       -2.611977324 "MONITOR"                            0                  0      0.01854048449       0.1911239416    0.0002015539898     0.009671398056
 "BPM.13R8.B2"              403.5756258         163.912598        -2.32270162        38.89831213      -0.7318502215        1.174339445         1.26206603        2.150343939     0.002205320916      0.03112418128    0.0003150487386    5.222286336e-06   -3.402893288e-06       -66.07472883       -3.570419227                 -0                 -0                 -0                 -0                 -0        74.89349396        30.62116474        2.199494714        2.415203855       -12.10672059       -5.232238241 "MONITOR"                            0                  0    -0.006860048167       0.7559628328   -0.0004255470577      0.02635945969
 "BPM.14R8.B2"              457.0271099        31.99672895       0.4638266705        561.3105477       -8.165298217        1.294730333        1.325413957        1.090069372      0.02336248004     -0.01449169077    0.0004004654009    1.261201528e-06    5.335126251e-06       -15.65781792       -18.75088717                 -0                 -0                 -0                 -0                 -0        98.27173719         33.7488577        2.448184596        2.603084857       -7.108153981       -3.479822868 "MONITOR"                            0                  0      0.05313781216       0.7575079528    0.0007493194649      0.01333008585
 "BPM.15R8.B2"               510.478594        179.9469329       -2.509562192        83.04557292        2.677939371        1.430762166        1.362406627        2.138561729      0.01171308441      0.02953609394   -0.0002516922324    -1.66012479e-06    6.075984106e-06        23.30129925        -8.02350688                 -0                 -0                 -0                 -0                 -0        99.90081734        72.55022521        2.726464315        2.378269271        2.678467115       -2.048868703 "MONITOR"                            0                  0     0.009261333876      -0.1222985501   -0.0005595330923      0.02252987761
 "BPM.16R8.B2"              563.9300781        35.10730367       0.5930182361        63.72212868      -0.4128051594         1.53835045        1.506569726        1.088789511      0.01355074139     -0.01424922466    5.010893055e-05    0.0003637830581    1.483682325e-05        27.19675766       -6.126347976                 -0                 -0                 -0                 -0                 -0        92.49048827        70.18501846        2.942597874        2.670370726       -2.050447771        6.503016386 "MONITOR"                            0                  0       0.0173487979       0.1458447081    0.0002328830486      0.01004011868
 "BPM.17R8.B2"              617.3815622        164.1653251       -2.212296812        38.85742211        -0.75915457        1.674303159         1.76221403        2.149196436    -0.002265137726      0.02977716709   -0.0003149432068     0.001302461805    3.390215224e-06        65.70809199        3.384889062                 -0                 -0                 -0                 -0                 -0        91.19176377        67.60013642        3.214243513        3.184342808       -11.97866598        -3.30175692 "MONITOR"                            0                  0    -0.006316228688       0.7533272543   -0.0004124122054      0.02699726159
 "BPM.18R8.B2"              670.8330463        31.52012681       0.4590069607         563.096539       -8.195789506        1.795729239        1.825482269        1.088722077     -0.02342426626     -0.01450505559   -0.0004005886135    0.0004430478284   -5.363391477e-06        8.810021963        18.73352633                 -0                 -0                 -0                 -0                 -0         114.809443        55.13366717        3.460832382        3.317188028       -5.294375841       -3.483238618 "MONITOR"                            0                  0      0.05350049012       0.7429822058    0.0007559102634      0.01312028402
 "BPM.19R8.B2"              724.2845304        180.2839504       -2.529709963        82.26063369        2.679651362        1.933014658        1.862584582        2.138042318     -0.01163061662      0.02954736552    0.0002545966173    3.061904597e-05   -6.065844924e-06       -43.98567705        8.122165805                 -0                 -0                 -0                 -0                 -0        116.7489154        140.5769304        3.740377106           3.346859         5.63178917        -1.60001618 "MONITOR"                            0                  0     0.009416921853      -0.1380081881   -0.0005722167834      0.02333683325
 "BPM.20R8.B2"              777.7360145        35.65450805       0.6006168199        62.22595092       -0.419138378        2.039504175        2.010198854        1.090270877     -0.01318768411     -0.01422542785    -4.47287139e-05   -0.0003669472163   -1.476753866e-05       -33.42573058        6.481938384                 -0                 -0                 -0                 -0                 -0        109.3846763        137.9147079        3.955088299        3.643379356      -0.6782184693        15.83576457 "MONITOR"                            0                  0      0.01726546668       0.1597845681    0.0002361256592      0.01034023055
 "BPM.21R8.B2"              831.1874986        163.9356559       -2.193516331         39.7636113      -0.7573649221        2.174159829        2.262872841        2.154443917     0.002386821522      0.02981203722    0.0003098723539    -0.001301960189   -3.380437831e-06       -66.13098629       -3.255589248                 -0                 -0                 -0                 -0                 -0        108.0901059        135.1528208        4.224254245        4.149480051       -11.84756696       -1.423437614 "MONITOR"                            0                  0    -0.006405180308       0.7675094722   -0.0004047081614      0.02650211793
 "BPM.22R8.B2"              884.6389827        31.97760341       0.4618531823        561.6201315       -8.136540718         2.29472338        2.325413942         1.10605715      0.02338963233     -0.01421996039    0.0003977526609   -0.0004457999522    5.336592963e-06       -15.70201034       -18.65511707                 -0                 -0                 -0                 -0                 -0        131.8311099        122.3829232        4.466849719        4.273580833       -3.689966055       -3.489825182 "MONITOR"                            0                  0      0.05312131238       0.7575480889    0.0007457852984      0.01328430455
 "BPM.23R8.B2"              938.0904667        179.9402087       -2.509529528        83.05338122        2.678046436        2.430770275        2.362404141        2.188715791      0.01163559991      0.03020110312    -0.000253556179   -4.025205176e-05     6.07600785e-06        23.29451359       -8.294612566                 -0                 -0                 -0                 -0                 -0        133.8918292        211.9084235        4.743433527        4.335554259        8.540578618        -1.16824046 "MONITOR"                            0                  0     0.009263240799      -0.1224027912   -0.0005595564659      0.02253134277
 "BPM.24R8.B2"              991.5419508        35.10972537       0.5930046023        63.72924065      -0.4127261628        2.538356597        2.506546294        1.104356514      0.01325942049     -0.01496708826    4.599089505e-05     0.000363793455    1.483693385e-05        27.19638007       -7.178163774                 -0                 -0                 -0                 -0                 -0        126.3843586        209.1120382        4.960296868        4.624618329       0.9308802029        24.70275327 "MONITOR"                            0                  0      0.01734726004       0.1457488699    0.0002328714446       0.0100393556
 "BPM.25R8.B2"              1044.993435         164.172643       -2.212319622         38.8534416       -0.759209488        2.674298933        2.762211111         2.14526457    -0.002368345826      0.02943138634   -0.0003110077964     0.001302470635    3.390256368e-06        65.71190276        3.005780429                 -0                 -0                 -0                 -0                 -0        125.0764365        206.2773226        5.232156243        5.136205508       -11.70052356       0.5955583788 "MONITOR"                            0                  0    -0.006316149914       0.7533189474   -0.0004124302338      0.02699993733
 "BPM.26R8.B2"              1098.444919        31.51780002       0.4590210174        563.1094968       -8.196144183        2.795727237        2.825482004        1.072921857      -0.0234457271     -0.01472017975   -0.0003991895504     0.000443043926   -5.363376536e-06        8.845825859        18.63349088                 -0                 -0                 -0                 -0                 -0        148.7555546        193.7080073        5.475041539        5.261407351       -1.827661155       -3.490598853 "MONITOR"                            0                  0      0.05350327101       0.7429769779    0.0007559650927      0.01312020334
 "BPM.27R8.B2"              1151.896403        180.2774531       -2.529699108        82.26848264        2.679768613        2.933022865        2.862582081        2.087971695     -0.01155425984      0.02888288948    0.0002564488764    3.059538994e-05   -6.065872168e-06       -43.97761019        8.390013254                 -0                 -0                 -0                 -0                 -0        150.9813949        280.7610811        5.753199483        5.330579283         11.4667538      -0.7177924886 "MONITOR"                            0                  0     0.009418862756      -0.1381135163   -0.0005722436728      0.02333832561
 "BPM.28R8.B2"              1205.347887        35.65700171       0.6006052137        62.23255367      -0.4190524713        3.039510249        3.010174964        1.074700021     -0.01289908408      -0.0135085423   -4.064100348e-05   -0.0003669576671   -1.476764978e-05       -33.41643455         7.52223026                 -0                 -0                 -0                 -0                 -0        143.9457078        278.0545292        5.968125268        5.626225273        2.256723251        34.24801507 "MONITOR"                            0                  0      0.01726391505       0.1596887116    0.0002361140693       0.0103394741
 "BPM.29R8.B2"              1258.799371        163.9429914        -2.19353857        39.75956979      -0.7574217959        3.174155597        3.262869977        2.158329759      0.00248923013      0.03015705387    0.0003059763096    -0.001301969033   -3.380479492e-06        -66.1054833       -2.879292121                 -0                 -0                 -0                 -0                 -0        142.6484296        275.2606174        6.237441822        6.131816525       -11.59335065        2.366001211 "MONITOR"                            0                  0    -0.006405103168       0.7675014404    -0.000404725874      0.02650478071
 "BPM.30R8.B2"              1312.250855        31.49737821       0.4565215297        563.0870637       -8.161946228        3.295801293        3.325352716        1.112232047      0.02344641513     -0.01420105409    0.0003970906462   -0.0004428878899    5.325820506e-06       -7.428457781        -18.6023037                 -0                 -0                 -0                 -0                 -0        141.3472556        269.3998838        6.479196069        6.257859811       -1.900438101       -3.399290751 "MONITOR"                            0                  0      0.05349308325        0.743623044    0.0007516862942      0.01308268031
 "BPM.31R8.B2"               1365.70234        180.0547482       -2.526339254        83.39149241        2.686665388        3.433185709        3.362217394        2.204535232      0.01158221062      0.03039050136   -0.0002556933975   -2.988612605e-05    6.068653776e-06        52.73165436       -8.596156944                 -0                 -0                 -0                 -0                 -0        143.6984815        360.3545814        6.757869455        6.328421187        10.40412108     -0.01263106504 "MONITOR"                            0                  0     0.009581204833      -0.1441938606   -0.0005693038622      0.02322022467
 "BPM.32R8.B2"              1419.153824        35.63767146       0.5991394361         63.8106008      -0.4087641157        3.539785003        3.505819989        1.108236904      0.01300988436     -0.01521310642    4.223657788e-05    0.0003673272257    1.482399625e-05        37.21592993       -8.279984881                 -0                 -0                 -0                 -0                 -0        136.2579298        357.4820061        6.973424818        6.616039766        1.345574585        43.84894125 "MONITOR"                            0                  0      0.01719911571       0.1401328469    0.0002350741458      0.01007720487
 "BPM.33R8.B2"              1472.605308         164.308818       -2.198992825        38.81719718      -0.7630755813        3.674301278        3.762206515        2.140454227    -0.002467875969      0.02927320353    -0.000307843508     0.001302741342    3.389012786e-06        66.42518821        2.623902377                 -0                 -0                 -0                 -0                 -0         134.951466          354.62943        7.242494771        7.128893999       -11.44160051        4.486218718 "MONITOR"                            0                  0    -0.006248084825       0.7532716906   -0.0004110504805      0.02709812242
 "BPM.34R8.B2"              1526.056792        31.51794459        0.459022016        563.1399463       -8.196560561        3.795727495        3.825482164        1.076317567     -0.02350230421     -0.01454229902   -0.0003985138891    0.0004430440686   -5.363567707e-06        8.719383485        18.59366889                 -0                 -0                 -0                 -0                 -0        133.6037285        348.6983245        7.483770899        7.256259911        -1.95415716       -3.299107869 "MONITOR"                            0                  0      0.05350506118       0.7429877512    0.0007559839013      0.01312040893
 "BPM.33L1.B2"              1579.508276        180.2775232       -2.529695388        82.27146418        2.679914007         3.93302266        3.862580534        2.106270165     -0.01150057323      0.02916726662     0.000258586993    3.059597944e-05   -6.065820021e-06       -44.33284693        8.700477172                 -0                 -0                 -0                 -0                 -0        136.0175631        436.2848217        7.762197844        7.328240862        9.351983605       0.7889778248 "MONITOR"                            0                  0     0.009419013459      -0.1381155659   -0.0005722736481      0.02333983132
 "BPM.32L1.B2"               1632.95976         35.6563554       0.6005997403        62.22935948      -0.4190089045        4.039511118        4.010175088        1.082448402     -0.01263417288     -0.01373222191   -3.657819172e-05   -0.0003669574612   -1.476727333e-05       -31.10425534        8.664340111                 -0                 -0                 -0                 -0                 -0        137.5708182         436.058651        7.976427108        7.623060649      0.01823729007         55.5363107 "MONITOR"                            0                  0      0.01725809028       0.1600560545    0.0002359917598      0.01034704909
 "BPM.31L1.B2"              1686.411244        163.9424699       -2.193550239        39.76163916      -0.7574815252         4.17415838        4.262873472        2.164012116     0.002599175622      0.03012840836    0.0003026978972    -0.001301969003   -3.380306305e-06       -57.45591008       -2.477852686                 -0                 -0                 -0                 -0                 -0        136.2754443        433.2457638        8.245817563        8.128558546       -12.69370086        6.405685507 "MONITOR"                            0                  0     -0.00641626038       0.7683268791   -0.0004046058538      0.02649582952
 "BPM.30L1.B2"              1739.862728        31.97585223       0.4618725679        561.6616934       -8.137286879        4.294722925        4.325413768        1.118497678      0.02348478951     -0.01418060815    0.0003958289079   -0.0004457962443    5.336741177e-06       -12.66863562        -18.4836807                 -0                 -0                 -0                 -0                 -0        160.0913019         420.656903        8.484954906        8.252715174       -1.208094262       -3.264270196 "MONITOR"                            0                  0      0.05314437436       0.7580226764    0.0007460190305      0.01328851061
 "BPM.29L1.B2"              1793.314212        179.9336151       -2.509497995         83.0642218        2.678300807        4.430778182        4.362400114        2.220620433      0.01150636817      0.03058293422   -0.0002578770117   -4.022912325e-05    6.075980438e-06        23.86065721       -8.872800291                 -0                 -0                 -0                 -0                 -0        162.5668621        512.0829868        8.760576071        8.325368205         12.3130137        1.206426284 "MONITOR"                            0                  0     0.009265926375      -0.1225041266   -0.0005597443565      0.02253324654
 "BPM.28L1.B2"              1846.765696        35.11066259        0.592978247        63.73372425       -0.412604743        4.538365061        4.506522001        1.112195924      0.01268858051     -0.01546268592    3.750009023e-05     0.000363803646    1.483671171e-05        27.56003636       -9.398091397                 -0                 -0                 -0                 -0                 -0        164.1235495        511.9076746        8.976821051        8.613305656        1.141916405        63.99146649 "MONITOR"                            0                  0       0.0173467211       0.1456684188    0.0002328771312      0.01003896598
 "BPM.27L1.B2"               1900.21718        164.1789046        -2.21237178        38.85113183      -0.7593194538        4.674301475        4.762211135         2.13560859    -0.002591034134      0.02911308586   -0.0003036763632     0.001302479434    3.390153803e-06        66.60113204        2.209017961                 -0                 -0                 -0                 -0                 -0        162.8195609        509.0456673        9.248799949        9.124718052       -13.96808856         8.81300711 "MONITOR"                            0                  0    -0.006315883942       0.7533129376    -0.000412457906      0.02700306715
 "BPM.26L1.B2"              1953.668665        31.51683647       0.4590465404        563.1484202       -8.196861799        4.795729203        4.825481706        1.060509304     -0.02355844691     -0.01475707157   -0.0003974183891    0.0004430401841    -5.36347532e-06        9.109633636        18.43401423                 -0                 -0                 -0                 -0                 -0        186.2664403        496.6571596        9.489572018        9.250453922         -0.1610013       -3.219416514 "MONITOR"                            0                  0      0.05350679619       0.7429658071    0.0007560298071      0.01312018766
 "BPM.25L1.B2"              2007.120149        180.2712512       -2.529648373        82.27916542        2.680012294        4.933030868        4.862578023        2.056200456     -0.01142710965      0.02850294821    0.0002610829167    3.057232478e-05    -6.06584084e-06       -44.16727075        8.963848564                 -0                 -0                 -0                 -0                 -0        188.7644965        582.8334208        9.766796875        9.323869134        15.18562444        1.674918695 "MONITOR"                            0                  0     0.009420903886      -0.1382192361   -0.0005722880717      0.02334095345
 "BPM.24L1.B2"              2060.571633        35.65798143       0.6005798458         62.2365197      -0.4189253275        5.039518689        5.010150368         1.06689302     -0.01233015324     -0.01301505163   -3.217514201e-05   -0.0003669679115   -1.476742775e-05       -33.73666996        9.733442338                 -0                 -0                 -0                 -0                 -0        182.0373259        580.1330951        9.981816973        9.619199421        2.412361917        74.24557884 "MONITOR"                            0                  0      0.01726336122       0.1596084519    0.0002361197824      0.01033909531
 "BPM.23L1.B2"              2114.023117         163.949259       -2.193590093        39.75724572      -0.7575334207        5.174158133        5.262870028        2.167951172     0.002711895611      0.03047415411    0.0002986838632    -0.001301977846   -3.380376879e-06       -66.98943709       -2.082937388                 -0                 -0                 -0                 -0                 -0        180.7479284        577.3357209        10.25122049        10.12469873       -13.87648405        10.40862492 "MONITOR"                            0                  0    -0.006404838953       0.7674958674   -0.0004047530962      0.02650788942
 "BPM.22L1.B2"              2167.474601        31.97430132       0.4618943413        561.6717042       -8.137605901        5.294723212        5.325413381        1.134340487      0.02352352752      -0.0139647479     0.000394586635   -0.0004457923749     5.33667557e-06       -16.03527178       -18.35157798                 -0                 -0                 -0                 -0                 -0        204.5504211        564.7935073        10.49016212        10.24900869        1.353342631       -3.229447654 "MONITOR"                            0                  0      0.05312757809       0.7575330537      0.00074590378      0.01328423621
 "BPM.21L1.B2"              2220.926085        179.9269564       -2.509459286        83.07200671        2.678404688        5.430786292        5.362397627        2.270735901      0.01143039798      0.03124733916   -0.0002600720507    -4.02056044e-05    6.076003001e-06        23.33291204        -9.14158365                 -0                 -0                 -0                 -0                 -0        207.1532219        657.8205955        10.76504276        10.32246182        18.17386877         2.08856756 "MONITOR"                            0                  0     0.009267190289      -0.1226114497   -0.0005596265273      0.02253538467
 "BPM.20L1.B2"              2274.377569        35.11308478       0.5929646188        63.74084307      -0.4125258158        5.538371207        5.506498572        1.127762861       0.0123972828     -0.01618051775    3.338231368e-05    0.0003638140433    1.483682233e-05        27.44199219       -10.45171558                 -0                 -0                 -0                 -0                 -0        199.5745894        654.8463117         10.9821212         10.6108767        4.122576667        82.17928334 "MONITOR"                            0                  0      0.01734518287       0.1455725593     0.000232865522      0.01003820267
 "BPM.19L1.B2"              2327.829053        164.1862248       -2.212394619        38.84715136       -0.759374351        5.674297248        5.762208216        2.131678386    -0.002694237449      0.02876733747     -0.00029974133     0.001302488266    3.390194951e-06        66.50998024         1.82909686                 -0                 -0                 -0                 -0                 -0        198.2721706        651.9612508        11.25408245        11.12230574       -13.69003209        12.71184939 "MONITOR"                            0                  0    -0.006315805207       0.7533046292   -0.0004124759392      0.02700574347
 "BPM.18L1.B2"              2381.280537        31.51450998       0.4590606041        563.1613789       -8.197216513        5.795727201        5.825481441        1.044710107     -0.02357991792     -0.01497221013   -0.0003960196005    0.0004430362823   -5.363460381e-06        9.192235554        18.33326466                 -0                 -0                 -0                 -0                 -0        221.5723447        639.6271818        11.49463758          11.248183        3.305200225       -3.226754104 "MONITOR"                            0                  0      0.05350957755       0.7429605865    0.0007560846464      0.01312010707
 "BPM.17L1.B2"              2434.732021        180.2647557       -2.529637546        82.28701585        2.680129548        5.933039076        5.862575522        2.006131456     -0.01135076292      0.02783848477    0.0002629351934    3.054866877e-05   -6.065868089e-06       -43.88414211        9.231971561                 -0                 -0                 -0                 -0                 -0        224.1395527        724.2929071        11.77135509        11.32201755        21.02020257        2.556502043 "MONITOR"                            0                  0      0.00942284509      -0.1383245783   -0.0005723149615      0.02334244573
 "BPM.16L1.B2"              2488.183506        35.66047559       0.6005682454        62.24312922      -0.4188394893        6.039524763        6.010126482         1.05132222     -0.01204157619     -0.01229819766   -2.808768791e-05   -0.0003669783628   -1.476753889e-05       -33.61120177        10.77548311                 -0                 -0                 -0                 -0                 -0        217.6827588        721.6461154         11.9861485        11.61725424        5.346650064        92.64627245 "MONITOR"                            0                  0      0.01726180922        0.159512574    0.0002361081873      0.01033833865
 "BPM.15L1.B2"               2541.63499        163.9565968        -2.19361236        39.75320423      -0.7575902739        6.174153901        6.262867164        2.171835341       0.0028142995      0.03081913837    0.0002947881932    -0.001301986691   -3.380418545e-06       -66.87959125       -1.705824733                 -0                 -0                 -0                 -0                 -0        216.4005527        718.8676752        12.25554799        12.12277865       -13.62234846         14.1995384 "MONITOR"                            0                  0    -0.006404761852       0.7674878342   -0.0004047708135      0.02651055278
 "BPM.14L1.B2"              2595.086474        31.97196079       0.4619094315        561.6845391       -8.137958361        6.294721121        6.325413115        1.150164373      0.02354446824     -0.01374813751     0.000393190352   -0.0004458265782    5.336659837e-06       -16.11298706       -18.24984201                 -0                 -0                 -0                 -0                 -0        240.1841986        706.3432235        12.49438789        12.24721319        4.771156795       -3.239422075 "MONITOR"                            0                  0      0.05313034127       0.7575284891    0.0007459581629      0.01328416872
 "BPM.13L1.B2"              2648.537958        179.9200361       -2.509442013        83.08002423        2.678521558        6.430794414        6.362395115        2.320848934      0.01135294092      0.03191202654   -0.0002619369976    -4.03180289e-05    6.076031615e-06        23.05887479        -9.41276359                 -0                 -0                 -0                 -0                 -0        242.8987491        800.9259288        12.76889056        12.32096318        24.03546137        2.968317707 "MONITOR"                            0                  0     0.009269129636      -0.1227161479   -0.0005596526601      0.02253683475
 "BPM.12L1.B2"              2701.989442        36.48641165       0.6064564345        62.70306018      -0.4095501851        6.535991083        6.508136339        1.168867269      0.01197329231     -0.01642194602    2.673893329e-05   -2.118361103e-06    1.476455083e-05        27.52899153       -11.39446258                 -0                 -0                 -0                 -0                 -0        235.1053243        797.8588231        12.98104335        12.61262075        7.666822725        101.3750132 "MONITOR"                            0                  0      0.01707520822       0.1610733194    0.0002273360294      0.01035587678
 "BPM.11L1.B2"              2755.440926        166.1726699       -2.199175527        39.50804132      -0.7796691156        6.667459486        6.765114556         2.22949064    -0.002993733609      0.02987048402   -0.0002968190967   -5.345013012e-06    3.202670154e-06        67.43332632        1.625808097                 -0                 -0                 -0                 -0                 -0        233.7552995        794.9111294        13.24392621        13.12658318       -13.40932108        14.96480394 "MONITOR"                            0                  0    -0.007022347459       0.7990347311   -0.0004106636581      0.02677048316
 "BPM.10L1.B2"              2808.223615        37.26314933       0.5270920035        542.7749828       -7.898126727        6.776065073        6.827555996        1.002001384     -0.02353995292     -0.01891604454    -0.000394019541   -1.599535168e-06   -5.855110181e-06        14.06575921        18.26510586                 -0                 -0                 -0                 -0                 -0        257.0690956        781.4687449         13.4599027        13.25089084        1.886503493       -3.232981231 "MONITOR"                            0                  0      0.04905450345       0.9800607321    0.0006842101893      0.01652958877
 "BPM.9L1.B2"               2847.290605         125.835337       -1.972194501        151.5884312        4.070687955        6.881940107        6.847557343         1.41281825     -0.01419320663      0.01870091161    0.0002947628914    7.094816548e-09   -6.063746452e-06       -19.62344912        11.42941279                 -0                 -0                 -0                 -0                 -0        258.2586597        777.4231671        13.67122058        13.29072204        24.95341287        -1.22929071 "MONITOR"                            0                  0     0.009578692505       0.1747218437   -0.0004525539878      0.00639044765
 "BPM.8L1.B2"               2887.755594        16.26842727       0.4054910777        233.5511408       -1.880382311         7.02457337         6.88671914       0.3602266129     -0.02103687025     -0.02504199193    -0.000218551595    1.341333323e-06   -1.434752254e-05       -21.73892747        17.84472452                 -0                 -0                 -0                 -0                 -0        259.4706165        777.2860068        13.95780261        13.36915846        12.07437985        13.23276927 "MONITOR"                            0                  0        0.028267324      -0.3275873669    0.0003922198618    0.0004173383276
 "BPM.7L1.B2"               2926.823584        142.3128859       -3.193613649        5.296885967      -0.2280789533        7.202493424         7.15166094     -0.06421734241    -0.001436087463     -0.00404277163    0.0005647131168    4.580255634e-06   -3.729942564e-06       -50.92935381        1.643073164                 -0                 -0                 -0                 -0                 -0        258.0837148        771.1773652        14.31524255        13.89971061       -12.41306328        94.15484959 "MONITOR"                            0                  0     0.001735979116       0.0326122025    -0.001217050326      0.05794557975
 "BPMSX.7L1.B2"             2957.502084        19.26691822        1.205417991         332.846964       -10.63483568        7.282984281        7.318312977     -0.08666569611      0.01708150915   -0.0001691642765    0.0006151056271    1.085165957e-06    2.522990075e-06        -8.33151003        -13.0818976                 -0                 -0                 -0                 -0                 -0        254.9689413        761.5460673        14.47635129        14.23324777        3.161996659        -3.04853904 "MONITOR"                            0                  0      0.07129634399       0.4764012045     0.002321686176      0.01748108008
 "BPMR.6L1.B2"              2970.007584         9.10324856      -0.3984869671        646.6530522       -13.92308791        7.481179284        7.322588943     -0.08920890816      0.02466208632   -0.0003059749406    0.0005797867784   -7.508693689e-07    4.848376579e-06        13.55467817       -19.07355574                 -0                 -0                 -0                 -0                 -0        253.3784579        757.4037645        14.87277033        14.24187349        20.49500684       -3.306572658 "MONITOR"                            0                  0       0.1002609339      -0.5580429971     0.002183847258     -0.01075591079
 "BPMSA.A6L1.B2"            2977.035084        20.99050929       -1.293047822        857.2231888        -16.0406455        7.566057599        7.324091202     -0.09135811269      0.02873526626   -0.0003059749406    0.0005797867784   -1.785229885e-06     6.12001745e-06         25.9227503       -22.29618871                 -0                 -0                 -0                 -0                 -0        252.4839842        755.2952764        15.04253131        14.24491918       0.6623793679       -3.355220917 "MONITOR"                            0                  0       0.1156079205       -1.446064822     0.002183847258      -0.0261028974
 "BPM.5L1.B2"               3001.907584        159.7514295        -3.70803842        1893.828423       -32.31237162        7.635771202        7.327237301     -0.09761184725      0.04375769399    0.0001525675726    0.0007745138353    8.288298701e-05    1.076785328e-05        68.76646432       -34.17591924                 -0                 -0                 -0                 -0                 -0        249.4297102        747.0830032        15.18200039        14.25136593       -12.33992565       -3.386247267 "MONITOR"                            0                  0        0.144867888       -6.325962969     0.002485648447      -0.1075727495
 "BPMYA.4L1.B2"             3023.025584        357.5397043       -5.657823628        3504.677578        -43.9661185        7.649852905         7.32854192     -0.09468599454      0.06010905567    0.0001525675726    0.0007745138353     0.000378951627    1.558933326e-05        99.58589046       -47.07411722                 -0                 -0                 -0                 -0                 -0        247.4896891        735.4587477        15.21028872        14.25415274       -13.51509683       -3.370852632 "MONITOR"                            0                  0       0.1973598119        -12.7655288     0.002485648447      -0.1600646734
 "BPMWB.4L1.B2"             3044.082084        787.3549455       -12.76750204        4373.401751       -17.77976704        7.656283677        7.329382725      -0.0981583701      0.06756636805    0.0005446911374    0.0002929228824     0.001116967427    1.809156829e-05        145.1705603       -52.99446274                 -0                 -0                 -0                 -0                 -0        243.4304487        732.7915333        15.22313762         14.2558996       -13.84981205       -3.352194409 "MONITOR"                            0                  0       0.3366740872       -21.03522766     0.001376700097     -0.08559885689
 "BPMSY.4L1.B2"             3136.998084        4958.332032       -32.12226668         8303.45441         -24.516689        7.663770847        7.331836804     -0.06710166524      0.09477396103   -0.0005843599957    0.0002929171987     0.005166084053    2.764704421e-05        355.8766579       -74.64775487                 -0                 -0                 -0                 -0                 -0        224.0775734         726.129522          15.237941        14.26102767       -14.07404745       -3.259630941 "MONITOR"                            0                  0       0.4645912127       -72.15665799     0.001376672247      -0.2135119709
 "BPMS.2L1.B2"              3163.723584        1408.520945       -21.50764278        12995.78589        833.6987762        7.665493394         7.33217755     -0.03642651037       0.1188559896   -0.0006559812633     -0.00761334811     0.002882711307    3.505920882e-05        188.5489244        -93.6642798                 -0                 -0                 -0                 -0                 -0        131.0924479        359.1725957        15.23195927        14.27375636         -14.103175       -3.242220215 "MONITOR"                            0                  0       0.7261286218       -48.01400301     -0.04657576801         3.07993554
 "BPMWF.A1L1.B2"            3173.486584        1137.193189        52.27337221        3958.677382        181.7872417        7.666584446         7.33241976     -0.03328755675      0.06574126791     0.001436879568     -0.00299679595     0.002597920102    1.953473439e-05        168.7687593       -51.70447023                 -0                 -0                 -0                 -0                 -0        123.5274578        80.48811099        15.23285312        14.36342721       -14.11946898       -3.229646406 "MONITOR"                            0                  0       -1.097488872       -23.77929104      0.05038470539        1.091557574
 "BPMSW.1L1.B2"             3173.673584        1117.727004        51.82387469         3890.98088        180.2261391        7.666610844        7.332427343     -0.03299654108      0.06518102908     0.001436879568     -0.00299679595     0.002575600956     1.93727249e-05        167.3021517       -51.26119016                 -0                 -0                 -0                 -0                 -0        123.0827646        79.30222191        15.23282136         14.3654648       -14.11984572       -3.229254931 "MONITOR"                            0                  0       -1.088066932       -23.37170125      0.05038470539        1.082135634
 "BPMSW.1L1.B2_DOROS"         3173.673584        1117.727004        51.82387469         3890.98088        180.2261391        7.666610844        7.332427343     -0.03299654108      0.06518102908     0.001436879568     -0.00299679595     0.002575600956     1.93727249e-05        167.3021517       -51.26119016                 -0                 -0                 -0                 -0                 -0        123.0827646        79.30222191        15.23282136         14.3654648       -14.11984572       -3.229254931 "MONITOR"                            0                  0       -1.088066932       -23.37170125      0.05038470539        1.082135634
 "BPMSW.1R1.B2"             3216.816584        1120.159242       -51.88025087        3878.539113       -179.9377548        8.160472795        7.830659776      0.03414404309      -0.0640723611     0.001436879568     -0.00299679595    -0.002573676816   -1.800468562e-05       -171.0606868        51.00850022                 -0                 -0                 -0                 -0                 -0        25.47793335        304.7100556        16.11926609        14.72096064       -14.01571529       -3.322858151 "MONITOR"                            0                  0        1.085680413       -23.52463365      0.05038470539        -1.09161171
 "BPMSW.1R1.B2_DOROS"         3216.816584        1120.159242       -51.88025087        3878.539113       -179.9377548        8.160472795        7.830659776      0.03414404309      -0.0640723611     0.001436879568     -0.00299679595    -0.002573676816   -1.800468562e-05       -171.0606868        51.00850022                 -0                 -0                 -0                 -0                 -0        25.47793335        304.7100556        16.11926609        14.72096064       -14.01571529       -3.322858151 "MONITOR"                            0                  0        1.085680413       -23.52463365      0.05038470539        -1.09161171
 "BPMWF.A1R1.B2"            3216.949584        1134.001908       -52.19994697        3926.550226       -181.0480577        8.160491576          7.8306652      0.03435102215     -0.06447081973     0.001436879568     -0.00299679595    -0.002589550861   -1.811991163e-05        -172.103782        51.32377428                 -0                 -0                 -0                 -0                 -0        25.25231476        305.8041473        16.11788248        14.72107002       -14.01608425       -3.322563696 "MONITOR"                            0                  0        1.092381579       -23.81510475      0.05038470539       -1.098312876
 "BPMS.2R1.B2"              3226.781584        3744.959729       -240.2092682        4893.839125        74.76712364        8.161341583        7.830981989      0.06312223457     -0.07218387574     0.003863029224      0.00108110964    -0.004699555512    -2.04984025e-05       -311.8917203        57.31178378                 -0                 -0                 -0                 -0                 -0        69.86788661        332.5450769        15.79024298        14.72393185       -14.03237707       -3.305496157 "MONITOR"                            0                  0        3.093823945       -48.27163359     -0.04723752375       0.7370725554
 "BPMSY.4R1.B2"             3253.627084        2389.944638        7.087558749        17194.57932        111.5550577        8.162532321        7.831478954      0.04299522864      -0.1359113263    -0.000529850712    0.0008694669584    -0.003532896639   -3.921472473e-05       -248.0685207        107.4869839                 -0                 -0                 -0                 -0                 -0        174.8547551        655.4878277        15.76835452        14.73715385        -14.0556552       -3.279391484 "MONITOR"                            0                  0       -0.219876465       -72.19006124     0.001427858694       0.4681579885
 "BPMWB.4R1.B2"             3346.423084        1259.147587        5.098281538        2723.550437        44.38868658        8.171050063         7.83363719      0.08065732656     -0.05524989176    0.0005992004189    0.0008694747368   -0.0009608053403   -1.697372526e-05       -174.1821188        42.47748387                 -0                 -0                 -0                 -0                 -0        176.8172996        722.3590846        15.78568438        14.74292782       -14.31754678       -3.189884822 "MONITOR"                            0                  0     -0.08737588563       -20.63841222     0.001427871219       0.3356613967
 "BPMYA.4R1.B2"             3367.479584        1010.115069        12.63418376        1228.445434        19.79067371        8.173969023        7.835502093      0.07504329541     -0.03777237532    -0.001134778106    0.0005626219256   -0.0005295269009   -1.219096314e-05       -154.0876903        28.34963471                 -0                 -0                 -0                 -0                 -0        177.5947357        736.4076343        15.79154888        14.74693672       -14.44470572       -3.148644023 "MONITOR"                            0                  0      -0.1577085648       -12.37524586     0.002538974052       0.1983414478
 "BPMR.5R1.B2"              3394.887584          455.88389        5.447455225         367.051697        13.36104284        8.180509633        7.841888826      0.04460183078     -0.02187111825   -0.0008345275505    0.0007143536578   -0.0002337345301   -8.138080132e-06       -100.4738067        15.15346011                 -0                 -0                 -0                 -0                 -0        181.6267428        745.6354039        15.80429073        14.75993824       -14.80017656       -3.258308757 "MONITOR"                            0                  0     -0.05634380795       -4.519365054     0.002065364014       0.1631741131
 "BPM.6R1.B2"               3426.787584         174.971017        3.571695356        12.34737496       -2.250733957        8.198446719        8.262952547      0.01763995306     0.000901870465   -0.0008660206529     0.000712281537    5.138675625e-06   -1.880414595e-06       -56.55505138       -3.221586269                 -0                 -0                 -0                 -0                 -0        183.8084072        761.1822152        15.84019816        15.60235066       -16.25420751       -27.39652716 "MONITOR"                            0                  0      0.01018655542       0.3795686723     0.002230779742      0.09689410394
 "BPMRA.7R1.B2"             3454.511584        37.36002548        1.391909878        514.7404062       -15.87049787        8.254151557        8.319480641     -0.00636633247      0.02064382113   -0.0008660206529     0.000712281537     1.86763177e-06    3.462244794e-06       -16.02505634       -19.24702748                 -0                 -0                 -0                 -0                 -0        185.9877079         774.745876        15.95157144        15.71566244       -24.33350914       -4.581115057 "MONITOR"                            0                  0      0.07203269299        1.068826429     0.002230779742      0.03504796637
 "BPM.8R1.B2"               3495.948594        117.6914804       -2.030597108        31.93506646        2.928769701        8.389225479        8.361783679       0.1021887071      0.00751471091     0.008785041282    -0.000437772885   -2.176154657e-07    3.727128914e-06        24.09292241       -4.067219625                 -0                 -0                 -0                 -0                 -0        185.1222014        785.5047394        16.22272237        15.80098827       -43.42987757         -6.3807135 "MONITOR"                            0                  0     0.003782727888        0.113056598   -0.0008059351616      0.01299771072
 "BPM.9R1.B2"               3535.013605        19.94110726       0.4560988114        138.2746173       -4.739246861        8.517460194        8.748712522       0.4390731967   -0.0009631921992      0.01421442646   -0.0001981972872    -1.43052783e-06    8.244560918e-06         24.2127501        10.90593705                 -0                 -0                 -0                 -0                 -0        183.7251489        791.0813309        16.47787106        15.57568265       -31.11340917       -37.44454979 "MONITOR"                            0                  0      0.00773536422       0.6384995225     2.73870837e-05      0.02039589701
 "BPM.10R1.B2"              3575.476615         146.642465       -3.063690475        106.3595688       0.7219028541        8.679305656        8.795564359        1.906447911    -0.006613683297      0.04439144304   -0.0001329953836   -4.921914472e-06    1.454994169e-06        55.26939603        9.226918216                 -0                 -0                 -0                 -0                 -0        185.0714249        791.0879934        16.79957903         15.6694951       -15.28958811       -11.26915593 "MONITOR"                            0                  0     -0.02173930965        1.284480838   -4.579777577e-05    -0.003746974419
 "BPM.11R1.B2"              3628.257326        34.34506067       0.4586606032        609.7558805       -7.365270586        8.796445648        8.832189746        1.205585657     -0.02574106441     -0.01288315912   -0.0003774394532   -1.272470358e-06   -7.597799857e-06        8.427723573        20.13883819                 -0                 -0                 -0                 -0                 -0        186.6025303          795.34709        17.03446428        15.74254432       -32.64416503       -3.469514316 "MONITOR"                            0                  0      0.05276718372        0.859244547    0.0006131265207      0.01264249301
 "BPM.12R1.B2"              3682.980842        175.0140015       -2.304691115        86.74579836        2.739783345        8.929789695        8.868385314        2.372840471     -0.01284530964        0.031115484    0.0002624175928    1.673620685e-06   -6.848785776e-06       -35.41869529        6.648383449                 -0                 -0                 -0                 -0                 -0        182.7244811        703.2946538        17.29832255        15.81465155       -43.95825108       -7.969178446 "MONITOR"                            0                  0     0.008515309839     -0.05481634446   -0.0005144033675      0.01986225482
 "BPM.13R1.B2"              3736.429358        35.05336611        0.562905154        62.64307049      -0.3641115694        9.039343788        9.009779956        1.180642194     -0.01509156812     -0.01723766343   -5.913575597e-05   -0.0004437972475   -1.480507505e-05       -28.78999177        0.301368276                 -0                 -0                 -0                 -0                 -0        189.8895504        706.6388286        17.51407032        16.09725467       -28.15342129       -92.03001747 "MONITOR"                            0                  0      0.01729120079       0.1592242639    0.0002116775763      0.01009987052
 "BPM.14R1.B2"              3789.877874        163.9096764       -2.209066786        39.55162326      -0.7563468196        9.175428666        9.262912195         2.14151329     0.001676864114      0.02797432202    0.0003347503952    -0.001566387191   -3.368489426e-06       -58.58076126       -5.586151125                 -0                 -0                 -0                 -0                 -0        191.1548683        709.5884392        17.78595449        16.60357511       -14.92623654       -25.52095666 "MONITOR"                            0                  0    -0.006369791255       0.7616828622   -0.0004074335933      0.02658398282
 "BPM.15R1.B2"               3843.32639        32.65627533       0.4698997058        560.1713382         -8.1204783        9.294450709        9.325703515        1.022187797      0.02311432351     -0.01551404574    0.0004050006914   -0.0005398051727    5.413374305e-06        -16.0907779       -19.56942639                 -0                 -0                 -0                 -0                 -0        166.4725034        722.1990639        18.03217979        16.73021955       -30.36968133       -3.875481709 "MONITOR"                            0                  0      0.05268339998       0.7691565861    0.0007400881657      0.01347814271
 "BPM.16R1.B2"              3896.774906        179.7287723       -2.485602029        83.15832078        2.673212994        9.428691344        9.362717287        1.914382258      0.01210583695      0.02651627989   -0.0002392525091   -6.094902127e-05    6.112830383e-06        12.18033804        -6.77448639                 -0                 -0                 -0                 -0                 -0        163.5692872        650.0886473        18.29876417        16.80263082        -40.6314781       -6.223928036 "MONITOR"                            0                  0     0.008975502332      -0.1016488305   -0.0005491595927      0.02185936551
 "BPM.17R1.B2"              3950.223421        34.39319404       0.5841371587        64.21761478       -0.412701716        9.537674316        9.505950597        1.016844683      0.01519821038     -0.01107959056    7.419492762e-05    0.0004333631134    1.487526082e-05        21.17918787      -0.8763750106                 -0                 -0                 -0                 -0                 -0        169.1202563        652.6676358        18.51349466        17.08904261       -26.62079621       -83.03843546 "MONITOR"                            0                  0      0.01755570156       0.1464839965    0.0002318072467     0.009930027812
 "BPM.18R1.B2"              4003.671937        164.1490946       -2.232961335        38.56295857      -0.7574029552        9.675528323        9.762181948        2.158765575    -0.001643271705      0.03121886888   -0.0003365112706     0.001566511144    3.379697574e-06        57.74157539        5.367821677                 -0                 -0                 -0                 -0                 -0         170.314142          655.40365        18.78867777        17.60153701       -14.85651518       -24.39729709 "MONITOR"                            0                  0     -0.00629761411       0.7469730444   -0.0004162095985      0.02708696692
 "BPM.19R1.B2"              4057.120453        32.02375951       0.4657612286        562.1576173       -8.192018234        9.795736221        9.825765555        1.153995457     -0.02317411844     -0.01349253048   -0.0004067780098    0.0005354375549   -5.440911601e-06        8.338560167        19.55320165                 -0                 -0                 -0                 -0                 -0        145.4320153        668.0192022        19.03907306        17.72986061       -28.74734301       -3.901472621 "MONITOR"                            0                  0      0.05319527095       0.7504726974    0.0007525277217      0.01325745071
 "BPM.20R1.B2"              4110.568969         179.980587       -2.509809861        82.42763834         2.67759295        9.931709211        9.862858243        2.352247206     -0.01202356074       0.0324309317    0.0002422682729    4.558497059e-05   -6.100687633e-06       -36.58058378        6.865316407                 -0                 -0                 -0                 -0                 -0        142.1659378        584.2329988        19.30852377        17.80184852       -37.04905435       -5.901807441 "MONITOR"                            0                  0     0.009233181148      -0.1244295237   -0.0005648976435      0.02287511811
 "BPM.21R1.B2"              4164.017485        35.10374781       0.5932507485        62.63908079       -0.417858141        10.03928487        10.00954876        1.159052457     -0.01483262549     -0.01725495019   -6.876916901e-05   -0.0004384396422   -1.479800549e-05       -28.91413882        1.193573364                 -0                 -0                 -0                 -0                 -0        149.2050793        587.3879247        19.51887562        18.09510751       -24.48096945       -76.61832039 "MONITOR"                            0                  0      0.01740592574       0.1586776584     0.000235438896      0.01024286371
 "BPM.22R1.B2"              4217.466001        163.9241507       -2.209103145        39.50384309      -0.7564873809        10.17534612        10.26284622        2.145103953     0.001762751409      0.02843222529    0.0003313413783    -0.001565908355   -3.371355978e-06       -59.08474988       -5.259069055                 -0                 -0                 -0                 -0                 -0        150.4501388        590.3046175        19.79057438        18.60177341       -14.56236362        -22.2515232 "MONITOR"                            0                  0    -0.006368189683       0.7613931872   -0.0004076876905      0.02660366845
 "BPM.23R1.B2"              4270.914517        32.65130426       0.4699282063         560.113976       -8.121247903        10.29437288          10.325681        1.043737662      0.02312364077     -0.01518488212    0.0004036743292   -0.0005399952924    5.406592432e-06       -16.33743101        -19.4684565                 -0                 -0                 -0                 -0                 -0        126.0809371        602.8773251        20.04036984        18.72875356       -26.61787739       -3.910746707 "MONITOR"                            0                  0      0.05268505936       0.7695391644    0.0007402275068      0.01348498507
 "BPM.24R1.B2"              4324.363033        179.7139217       -2.485559286        83.21105171        2.673415353         10.4286345        10.36268476        1.984575673      0.01203577895      0.02745808396    -0.000240746173   -6.161638099e-05    6.111341878e-06        12.03386978       -7.003215727                 -0                 -0                 -0                 -0                 -0        123.0302928        528.9941888        20.30645442        18.80050866       -33.80124665       -5.567153759 "MONITOR"                            0                  0     0.008976677447      -0.1015170521   -0.0005489640045      0.02184541628
 "BPM.25R1.B2"              4377.811549        34.39819769       0.5841079743        64.30176038       -0.412287296        10.53761339        10.50572344        1.039189932      0.01494600061     -0.01207500414    7.068200847e-05     0.000433137841    1.487792212e-05        21.26749866       -1.781850776                 -0                 -0                 -0                 -0                 -0        128.6929102        531.6715148        20.51969795         19.0865133       -22.87261248       -67.77153146 "MONITOR"                            0                  0      0.01755577068       0.1459575838    0.0002317282393     0.009921965347
 "BPM.26R1.B2"              4431.260065        164.1637162       -2.232998273        38.51556718      -0.7575263883        10.67544544        10.76211466        2.155130126    -0.001730197346      0.03076023174   -0.0003330591264     0.001566501413    3.382549997e-06        58.21154868        5.037244526                 -0                 -0                 -0                 -0                 -0        129.8737758        534.4313505        20.79464309        19.59935822       -14.45845145       -21.01340331 "MONITOR"                            0                  0    -0.006295919304       0.7466813452   -0.0004164692896       0.0271068866
 "BPM.27R1.B2"               4484.70858        32.01875127       0.4657870429        562.1007692        -8.19280676        10.79565839          10.825743        1.132489438     -0.02318442253     -0.01381986536   -0.0004054537177    0.0005356275107    -5.43410886e-06        8.574092807        19.45205858                 -0                 -0                 -0                 -0                 -0        105.6069312        546.9651411        21.05020124        19.72806998        -24.9252271       -3.932630741 "MONITOR"                            0                  0      0.05319708501       0.7508537787    0.0007526704921      0.01326427602
 "BPM.28R1.B2"              4538.157096        179.9670356       -2.509789523        82.47949728        2.677802276        10.93165257        10.86282571        2.282116939     -0.01195503822      0.03148929746    0.0002437498608    4.625262009e-05   -6.099196057e-06       -36.45167147        7.089616597                 -0                 -0                 -0                 -0                 -0        102.2534606        465.1689171        21.31921778        19.79923069       -30.24712182       -5.248296211 "MONITOR"                            0                  0      0.00923448384      -0.1243089153   -0.0005647021593      0.02286112083
 "BPM.29R1.B2"              4591.605612        35.10886016       0.5932277294        62.71763265      -0.4173801772        11.03922374        11.00931911        1.136695304     -0.01458381035     -0.01626102506   -6.529156491e-05   -0.0004382139643   -1.480069209e-05       -28.97647624        2.084981299                 -0                 -0                 -0                 -0                 -0         108.760823        468.2391459        21.52730146        20.09209423       -20.80665271       -61.24867727 "MONITOR"                            0                  0       0.0174055249       0.1581448437    0.0002353542754      0.01023471938
 "BPM.30R1.B2"              4645.054128        163.9386474       -2.209139167        39.45608583      -0.7566262723        11.17526358        11.26278016        2.148658989     0.001848583669      0.02888961716    0.0003279361525    -0.001565897902   -3.374221646e-06       -59.44502816       -4.932114835                 -0                 -0                 -0                 -0                 -0        109.9740174        471.1229076        21.79867799        20.59911487       -14.19894167       -18.97220658 "MONITOR"                            0                  0    -0.006366576622       0.7611030178   -0.0004079418287      0.02662335957
 "BPM.31R1.B2"              4698.502644        31.99656846       0.4630208634        561.9904161       -8.155348505        11.29571228        11.32557682         1.05246483      0.02317336307     -0.01511765364    0.0004031766089   -0.0005355098887    5.385494103e-06       -7.406447646       -19.43011948                 -0                 -0                 -0                 -0                 -0          111.68129        477.2390929        22.04068609        20.72450322       -24.94720105       -3.839816907 "MONITOR"                            0                  0      0.05317984326       0.7512846756    0.0007481950097      0.01322104993
 "BPM.32R1.B2"               4751.95116        179.7289918       -2.506187481        83.70323968        2.684917308         11.4317992        11.36240675         2.00924451      0.01199277778      0.02776919057   -0.0002425483948   -4.565813078e-05    6.100008299e-06        44.27457536       -7.271713423                 -0                 -0                 -0                 -0                 -0        108.6504942        402.6543221        22.31024934        20.79436506       -31.25268156       -4.547681262 "MONITOR"                            0                  0     0.009402773755      -0.1305645952   -0.0005617275936      0.02274789592
 "BPM.33R1.B2"              4805.399676        35.09052276       0.5916762225        64.49003811      -0.4067856334        11.53948839        11.50456838        1.046029949      0.01474057029     -0.01244396317    6.757478574e-05    0.0004385774133    1.486316138e-05        32.35567865       -2.752746728                 -0                 -0                 -0                 -0                 -0        114.3598211        405.3928918        22.52007653        21.07862109       -21.57971209       -50.98103811 "MONITOR"                            0                  0      0.01735144445       0.1378621456    0.0002344994855     0.009962954111
 "BPM.34R1.B2"              4858.848192        164.3522133       -2.215229331        38.42592079      -0.7626936425        11.67537299        11.76204567        2.150353525    -0.001813075383      0.03055094377    -0.000330471575     0.001566916226    3.383659398e-06        59.38817715         4.70306214                 -0                 -0                 -0                 -0                 -0        115.5650688        408.1465005        22.79113328        21.59371014       -14.08668262       -17.63023779 "MONITOR"                            0                  0    -0.006204424402       0.7463385066   -0.0004148034312      0.02725395095
 "BPM.33L2.B2"              4912.296708        32.01770216       0.4658114317        562.0690693       -8.193691974        11.79558316        11.82572116        1.136648235     -0.02323371787      -0.0136222377    -0.000404931094    0.0005358263362    -5.42763527e-06        8.842635983        19.40830464                 -0                 -0                 -0                 -0                 -0        117.2381982        414.3353933        23.03271829        21.72087979       -25.03797676       -3.742638652 "MONITOR"                            0                  0      0.05319747749       0.7512693769    0.0007527644055      0.01327163911
 "BPM.32L2.B2"              4965.745224        179.9609523       -2.509742758        82.52464042        2.678054551        11.93158345         11.8627946         2.30337073     -0.01191151031      0.03181588689    0.0002455523566    4.696345415e-05   -6.097602106e-06       -35.85907211        7.354821371                 -0                 -0                 -0                 -0                 -0        114.1087228        332.7673214        23.30152922        21.78902768       -32.29338118       -3.904922921 "MONITOR"                            0                  0     0.009233307213      -0.1240428097   -0.0005645030571      0.02284653675
 "BPM.31L2.B2"               5019.19374        35.11063783       0.5932107601         62.7814082      -0.4169552969        12.03915361        12.00912452        1.145533914     -0.01436083844     -0.01652381333    -6.18363439e-05   -0.0004379707236   -1.480260459e-05       -25.98626054         3.07880773                 -0                 -0                 -0                 -0                 -0        112.3264696        332.7283117        23.51570561        22.08219269        -22.9624346       -42.76258394 "MONITOR"                            0                  0      0.01740114853       0.1581300272    0.0002351552846      0.01023563298
 "BPM.30L2.B2"              5072.642255        163.9451734       -2.209170498        39.41752646      -0.7567799681        12.17518519        12.26272428        2.154703418     0.001943000313      0.02884871717    0.0003252117438    -0.001565876538   -3.376718698e-06       -49.49591667       -4.577631279                 -0                 -0                 -0                 -0                 -0        113.5751976         335.598304        23.78722637        22.58962413       -15.31214198       -15.39935374 "MONITOR"                            0                  0    -0.006376972407       0.7617034599   -0.0004080490006      0.02663021723
 "BPM.29L2.B2"              5126.090771        32.64458958        0.469975608        560.0267109       -8.122907077        12.29421766        12.32563681        1.061164768      0.02320183216     -0.01505326486    0.0004019922029   -0.0005403841124     5.39340559e-06       -13.28929368       -19.28809006                 -0                 -0                 -0                 -0                 -0        88.97311136        347.8119566         24.0410786        22.71815797       -23.85217617       -3.707479348 "MONITOR"                            0                  0      0.05270635907       0.7708317837    0.0007406262133      0.01350348771
 "BPM.28L2.B2"              5179.539287        179.6921673       -2.485479082        83.30987206        2.673873417        12.42850846        12.36262115        2.033638055      0.01192446008      0.02807502972   -0.0002443923152   -6.299400416e-05    6.108264976e-06        11.61282626       -7.492943166                 -0                 -0                 -0                 -0                 -0        85.87958461        273.3958311         24.3060657        22.78475541       -28.98595013       -3.579452706 "MONITOR"                            0                  0      0.00897720269      -0.1011031681   -0.0005487059969      0.02181573254
 "BPM.27L2.B2"              5232.987803        34.40200099       0.5840307138        64.45714129      -0.4115170735        12.53748777        12.50530092        1.052705124      0.01445806717     -0.01281000365    6.343793039e-05    0.0004326698914     1.48826194e-05        20.60095624       -3.705281797                 -0                 -0                 -0                 -0                 -0        84.05452117        273.3021705        24.52283036        23.07070459       -21.77555433       -34.25846769 "MONITOR"                            0                  0      0.01755915656       0.1450434349    0.0002316040638     0.009907131695
 "BPM.26L2.B2"              5286.436319        164.1837106       -2.233138292        38.42860113      -0.7577693394        12.67529808         12.7619881        2.145320583    -0.001919966115      0.03033988547   -0.0003267815195     0.001566471262    3.387989756e-06        56.63246791        4.336901293                 -0                 -0                 -0                 -0                 -0        85.23027783        276.0395484        24.79733481        23.58437323       -16.50082598       -13.78509284 "MONITOR"                            0                  0     -0.00629237213       0.7461041477   -0.0004169796253      0.02714392226
 "BPM.25L2.B2"              5339.884835        32.01476659       0.4658585771        562.0042383       -8.194383641        12.79551122        12.82569828        1.115075076     -0.02327900835     -0.01394677561   -0.0004039169165    0.0005360163434   -5.420700226e-06        8.315768687        19.24368314                 -0                 -0                 -0                 -0                 -0        61.67369906        288.0559571        25.06470957        23.71516564       -22.86620705       -3.686114848 "MONITOR"                            0                  0      0.05319764518       0.7516231911    0.0007528929695      0.01327823742
 "BPM.24L2.B2"              5393.333351        179.9473753       -2.509656763        82.57621736        2.678228781        12.93152682         12.8627621        2.233240065       -0.011846093      0.03087541768    0.0002476798362    4.763106502e-05    -6.09609699e-06       -35.62936818        7.573679822                 -0                 -0                 -0                 -0                 -0        58.21576053        209.1466378        25.33255043         23.7778008       -25.49159978       -3.251471262 "MONITOR"                            0                  0     0.009234520648      -0.1239190193   -0.0005642886571      0.02283201319
 "BPM.23L2.B2"              5446.781867        35.11268304       0.5931564438        62.86250497      -0.4164940144        13.03909799        13.00889244        1.123219856     -0.01409853212     -0.01552910552   -5.807855585e-05   -0.0004377451122   -1.480543868e-05       -28.22877372          3.9966097                 -0                 -0                 -0                 -0                 -0        64.23610819        212.1748972        25.53471482        24.07010553       -19.79445792        -27.1975967 "MONITOR"                            0                  0       0.0174079875       0.1572182647    0.0002352188007       0.0102197175
 "BPM.22L2.B2"              5500.230383        163.9583232       -2.209277759        39.36854726        -0.75689724        13.17511691        13.26265596        2.158406037     0.002038070167      0.02930812807     0.000321707303    -0.001565866269   -3.379686113e-06       -57.80702352       -4.232911275                 -0                 -0                 -0                 -0                 -0        65.42100341        214.9768432        25.80540782        24.57813245       -16.26605863       -11.90413517 "MONITOR"                            0                  0    -0.006363192402       0.7605287496   -0.0004084412946      0.02665994181
 "BPM.21L2.B2"              5553.678899         32.6425124       0.4700309077        559.9584075       -8.123544436        13.29414816        13.32561384        1.082751502      0.02322754323     -0.01472565481    0.0004008132781   -0.0005405741657    5.386441437e-06       -16.29420047         -19.155475                 -0                 -0                 -0                 -0                 -0        43.08208732        226.7953282        26.08699392        24.70881191       -20.87684092       -3.701095753 "MONITOR"                            0                  0      0.05268694363       0.7706921756    0.0007405823079       0.0135057987
 "BPM.20L2.B2"              5607.127414        179.6781276       -2.485357846        83.36220127        2.674027142        13.42845162        13.36258867        2.103830268      0.01185606611      0.02901616664   -0.0002461845411   -6.366130163e-05     6.10675693e-06        10.93941693       -7.718396327                 -0                 -0                 -0                 -0                 -0        39.47996163        152.1497703        26.35139873        24.76444563       -22.15508495       -2.926818726 "MONITOR"                            0                  0     0.008977638749      -0.1009735744   -0.0005483552646      0.02180251658
 "BPM.19L2.B2"               5660.57593        34.40700303       0.5840014965        64.54208925      -0.4111149945        13.53742685        13.50507463        1.075066943      0.01420662429     -0.01380499231    5.993410101e-05    0.0004324443521    1.488526944e-05        20.51083644       -4.610692696                 -0                 -0                 -0                 -0                 -0        44.52142038         154.996165        26.54953966        25.04973063       -18.02273222       -19.11871303 "MONITOR"                            0                  0      0.01755927929       0.1445177871    0.0002315258517     0.009899072876
 "BPM.18L2.B2"              5714.024446        164.1983468        -2.23317554        38.38128272      -0.7578874323        13.67521522        13.76192058        2.141748985    -0.002006709518      0.02988215812    -0.000323341406     0.001566460512    3.390839549e-06        56.85103278        4.005696817                 -0                 -0                 -0                 -0                 -0        45.59835307        157.6623629        26.82244137        25.56433788       -16.10412308       -10.37005271 "MONITOR"                            0                  0    -0.006290652603        0.745811051    -0.000417239594      0.02716384089
 "BPM.17L2.B2"              5767.472962        32.00976447       0.4658844955        561.9466719       -8.195160968        13.79543339        13.82567571        1.093591646     -0.02328956521     -0.01427497453   -0.0004026005544    0.0005362059407   -5.413893628e-06        8.559957781        19.14030691                 -0                 -0                 -0                 -0                 -0        27.09392571        168.9078687        27.14977277        25.69894245       -19.05101974       -3.716753787 "MONITOR"                            0                  0      0.05319940802       0.7520033412    0.0007530350312      0.01328505799
 "BPM.16L2.B2"              5820.921478        179.9338297       -2.509636383        82.62802056        2.678433063        13.93147018        13.86272963        2.163114141     -0.01177786984      0.02993347017     0.000249160944    4.829865089e-05   -6.094600958e-06       -35.17409634        7.797217381                 -0                 -0                 -0                 -0                 -0        23.42333827          95.878956        27.42515145        25.73529325       -18.68796116       -2.604054813 "MONITOR"                            0                  0     0.009235802465      -0.1237972157   -0.0005640929659      0.02281802388
 "BPM.15L2.B2"              5874.369994        35.11780696       0.5931335108        62.94183591      -0.4160283212        14.03903684        14.00866366        1.100406426     -0.01385045755     -0.01453557676   -5.460966698e-05    2.160529879e-06   -1.480811399e-05       -28.11616202        4.887926193                 -0                 -0                 -0                 -0                 -0        26.31635395        98.68925972        27.59554693        26.02853697       -16.11540867       -11.95068179 "MONITOR"                            0                  0        0.017407637       0.1566863462    0.0002351349545      0.01021157979
 "BPM.14L2.B2"               5927.81851        164.0729936       -2.210748042        39.31668921      -0.7580535417        14.17499218        14.26276566        2.160644571     0.002135636552      0.02977160719     0.000318557974    5.286026989e-06   -3.369330533e-06       -57.96609005       -3.909289677                 -0                 -0                 -0                 -0                 -0        27.20898748        101.2154234        27.86178533        26.53884231       -15.90309237       -8.578039768 "MONITOR"                            0                  0     -0.00638186359       0.7611208544   -0.0004090663341      0.02669552297
 "BPM.13L2.B2"              5981.267026        31.98944097        0.463753922         562.236388       -8.164336675        14.29539585        14.32566532        1.093183367       0.0233019303     -0.01461965534    0.0004005435291     1.21589037e-06    5.412288532e-06        -16.1655896        -19.0947654                 -0                 -0                 -0                 -0                 -0          21.155683        111.3579439        28.28459718        26.67819711       -17.13121288       -3.731583514 "MONITOR"                            0                  0      0.05320820183       0.7543384386    0.0007489767836      0.01326475311
 "BPM.12L2.B2"              6034.715542        176.4175083       -2.462653422        96.65474842        2.777253154        14.43318472        14.35989675        2.100611676      0.01249042228      0.02876107034   -0.0002357735576   -1.927376773e-06    6.269020962e-06        12.18928415       -8.521426877                 -0                 -0                 -0                 -0                 -0        19.36208897        50.60108099          28.584771        26.63593002       -15.23423571       -2.364137365 "MONITOR"                            0                  0      0.01071179044       -0.178794284   -0.0005450533999      0.02220214488
 "BPM.11L2.B2"              6088.164058         40.7136315       0.6204838548        80.51554308      -0.3385328607        14.53305724        14.47219067        1.155530585      0.01572756843     -0.01222337345    7.728499285e-05   -2.269600181e-06    1.511664133e-05        21.58242075       -7.056631235                 -0                 -0                 -0                 -0                 -0        15.34327509        53.05219592        28.72681281        26.86774323       -14.27380724       -2.654007622 "MONITOR"                            0                  0      0.01628455552      0.04490943874    0.0002129704582     0.009206251152
 "BPM.10L2.B2"              6140.002768        159.9675487       -2.019628608        29.78279693      -0.6629520087        14.65227361        14.73653679        2.137989986   -0.0003350544442      0.02735508694   -0.0003291998638   -5.389796453e-06    4.576834835e-06        57.02295887        2.625222058                 -0                 -0                 -0                 -0                 -0        16.08604672        53.49429403        28.95135515        27.40526789        -15.3680339       -8.108838873 "MONITOR"                            0                  0    -0.004841653296       0.6616828128   -0.0004240162615      0.02895928233
 "BPM.9L2.B2"               6179.067779        16.01745111       0.6247146946        375.2517445       -7.453696128        14.77491985        14.80320516       0.6627361267     -0.01491696283     -0.03782958104   -0.0003778809267   -1.045120201e-06    9.159730729e-07         14.8921083        14.39130254                 -0                 -0                 -0                 -0                 -0        18.32245973        56.48278874         29.1781851        27.55189201       -17.30862585       -4.721062555 "MONITOR"                            0                  0      0.06728646289        0.431560983     0.001318357573      0.01054157349
 "BPM.8L2.B2"               6219.530789         143.349837       -3.338567593        26.25495576        2.029281698        14.98384147        14.86034989       0.1155003514    -0.006535819628    -0.005337327005    0.0002694832859    3.170242247e-06   -3.294300556e-06       -20.18100765        4.416234408                 -0                 -0                 -0                 -0                 -0        21.48473893        57.89234355         29.6031247        27.68515762       -15.23447363       -2.488215099 "MONITOR"                            0                  0      0.01111148545      -0.2913560799    -0.001445174124      0.05052554105
 "BPM.7L2.B2"                 6258.5968        60.57618942       0.9138068007        98.67515252       -3.183646532        15.04559553         15.2001764     -0.04894474147    -0.003348495686     0.001521191156    6.519959718e-05    2.908805696e-06   -1.209034652e-05        -25.1127634       -3.046341739                 -0                 -0                 -0                 -0                 -0        21.40947498        57.23746387        29.73427778        28.37736622       -14.66677206        -10.2591182 "MONITOR"                            0                  0      0.01831868719       0.9647775255    0.0004727687485      0.03256075973
 "BPM.6L2.B2"                 6290.7028        187.7768081        2.366311499        41.68768883      -0.3718237811        15.09565769        15.27820355     -0.05611668376     0.003299817392     0.001272039867    0.0002889148261     5.77960036e-06   -2.276948164e-06       -56.76467022       -4.262190358                 -0                 -0                 -0                 -0                 -0        22.69142033        56.02061014        29.82300388        28.53414136       -14.92460053       -6.268251869 "MONITOR"                            0                  0      0.01405902793        1.066860279   -2.493274887e-05     0.008091167474
 "BPMYB.5L2.B2"               6362.9018        36.38537686       -1.000104941        189.2608824        2.879285693        15.30577089         15.4078234      0.03908395701      0.02126130045     0.002050595362   -0.0002664378861    2.744543497e-05     0.000347421743        -19.7944769        -12.0939124                 -0                 -0                 -0                 -0                 -0        24.96037994        56.97211381        30.24990979        28.78919806       -18.73649624       -2.972532403 "MONITOR"                            0                  0    -0.008356523581       0.7731117361   -8.482532458e-05    -0.008948009805
 "BPMYB.4L2.B2"               6383.4718        100.7900994       -2.130897614        91.57708404        1.869562064        15.36092921        15.43279312      0.08120660894      0.01523792103     0.002050595362   -0.0002664378861    8.553997813e-05    0.0008901726651       -19.28316369       -8.180868197                 -0                 -0                 -0                 -0                 -0        24.98521886        57.89460558        30.36743284        28.84027643       -18.31134383       -3.564155035 "MONITOR"                            0                  0     -0.01010138051       0.7968365714   -8.482532458e-05    -0.007203152878
 "BPMWB.4L2.B2"               6407.8633        107.5205442        0.259576648        90.01833958      -0.5011244455        15.39536827        15.47993397      0.07904880462      0.01387256857    -0.001599945911    7.745582852e-05     0.000105604068      0.00258244879       -9.733475888         -7.1494843                 -0                 -0                 -0                 -0                 -0        25.03339531        57.78681581        30.43630457        28.93507102       -17.64585669        -5.66028937 "MONITOR"                            0                  0     0.007833637716       0.9204821298   -3.342654244e-05      0.01398942466
 "BPMSX.4L2.B2"               6458.1563        106.5205358      -0.2396929993        175.5792757       -1.200124956        15.47323103        15.54543617    -0.001430639771      0.01323922685    -0.001599945911    7.745582852e-05    0.0001189687376     0.007111266652        14.20599082       -6.717926421                 -0                 -0                 -0                 -0                 -0        24.98465911        57.10703148        30.58886532        29.06652791        -15.8560988       -9.385095599 "MONITOR"                            0                  0     0.006152516617        1.314623746   -3.342654244e-05      0.01567054576
 "BPMS.2L2.B2"                6496.0078        183.6765195        11.50179207        61.96614745       -1.190600911        15.51411518        15.59564521     -0.01557565968      0.01212989899    0.0009688070816    0.0004429589203     0.000192644993       0.0048189155        33.77864551       -2.020558941                 -0                 -0                 -0                 -0                 -0         29.5477843        55.77344157        30.68268997        29.15702224       -15.19466039       -11.57564295 "MONITOR"                            0                  0      0.07324526449        1.104357652     0.002143698803      0.03423790186
 "BPMSW.1L2.B2"               6505.9418        59.61166125         2.30797793        54.12782126        2.131261788         15.5311084        15.61988895    -0.008841426685      0.01358224009    0.0003510241249   -0.0003165663553    0.0001472766962     0.004332285061        22.46687211      -0.9203704428                 -0                 -0                 -0                 -0                 -0        32.73244041        55.65078671        30.72846806        29.20497368       -15.07255096       -12.16254509 "MONITOR"                            0                  0      0.03009213951       0.6082846192    -0.001058932901     -0.01674120231
 "BPMSW.1L2.B2_DOROS"           6505.9418        59.61166125         2.30797793        54.12782126        2.131261788         15.5311084        15.61988895    -0.008841426685      0.01358224009    0.0003510241249   -0.0003165663553    0.0001472766962     0.004332285061        22.46687211      -0.9203704428                 -0                 -0                 -0                 -0                 -0        32.73244041        55.65078671        30.72846806        29.20497368       -15.07255096       -12.16254509 "MONITOR"                            0                  0      0.03009213951       0.6082846192    -0.001058932901     -0.01674120231
 "BPMSW.1R2.B2"               6549.1318        58.22641678       -2.275904662         61.0297391       -2.291065396        15.90014699        15.98456548     0.006316136415     0.008574767579    0.0003510241249   -0.0003165663553    0.0001504455441    -0.004332724477        5.956687899        5.810846706                 -0                 -0                 -0                 -0                 -0         35.5844145        54.03841219        31.48329365        29.92237337       -18.31499406       -6.246727288 "MONITOR"                            0                  0     -0.01564317248        0.560860711    -0.001058932901      0.02899410969
 "BPMSW.1R2.B2_DOROS"           6549.1318        58.22641678       -2.275904662         61.0297391       -2.291065396        15.90014699        15.98456548     0.006316136415     0.008574767579    0.0003510241249   -0.0003165663553    0.0001504455441    -0.004332724477        5.956687899        5.810846706                 -0                 -0                 -0                 -0                 -0         35.5844145        54.03841219        31.48329365        29.92237337       -18.31499406       -6.246727288 "MONITOR"                            0                  0     -0.01564317248        0.560860711    -0.001058932901      0.02899410969
 "BPMS.2R2.B2"                6559.0658         66.1390565        1.308620092        185.1628709       -11.52023327        15.92276111        16.00129157     0.007617981454      0.01161062695   -6.810382389e-05    0.0001782332093    0.0001097184033    -0.007901904914       0.8812584368        9.368468173                 -0                 -0                 -0                 -0                 -0        35.70457814        54.31961011        31.52948061        29.94442233       -17.53253793       -7.094558424 "MONITOR"                            0                  0      0.03140109509        1.038642968     0.001971596557        0.069683522
 "BPMSX.4R2.B2"               6597.0373        180.9885843        1.306032693        103.3302988       0.2990391402         15.9706165        16.04281568     0.004990663204      -0.0205272005    -0.001611134817   -0.0009643884077    7.319435193e-05    -0.004941663386       -17.54080441         5.31788478                 -0                 -0                 -0                 -0                 -0         38.5962869        56.44091838         31.6363666        30.01424966       -16.07714887       -9.408981557 "MONITOR"                            0                  0      0.01480724663        1.311170477   -2.129887566e-05      0.00759290502
 "BPMWB.4R2.B2"               6647.1343        87.65129689       0.5570985806        99.82855486       -0.229139866        16.03572042        16.12491199     -0.07565449792     -0.07219329146    -0.001611134817   -0.0009643884077     5.33469076e-06    -0.001588545771       -28.12624044        1.059521037                 -0                 -0                 -0                 -0                 -0        38.27640887        56.77067679        31.76937592        30.17960032       -15.43459487       -13.13228113 "MONITOR"                            0                  0      0.01374023686        1.003207594   -2.129887566e-05     0.008659914794
 "BPMYB.4R2.B2"               6671.6018        86.05050687       -1.716702301        93.82796822        1.962810761        16.08523622        16.16211644     -0.09782218241     -0.08696885552    -0.002249248301     0.001193218379   -6.617328303e-06   -0.0005066930975       -36.91968575      -0.9706279698                 -0                 -0                 -0                 -0                 -0        38.06437843        56.83407523        31.86881908        30.25394145        -16.2703338       -13.60055847 "MONITOR"                            0                  0    -0.009409676232        0.897815807   -2.979009583e-05     -0.01207354191
 "BPM.5R2.B2"                 6701.1358        177.3186389        2.654749551        30.18832264      -0.3461106096        16.11962844        16.26744682      -0.1450525647     -0.05996418427     0.002139104198    -0.000562838341    5.729204061e-06   -2.647165016e-06       -59.06888607       -3.454037927                 -0                 -0                 -0                 -0                 -0        37.90749412        56.19684318        31.93328017        30.46133067       -17.35776489        -10.2682485 "MONITOR"                            0                  0       0.0143354634       0.8505521065    7.626199883e-05      0.01431547326
 "BPMR.6R2.B2"                6774.4318        42.98959938       -1.972376918        197.1515639        4.854866672        16.40144234        16.41495739      0.01140195257     -0.08432595522     0.002164431651     0.002727703362   -4.055698631e-07    1.722810594e-05       -5.141298312       -12.46042683                 -0                 -0                 -0                 -0                 -0         41.1778382        58.39377147        32.49304055        30.75274038       -19.01453866       -4.765957099 "MONITOR"                            0                  0   -0.0004158321536       0.4604723135   -0.0002993710972    -0.006016940988
 "BPM_A.7R2.B2"               6787.3068        112.6349306       -3.436969197        92.79704992        3.250338294        16.43106055        16.43012992      0.03927008707     -0.04920270934     0.002164431651     0.002727703362   -1.482555743e-06    1.316301611e-05        1.020766929       -8.444539878                 -0                 -0                 -0                 -0                 -0         42.3302224         59.8814433        32.55572216        30.78470391       -17.83242944       -4.887400616 "MONITOR"                            0                  0     -0.00427023503       0.4379834743   -0.0002993710972    -0.002162538112
 "BPM.8R2.B2"               6828.745789        22.38958508       0.5603636517        157.7117492       -1.657651663        16.54969691        16.49696873       0.2103334121    -0.009040778616      0.01011607461    0.0007743613947   -1.794023706e-06    2.283672213e-05        15.48981007        -9.17908019                 -0                 -0                 -0                 -0                 -0        42.02076829        59.69148474        32.80074852        30.91709868        -15.9955142       -7.270306636 "MONITOR"                            0                  0      0.03220246906      0.09366216381    0.0004563086859     0.005685675806
 "BPM.9R2.B2"               6867.812779        94.79691422       -1.983472227        49.15581321       0.9581442835        16.73106066         16.5646946       0.9891816438      0.02701179165      0.02643042312    0.0009344392251   -3.354451929e-06    1.369936903e-05        42.79505142       -3.181927044                 -0                 -0                 -0                 -0                 -0        40.25516932        60.95942738        33.16701006        31.05153503       -22.11078257       -11.28881738 "MONITOR"                            0                  0      0.01676301447      -0.4477655623   -0.0004650044291      0.02079381991
 "BPM.10R2.B2"              6908.277768        30.69579071       0.4053748152        156.4709878       -2.291462572         16.8450055        16.65205157       0.7922270742       0.1079560021    -0.002522854551     0.002118963193   -4.989955419e-07    2.023861276e-05        13.60978225       0.1319659482                 -0                 -0                 -0                 -0                 -0        40.07374502        59.99979197        33.39001462        31.22869541       -21.48032111       -14.59979301 "MONITOR"                            0                  0      0.01183651922      -0.6390301766    0.0003328774956    -0.006113680781
 "BPM.11R2.B2"              6960.118458        191.6573115        -2.79366865        30.30547551       0.4680642272        16.97611239         16.7732826        2.086707241      0.05996759768      0.03089908023    -0.001123273186    3.433196346e-06    2.267894142e-06         -17.796276        3.561726002                 -0                 -0                 -0                 -0                 -0        42.30191705        58.77684345        33.65110552        31.46732261       -16.89628493       -10.97863086 "MONITOR"                            0                  0      0.01385845835      -0.7591942978    -0.000404668549       0.0322962586
 "BPM.12R2.B2"              7014.844942        32.46825696       0.5892655692        187.6587684       -2.629345831        17.08800061        16.91468975        1.046474429      0.08258494088      -0.0132469084    0.0004897622172     2.37628565e-06   -1.677310424e-05       -23.39214762        12.76286272                 -0                 -0                 -0                 -0                 -0        32.33313968        60.77357613        33.85074618        31.75162565       -16.70121225       -5.543115267 "MONITOR"                            0                  0      0.01017325036      -0.5454785266    0.0003225487443      -0.0034985693
 "BPM.13R2.B2"              7068.296426        159.2405309       -2.228521086        36.86380171       0.6517559983        17.23435765        17.01681872        2.099992287    -0.003847792668       0.0295544545     -0.00173032982    4.278551952e-06   -1.149969659e-05       -60.84665955        4.102496535                 -0                 -0                 -0                 -0                 -0         31.7931381        48.77593269        34.13691297        31.96229506       -21.02631061       -8.546774893 "MONITOR"                            0                  0      0.01310242685       -0.686142102   -0.0002737757368      0.02499308551
 "BPM.14R2.B2"               7121.74791        32.80955459        0.444801644        160.4624025       -2.117768417        17.35504133        17.15050697        1.066933382      -0.1083818499      -0.0139084159    -0.001968908988    3.625582277e-07   -2.062930912e-05       -15.61267234      -0.4910473703                 -0                 -0                 -0                 -0                 -0        41.06176302        47.54033307        34.39851359        32.22560211       -20.28927086       -13.53886936 "MONITOR"                            0                  0     0.008778464567      -0.7078101766    0.0002758686737    -0.006311078121
 "BPM.15R2.B2"              7175.199394        183.7777034       -2.532882399        31.69296433       0.4352231116        17.48679219        17.27350183         2.10665204     -0.06158741114      0.02932064399     0.001036735756   -3.675507616e-06    0.0003426705745         15.6109745       -3.621586648                 -0                 -0                 -0                 -0                 -0        42.29253416         58.0747527         34.6683842        32.47072851       -15.76749143       -9.865219903 "MONITOR"                            0                  0      0.01350553222      -0.7886416222   -0.0003238246589      0.02918446807
 "BPM.16R2.B2"              7228.650878        32.47901772       0.5850076669        186.2046695       -2.603602534        17.59803066        17.40739221        1.058795281     -0.08814145659     -0.01419206293    -0.000560823547   -2.284298148e-06     0.001254235084        21.04291312       -12.07804289                 -0                 -0                 -0                 -0                 -0        31.48243556        59.95453123        34.87030227         32.7406962       -15.98982057        -4.61032682 "MONITOR"                            0                  0     0.006226143136      -0.5784017047    0.0002677584544    -0.004091675794
 "BPM.17R2.B2"              7282.102362        159.5640676        -2.23199405        37.07603525       0.6456217589        17.74412735        17.50964586        2.071455062    -0.001981367427      0.02880255509     0.001717167268   -6.294590611e-06    0.0008173581093         53.8237761       -3.975892658                 -0                 -0                 -0                 -0                 -0        30.79102464        47.79429282        35.15603455        32.94898236       -20.18279082       -7.251371711 "MONITOR"                            0                  0       0.0164734808      -0.8655664514   -0.0001349660219      0.01825484843
 "BPM.18R2.B2"              7335.553846        33.07849297       0.4498940115        161.6228315       -2.126489326        17.86405451        17.64218725        1.045879338      0.09574706141     -0.01372433389     0.001849499044   -1.293165378e-06     0.001437039978        11.04395065       0.2026057948                 -0                 -0                 -0                 -0                 -0        40.37547084         46.6518504        35.41182289          33.209528       -19.08339406       -12.38373926 "MONITOR"                            0                  0    0.0003648610643       -1.142749909    0.0001446314955     -0.01254769658
 "BPM.19R2.B2"               7389.00533        183.4028873       -2.519597807        31.49080338       0.4399141846        17.99527052        17.76511085        2.066678452      0.05606350134      0.02893737755   -0.0009120667599   -5.029408633e-07    0.0001463380691        -24.6170977        3.347343648                 -0                 -0                 -0                 -0                 -0        41.72893603        56.99232379        35.68023616        33.45737644        -14.7387671       -9.224709872 "MONITOR"                            0                  0      0.01876223243       -1.199131142   -0.0002726811798      0.03220528861
 "BPM.20R2.B2"              7442.456814        32.20841976       0.5794980939        184.9647694       -2.593476389        18.10720763        17.90017346        1.054295051      0.08392108417     -0.01347164882    0.0005734374176    5.519686724e-07    -0.001145388233        -24.9910953         11.4542542                 -0                 -0                 -0                 -0                 -0          30.803939         58.7789551        35.88803313        33.72989959       -15.29524975        -3.73284245 "MONITOR"                            0                  0   -0.0006353041595       -1.085329397    0.0002476014711     -0.01170357101
 "BPM.21R2.B2"              7495.908299        160.0052778       -2.246217962        37.26445544        0.640276248        18.25389908        18.00253154        2.101928834      0.00385361478      0.02945358588     -0.00159994121    1.042277328e-07   -0.0008102174141       -58.30378816        3.651598828                 -0                 -0                 -0                 -0                 -0        29.94867752        46.63745851        36.17533315        33.93565861        -19.3408462       -5.996431684 "MONITOR"                            0                  0      0.01533359211       -1.034171891   -0.0002997502403      0.03216880389
 "BPM.22R2.B2"              7549.359783        33.35124252       0.4558634697        162.9409388       -2.137955132        18.37300778        18.13392363        1.067150864     -0.08450609286     -0.01394142248    -0.001672280818   -8.560873006e-08    -0.001492866965       -12.95165823      -0.4764888205                 -0                 -0                 -0                 -0                 -0        40.05420625        45.60835402        36.42535543        34.19324135       -17.88422056       -11.20259616 "MONITOR"                            0                  0     0.002266862109      -0.8087169492    0.0002824447386    -0.008551003693
 "BPM.23R2.B2"              7602.811267        181.3284154        -2.48360236        32.67958963       0.4624062604        18.50447477        18.25346303        2.089803561     -0.05184971573      0.02899610905    0.0007649411975   -3.995762159e-06   -0.0002051791583        22.02987891       -3.319430141                 -0                 -0                 -0                 -0                 -0        41.48208921        56.19571757         36.6940168        34.43771499       -13.69951668       -8.711204634 "MONITOR"                            0                  0      0.01375123043      -0.9050819747   -0.0002382920987      0.02455089815
 "BPM.24R2.B2"              7656.262751        32.94086641       0.5768637717         182.136772       -2.518299111        18.61568314        18.38657122        1.067148553     -0.08186280257     -0.01369191449   -0.0006100925835   -2.543196819e-06     0.001006954984        22.60438091       -11.02098273                 -0                 -0                 -0                 -0                 -0        30.18943484         57.7692272        36.90500643        34.70733725        -14.5787589       -2.922638018 "MONITOR"                            0                  0    -0.002321544233      -0.6950319681    0.0001566369904    -0.006733994563
 "BPM.25R2.B2"              7709.714235        160.2436286       -2.225383078        37.54649058       0.6265772263        18.75985303        18.48941516        2.104769902    -0.007122653229      0.02927844509     0.001500441013   -5.978397338e-06    0.0007920324384        51.52546947       -3.746837688                 -0                 -0                 -0                 -0                 -0        29.26262391        45.73793035        37.18700281        34.90814106       -18.41514629       -4.454357534 "MONITOR"                            0                  0      0.01562246941      -0.9174774198   -2.747319504e-05      0.01289585722
 "BPM.26R2.B2"              7763.165719         33.4949784       0.4586762968        164.8380807       -2.154220839        18.87855798        18.61915747        1.075872628      0.07087441249     -0.01383043712     0.001475278368   -8.826274651e-07     0.001581663389        8.733558131      -0.2043004768                 -0                 -0                 -0                 -0                 -0        39.54637278        44.98585891        37.43343345         35.1615062       -16.77010231       -9.828728689 "MONITOR"                            0                  0    -0.007076318884       -1.199674131    4.036275746e-05     -0.01454446426
 "BPM.27R2.B2"              7816.617203          181.13118       -2.476479703        32.42759703       0.4711654843        19.00973614        18.73839708        2.116789807      0.04613123361      0.02935054321   -0.0005987524899   -2.058770705e-07    0.0002750114911       -29.95291754        2.955959597                 -0                 -0                 -0                 -0                 -0        41.03405643        55.28983174        37.70144805        35.41169931       -12.73408244       -8.292376713 "MONITOR"                            0                  0      0.01881239773       -1.288722181   -0.0001347063167      0.02430888222
 "BPM.28R2.B2"              7870.068687        32.79056891       0.5739093095        180.0688702        -2.49874861        19.12132443         18.8732128         1.07519191      0.07787988088     -0.01408499111    0.0006368803558    3.187206695e-07    -0.000867517587       -26.40647908        10.52237377                 -0                 -0                 -0                 -0                 -0        29.47945929        56.62829582        37.91562039         35.6853373       -13.78139268       -2.185388212 "MONITOR"                            0                  0      -0.0109217685       -1.241548006     9.15584667e-05      -0.0149465443
 "BPM.29R2.B2"              7923.520171        160.4655083       -2.232957806        37.75738398       0.6164665102        19.26582777        18.97641406        2.101253466     0.009405788706       0.0290717182    -0.001380946139   -7.267970686e-08   -0.0007677846315       -56.63999566        3.597364154                 -0                 -0                 -0                 -0                 -0        28.46748343        45.01486435        38.19844229        35.88095791       -17.45374686       -2.976133664 "MONITOR"                            0                  0       0.0147900289       -1.117254757   -0.0001646517202      0.02581789343
 "BPM.30R2.B2"              7976.971655        33.64856205       0.4618207196        167.0466266       -2.176750014        19.38409409        19.10457354        1.066827548     -0.05567946323     -0.01392827813    -0.001226853843   -4.391224361e-07    -0.001658138499       -7.615838222       0.3035879011                 -0                 -0                 -0                 -0                 -0        27.67937454        43.32567128           38.42597        36.13865775       -16.44265625       -8.195754572 "MONITOR"                            0                  0    -0.007887310775      -0.8667991926    0.0001340336233     -0.01035927368
 "BPM.31R2.B2"               8030.42314        180.8681088       -2.468625242         32.2568654       0.4821663871        19.51501761        19.22323705          2.0899024      -0.0384970565      0.02900377726    0.0004363902858   -5.968999505e-06   -0.0003426998712        38.79421528       -2.840414224                 -0                 -0                 -0                 -0                 -0        29.10335619        53.08243455        38.69611455         36.3924546       -13.62524432       -7.385268024 "MONITOR"                            0                  0        0.010702501      -0.8115391553   -0.0001085509622      0.01744252674
 "BPM.32R2.B2"              8083.874624         32.6465568       0.5706653832        177.7962101        -2.47418569        19.62699954        19.35968773        1.067507405     -0.06906586554     -0.01368717381   -0.0006065090078   -3.418899833e-06     0.000721330595        27.67317476       -10.25299758                 -0                 -0                 -0                 -0                 -0        17.85692826        54.24051718         38.9022485        36.66969853       -14.12496858        -1.31050808 "MONITOR"                            0                  0    -0.006863833515      -0.6479228101    7.734688706e-05    -0.007935645902
 "BPM.33R2.B2"              8137.326108        160.7532947        -2.24094438        37.88713953         0.60454557        19.77176115        19.46344369         2.10577727     -0.01035637639      0.02929091764     0.001189384545   -5.840129832e-06     0.000737579417        49.60626972       -3.708863778                 -0                 -0                 -0                 -0                 -0        16.94267837        43.25807854        39.18088523        36.86216543       -16.50442791       -1.571460547 "MONITOR"                            0                  0      0.01404863595      -0.9079143871    6.482980648e-05     0.005709218646
 "BPM.34R2.B2"              8190.777592        33.78746216       0.4651681341        169.3853213       -2.203337943        19.88959645        19.59018071        1.076115089      0.04233396136     -0.01384621835    0.0009945245982   -4.941028872e-07     0.001721763113        6.890639004       -1.016107581                 -0                 -0                 -0                 -0                 -0        16.37173375        41.52154195        39.40050986        37.11609754       -16.19194063       -6.541949773 "MONITOR"                            0                  0     -0.01474814482       -1.201140856   -8.052210695e-05     -0.01598816287
 "BPM.33L3.B2"              8244.229076        180.5629083        -2.46022327        32.17229423       0.4953011388         20.0202974        19.70800338        2.116592722      0.03098557782      0.02934282656   -0.0003088153052    9.289208344e-08     0.000407734703       -33.65705323        2.496417514                 -0                 -0                 -0                 -0                 -0        17.56321668        50.78055698        39.67779062        37.37361872       -14.53026331       -6.386256822 "MONITOR"                            0                  0        0.017448592       -1.280413967    5.477046426e-06      0.01567850846
 "BPM.32L3.B2"               8297.68056        32.50016417       0.5671232033        175.3525941       -2.444953591        20.13269818        19.84598313        1.074866093      0.05751982006     -0.01408712779    0.0005210790149    6.316356508e-08   -0.0005695409312       -23.23898083        9.746364037                 -0                 -0                 -0                 -0                 -0        18.52751089        52.76908886        39.91819911        37.64833616       -15.22836558      -0.3007955871 "MONITOR"                            0                  0     -0.01892188552       -1.322999971   -4.009264504e-05     -0.01763108104
 "BPM.31L3.B2"              8351.132044        161.0858783       -2.249786255        37.92479224       0.5904530914        20.27771529        19.95052835        2.100243765     0.009464431937      0.02905824762   -0.0009772584195   -5.321978026e-07   -0.0007016338076       -41.13724806        3.591724705                 -0                 -0                 -0                 -0                 -0        17.48534152         42.6539477         40.1985819        37.83682713       -17.61106308       0.1183617684 "MONITOR"                            0                  0      0.01441855168       -1.192839755   -4.118399762e-05      0.01899935584
 "BPM.30L3.B2"              8404.583528        33.93565339        0.468908901        171.8891909       -2.234672851        20.39508147        20.07599945        1.066510479     -0.03479072165     -0.01391386379   -0.0008432483016    3.165989566e-08    -0.001771972099       -5.051930072        1.254329029                 -0                 -0                 -0                 -0                 -0        27.92320102         42.7652648        40.44198687        38.08007826       -16.30522601        -4.77786506 "MONITOR"                            0                  0     -0.01622239802       -1.030407165    2.081142713e-05       -0.014323509
 "BPM.29L3.B2"              8458.035012        180.1975697       -2.451269608        32.17560445       0.5098226515        20.52559815        20.19277268        2.090082122      -0.0257728017      0.02901289812    0.0002544481524   -4.480431302e-06   -0.0004695888357        29.36823245       -2.290687485                 -0                 -0                 -0                 -0                 -0         29.4637366        50.53832128        40.71055902        38.34139295       -13.59513523       -5.675163419 "MONITOR"                            0                  0      0.01102914614      -0.9648885826   -1.178602652e-05      0.01281349128
 "BPM.28L3.B2"              8511.486496        32.36247146       0.5633394806        172.8672367       -2.412651659        20.63842577        20.33209236         1.06786271     -0.04806587765     -0.01368426008   -0.0004363000745    -3.06935605e-06    0.0004133284502         23.6023771       -9.321354796                 -0                 -0                 -0                 -0                 -0        30.73389241        52.54926144        40.94448999        38.61986261       -15.19920769        0.394814501 "MONITOR"                            0                  0      -0.0182700963      -0.7198433868   -7.127766002e-05    -0.009921422126
 "BPM.27L3.B2"               8564.93798        161.4711545       -2.258858388        37.87971171       0.5754052397        20.78362745        20.43758806        2.106682254    -0.007883144508       0.0293015217    0.0008200384896   -5.724211221e-06    0.0006602408033        46.87677067       -3.619034915                 -0                 -0                 -0                 -0                 -0        29.50207512        43.95688719        41.23035521        38.80497519       -18.70237194        1.696914965 "MONITOR"                            0                  0      0.01109704391      -0.8255665838      0.00021509969    -0.002349146198
 "BPM.26L3.B2"              8618.389465        34.06926619       0.4727180884        174.3695973        -2.26817193        20.90054169        20.56201696        1.076335727      0.02938266599     -0.01386028422    0.0007153250197   -2.651581986e-07     0.001808421074        5.169012445       -1.745008999                 -0                 -0                 -0                 -0                 -0        40.06589256         44.4865845        41.46193782        39.04640734       -16.34359256       -2.968454979 "MONITOR"                            0                  0     -0.02153738039       -1.127774906   -0.0002007348021      -0.0165664159
 "BPM.25L3.B2"              8671.840949         179.796306        -2.44176111         32.2707759       0.5256953914        21.03089669        20.67754296        2.116378412      0.02094119242      0.02933505862   -0.0002358121876    2.247283101e-07    0.0005277946519       -36.80439793        2.016965957                 -0                 -0                 -0                 -0                 -0        41.74432638        50.64484391         41.7273611        39.31013906       -12.65693421       -4.835028356 "MONITOR"                            0                  0      0.01513152075       -1.204717603     0.000148932312     0.005782176676
 "BPM.24L3.B2"              8725.292433        32.22212421       0.5592847495        170.3534892       -2.377351719        21.14417551        20.81798699         1.07456987      0.03895526348     -0.01408831006    0.0003539808058    4.110685674e-08   -0.0002539124052       -27.27255525        8.989735356                 -0                 -0                 -0                 -0                 -0        30.14012219        50.91370708        41.95526372        39.59627941       -14.40836265       0.8729935453 "MONITOR"                            0                  0     -0.02744365808       -1.285214042   -0.0001992143651     -0.01840666106
 "BPM.23L3.B2"              8778.743917        161.9042304       -2.268768505        37.73906494       0.5590781259        21.28955303        20.92463494        2.099397392     0.006313624168      0.02904740377   -0.0006694523449   -2.558586182e-07   -0.0006137133374       -51.74526714        3.613356986                 -0                 -0                 -0                 -0                 -0        28.84161349        43.74125233        42.24184186        39.77912359       -17.70424726        2.853848131 "MONITOR"                            0                  0      0.01131504936       -1.070353936    0.0001071126666     0.009609324475
 "BPM.22L3.B2"              8832.195401        34.20833303       0.4769653272        176.8636828       -2.304499397        21.40598027        21.04823778        1.066273261     -0.02429870758     -0.01390125616    -0.000593464953     1.71810127e-07    -0.001830805304       -7.686253658        2.210628986                 -0                 -0                 -0                 -0                 -0        39.34345789        44.58874357        42.46938365        40.01915423         -15.227299       -1.352087044 "MONITOR"                            0                  0     -0.02188451911      -0.9911590496   -9.271814985e-05     -0.01551285565
 "BPM.21L3.B2"              8885.646885        179.3391579       -2.431917358        32.44755749       0.5419769253        21.53622248        21.16240334        2.090303275     -0.01647396074      0.02902129627    0.0002163799098   -4.734820368e-06   -0.0005818973535        32.54825743        -1.76364966                 -0                 -0                 -0                 -0                 -0        41.06233256        49.11056634        42.73428747        40.28365644       -11.73189949       -3.882656888 "MONITOR"                            0                  0     0.008651305311       -0.906342738    8.676177867e-05     0.005562676283
 "BPM.20L3.B2"              8939.098369        31.10105761       0.5421729777        168.8695672       -2.353059923        21.65212999         21.3031883        1.049909171     -0.02960750997     -0.01402853357   -0.0002588740966   -3.138447293e-06    8.710702112e-05        23.85224716        -8.71451845                 -0                 -0                 -0                 -0                 -0        29.74826351         49.1062132        42.97036369        40.57059671       -13.69457392        1.276559061 "MONITOR"                            0                  0     -0.02533557774      -0.6433953267   -0.0001889377982     -0.01039151753
 "BPM.19L3.B2"              8992.549853        164.3279931       -2.335972678        35.94271717        0.534179304        21.79969303        21.41352299        2.059335611    -0.003753093333       0.0287297616    0.0005327277811   -5.363235109e-06    0.0005578220747        43.95681032       -3.618737641                 -0                 -0                 -0                 -0                 -0        28.33676669        43.71568133        43.26303235        40.75806042        -16.7145539        3.898387476 "MONITOR"                            0                  0      0.00769437926      -0.6863938304    0.0003399384612     -0.01121765854
 "BPM.18L3.B2"              9046.001337        34.40918492       0.4943051841        177.6951946       -2.364493257        21.91463862        21.54067194        1.046650127      0.02229105983     -0.01346618674    0.0005117936928   -1.429655774e-08     0.001834697558        2.994402595       -2.480318921                 -0                 -0                 -0                 -0                 -0        38.57177957        44.55933926         43.4818638        41.00564231       -14.03776042     -0.05163626121 "MONITOR"                            0                  0     -0.02747883842       -1.004484128   -0.0003200684794     -0.01645958529
 "BPM.17L3.B2"              9099.452821        178.2164557       -2.411378559        32.55884558       0.5487290145        22.04493217        21.65423429        2.083601536      0.01283340084      0.02924228186    -0.000243364114    4.569500821e-07    0.0006090861479        -40.9261495        1.632801996                 -0                 -0                 -0                 -0                 -0        40.34027438        48.15886028        43.74630451          41.269974       -10.83060826       -2.875774998 "MONITOR"                            0                  0      0.01203824579       -1.059717922    0.0002808576795    -0.003914813148
 "BPM.16L3.B2"              9152.904306        30.91485447       0.5332485983        167.9471241         -2.3378593        22.16171862        21.79522125        1.063309899       0.0193535166     -0.01364424594    0.0001311701134    5.617823018e-09    2.316442939e-06       -27.32769839        8.498934954                 -0                 -0                 -0                 -0                 -0        29.26397347        48.00841089        43.98884055        41.55734447       -13.03490776        1.935416448 "MONITOR"                            0                  0     -0.03363903874       -1.189737428   -0.0003304601129     -0.01855118863
 "BPM.15L3.B2"               9206.35579        165.5083371       -2.356953226        35.82282546       0.5274411624        22.30916059        21.90614157        2.113154891    0.0004008452426      0.02950621818   -0.0003867365721   -4.866266914e-07   -0.0003050579302       -47.60228569        3.603372966                 -0                 -0                 -0                 -0                 -0        27.77791045        43.47723666        44.28206897        41.74347912       -15.70128514        4.879859375 "MONITOR"                            0                  0     0.008546612344      -0.9403049545    0.0002359466134    0.0006481528379
 "BPM.14L3.B2"              9259.807274        34.58360791       0.5034072517        178.6002559       -2.379734188        22.42325259        22.03314734        1.065686513     -0.02162780557     -0.01419452573   -0.0004289539089   -1.859378299e-07    -0.001033716019       -4.838813224        2.740468588                 -0                 -0                 -0                 -0                 -0         38.1069091        44.54480537        44.49371471         41.9909576       -12.84594037        1.268677345 "MONITOR"                            0                  0     -0.02764917611      -0.9124577096   -0.0002151621121     -0.01573229334
 "BPM.13L3.B2"              9313.258758        177.0026791       -2.390570061        32.68101048       0.5552000355         22.5537106        22.14611523        2.087253923     -0.01107427942      0.02897806203    0.0002473440784   -1.881046445e-06   -0.0003669108627        37.46483793       -1.455378011                 -0                 -0                 -0                 -0                 -0        39.92601538        47.23389093        44.75816418        42.25631085       -9.906754352       -1.814804979 "MONITOR"                            0                  0     0.007958375426      -0.8805371896    0.0002407512305    -0.004291878864
 "BPM.12L3.B2"              9366.710242        42.16702984       0.6333713249        157.9544288       -2.206621071        22.65143477        22.29264906         1.23853394     -0.01280428578     -0.01039717325   -4.284692717e-05   -1.155564358e-06   -4.998172119e-05        27.37769357       -8.084805077                 -0                 -0                 -0                 -0                 -0        28.45241258        46.97662803        44.96677433        42.55403913       -11.72167935        2.853878006 "MONITOR"                            0                  0     -0.02696716087       -1.001225901   -0.0002469748079     -0.01613154406
 "BPM.11L3.B2"              9420.161726        170.7540523       -2.109815828        39.05726558        0.491891363        22.76907593         22.4019694        2.677657242     0.001914895164      0.03703486028    0.0002939080485    -1.77277912e-06    1.828821842e-06        50.22247766       -3.746917495                 -0                 -0                 -0                 -0                 -0        27.21816373        42.47336881        45.18732299        42.72948901       -14.60217854        5.929965283 "MONITOR"                            0                  0     0.008793868225      -0.9266613103    0.0002109645918    -0.001047454705
 "BPM.10L3.B2"              9472.944415        54.08468513       0.6014662492        161.1113097       -2.024769615        22.85690971        22.52442518        1.646832582      0.02033699401     -0.01491596075    0.0003517535988   -4.049796921e-07    2.767022751e-05        13.39335777       -2.946087469                 -0                 -0                 -0                 -0                 -0        40.88253054        44.90121031        45.37652536        42.96816003       -13.82327539        2.868809628 "MONITOR"                            0                  0     -0.01719607954       -1.246327871   -9.938669535e-05     -0.01802728232
 "BPM.9L3.B2"               9512.011405        140.7401288       -1.738089776        66.61291873       0.9077546186        22.93487947        22.58271739        2.648178755      0.01578383738      0.03384856618   -0.0001456464631    3.687342829e-07    2.196153049e-05       -7.672857999       0.0692102362                 -0                 -0                 -0                 -0                 -0        41.86890933        45.76261173        45.53352565        43.08320393       -10.93564684       0.2572010926 "MONITOR"                            0                  0      0.01366782104        -1.32549887    3.410016688e-05      0.01031111513
 "BPM.8L3.B2"               9552.476394        39.19162404       0.7223935213        168.9212477       -1.944394228        23.02008813        22.64929212        1.409831564      0.02594532185     -0.02907906128    0.0002782282711    7.272889387e-07    3.685691285e-05       -17.45625257        3.624131566                 -0                 -0                 -0                 -0                 -0        41.09940034         45.0532086         45.7085006        43.21888758       -8.590672414       -1.530320757 "MONITOR"                            0                  0     -0.03313374856       -1.081514265   -0.0002955827108     -0.01526562616
 "BPM.7L3.B2"               9591.542384        92.25616178       -1.297780616        61.72085999       0.9887655071        23.13965036        22.70848934        1.618504732      0.01387033022      0.01317655552   -0.0003457274555    1.700091863e-06    2.005603299e-05       -43.48665944        3.794075831                 -0                 -0                 -0                 -0                 -0        40.15696945        44.44639139         45.9455212        43.33384115       -10.76970013       -1.167077867 "MONITOR"                            0                  0    0.0007093843887      -0.7048381882    0.0002639744791    0.0001002787112
 "BPMR.6L3.B2"              9664.181384          58.785122       -1.705637395        237.9965944        2.339453829        23.38476523        22.80822431      -0.6663393095      0.01328345138     -0.04166981629   -0.0002485994032    1.897030918e-07    2.051171796e-05       -4.005461651        10.27327981                 -0                 -0                 -0                 -0                 -0        42.17589125        45.73721616        46.43647745        43.53645102       -13.32309077        2.574093184 "MONITOR"                            0                  0      -0.0382637733       0.4139568627    0.0005632039077      -0.0109574283
 "BPMWJ.A5L3.B2"            9705.809884        316.0310077       -4.473924359        90.35275167        1.207244322        23.43416304        22.85403515       -2.415990555     0.002949802742     -0.04166981629   -0.0002485998971    -5.38512285e-07    5.327150324e-06        16.08271389        6.339924465                 -0                 -0                 -0                 -0                 -0        43.93095035        45.12782413        46.54320842        43.63140323       -11.30161955        4.297087709 "MONITOR"                            0                  0     -0.01481840032       0.5746829802    0.0005632055408     -0.03440284108
 "BPMW.5L3.B2"              9734.779884        367.9020295         3.86219814        83.47829773       -1.094227641         23.4462557        22.91463792       -2.792495658    -0.004108268202      0.02295195621   -0.0002685273408   -8.348086581e-07   -4.722122687e-06        23.10217939        5.341779536                 -0                 -0                 -0                 -0                 -0        44.23547826        44.78825607        46.56892178        43.75246384       -10.81263676        5.179253098 "MONITOR"                            0                  0     -0.00819474424      -0.2109496368   -0.0004226054936     -0.03359212931
 "BPMWE.4L3.B2"             9809.907884        31.76976365       0.6119295601        396.4608724       -3.071763397        23.56853367         22.9823916       -1.068161074     -0.02425452418      0.02295195621   -0.0002685273408   -8.526506824e-07   -3.238814375e-05        17.31497977        7.856002819                 -0                 -0                 -0                 -0                 -0        44.11522151        44.97851609        46.82517822        43.88098848       -9.422265312        3.892124597 "MONITOR"                            0                  0     -0.03994424977       0.2662724687   -0.0004226054936    -0.001842623786
 "BPMW.4L3.B2"              9837.452884        41.55908468       -1.049025431        382.2681094        3.763757753        23.71953209        22.99288069      -0.6416660749     -0.02582934632     0.008904820386     0.000176486601   -1.060243816e-06   -3.474170061e-05         19.3272718        6.989200621                 -0                 -0                 -0                 -0                 -0        43.68011235         45.1231671        47.13082479         43.9015297       -15.18533112        3.516099173 "MONITOR"                            0                  0     -0.05574601579         1.43995537     0.000487868988      -0.0159408702
 "BPMW.4R3.B2"              9882.417884        238.0851348       -3.321619519        124.0070702        1.979843697        23.79418362        23.02598802      -0.2412600987     -0.01790389331     0.008904820386     0.000176486601   -1.787794126e-06   -2.447472182e-05        30.17752419        2.562235877                 -0                 -0                 -0                 -0                 -0         42.0856293         46.7486923        47.28613804        43.96520268       -16.08309078        2.098442908 "MONITOR"                            0                  0     -0.03380898675        2.243395231     0.000487868988     -0.03787789925
 "BPMWE.4R3.B2"             9909.962884        261.4103311        2.167227163         97.3579324      -0.6388030767        23.81011594        23.07046726       0.0544000075     -0.01856199239      0.01129751178   -0.0001954989861   -1.645492323e-06   -2.576751758e-05        26.93475006       0.4438077678                 -0                 -0                 -0                 -0                 -0        41.89846102        47.02926727        47.31857837        44.05462415       -15.88182164    -0.005366381794 "MONITOR"                            0                  0      0.01331100458         2.04118122   -4.413871164e-05     0.007214731461
 "BPMW.5R3.B2"              9985.090884        58.77495229       0.5299746635         274.973162       -1.725365138        23.91374939        23.14639335       0.9031577685     -0.03322811725      0.01129751178   -0.0001954989861    5.826948685e-08   -4.709044101e-05       -3.752704767       -4.482763563                 -0                 -0                 -0                 -0                 -0         40.4186457        46.26096731        47.52317603        44.20911792       -12.51598614       -2.392983941 "MONITOR"                            0                  0     0.009994951452        1.832308852   -4.413871164e-05      0.01053078459
 "BPMWE.A5R3.B2"            10013.80888        72.36803741       -1.089480847        241.3877213        2.730661704        23.99194266        23.16295071        1.481807542     -0.03062038212      0.03122317543    0.0003735417983    7.709446522e-07   -4.357060721e-05       -17.54453261       -5.187158125                 -0                 -0                 -0                 -0                 -0        40.31657694        46.18274183        47.67751765        44.24177501        -10.1487779       -2.525891732 "MONITOR"                            0                  0      -0.0235576711        1.913204504    0.0001519883081     -0.02024457963
 "BPMWC.6R3.B2"             10053.62688        207.0430722        -2.29278434        79.47218073        1.335725165        24.04467425        23.20936017        2.740050789     -0.01576753555      0.03122317543    0.0003735432521    1.950456004e-06   -2.269638947e-05       -41.68769294       -4.385736272                 -0                 -0                 -0                 -0                 -0        40.94960383        45.17596348        47.77896704        44.33123465       -9.921006358       -2.103466214 "MONITOR"                            0                  0     -0.01750577326         1.80414858    0.0001519895978     -0.02629659623
 "BPM.6R3.B2"               10065.78138        218.2270494        2.241914477        65.22463183      -0.3369420663        24.05332481        23.23775724        2.819090536     -0.01267540594     -0.02880581195    9.124353675e-05    2.092136285e-06    -1.84107464e-05       -44.10673015       -4.593372705                 -0                 -0                 -0                 -0                 -0        41.04348593        45.11256239        47.79597499        44.38726512       -10.01191759       -1.325192735 "MONITOR"                            0                  0      0.01872362185        1.690621479    1.411989026e-07     0.009953691083
 "BPM_A.7R3.B2"             10121.60538        53.97665345       0.7003755045        156.0460559       -1.289982268        24.13930928        23.33107992        1.211035682    -0.007588298786     -0.02880581195    9.124353675e-05    1.300094965e-06   -1.193871954e-05       -22.63213064       -8.548190033                 -0                 -0                 -0                 -0                 -0        42.36511585        46.04470616         47.9709397        44.57319719       -12.65323664        2.560860316 "MONITOR"                            0                  0      0.01873150414        1.200608843    1.411989026e-07     0.009945808796
 "BPM.8R3.B2"               10160.67137        165.5083882       -2.259032589        16.25870296       0.5629772142        24.21290402        23.45801619        1.510455142     0.003823170577      0.01616282805    0.0003080528425    2.150544076e-06    5.045248916e-06       -33.07994277       -1.941371018                 -0                 -0                 -0                 -0                 -0        41.09588124        45.95545104        48.11839729        44.83687792       -15.58982589        3.830036601 "MONITOR"                            0                  0    -0.009822824231       0.6309574858    0.0002106941307     -0.03248247844
 "BPM.9R3.B2"               10199.73836        54.60241169        1.005090772        111.2614216       -2.643348789         24.2758455         23.6738588       0.8020777982      0.02040745289     -0.01481123382    0.0004334383165    9.653401435e-07    2.915935245e-05       -11.54655649        3.924885811                 -0                 -0                 -0                 -0                 -0        41.10923448        44.25673624        48.23925307        45.27637254       -16.74855413       -2.993419986 "MONITOR"                            0                  0     -0.01251834777          0.3946782    -0.000504432921     0.001035110119
 "BPM.10R3.B2"              10240.20335        173.4441056       -2.426966982        43.44908576       0.5937125928        24.35258332        23.76048548        1.428987877     0.009076720669       0.0240475662   -0.0003461055343    7.855714574e-07    1.327451404e-05       -1.736231516        4.084694822                 -0                 -0                 -0                 -0                 -0        41.35853542        43.46860714        48.39787307        45.44712417       -15.57607779      -0.7472180335 "MONITOR"                            0                  0     -0.01256037461       0.4230792005     0.000504148335     -0.03180041732
 "BPM.11R3.B2"              10292.98604         29.0201668       0.4950467489         193.843329       -2.408330468         24.4742835        23.86610232       0.9252853558     0.002559308868    -0.007186214871   -0.0001120434606   -3.937796731e-07    4.837303046e-06        12.44799384        9.406252439                 -0                 -0                 -0                 -0                 -0        39.33328017        45.13819933         48.6434998        45.65675772       -11.32410505        3.229077506 "MONITOR"                            0                  0     -0.02323199056       0.4039656764   -0.0004438227049   -0.0002944796158
 "BPM.12R3.B2"              10347.71253        167.5176962       -2.398144725        36.53715603       0.6229267192        24.63022891        23.97114227        2.103067008    -0.006536377999      0.03113142371   -0.0001689363519   -2.272099392e-06   -8.810589802e-06        43.61979292        2.699649958                 -0                 -0                 -0                 -0                 -0        39.12569969        40.64328273        48.94887935        45.86255441        -13.0447767        3.002626754 "MONITOR"                            0                  0     -0.01350293709       0.6092152795    0.0004301064782     -0.03318492799
 "BPM.13R3.B2"              10401.16401         31.0183819       0.4736987436        168.3014321       -2.227062827        24.75124916        24.10154188         1.07323637     -0.02565039612     -0.01387430431   -0.0003683190553   -8.225414988e-07   -3.608505421e-05        10.17735147       -1.051947986                 -0                 -0                 -0                 -0                 -0        39.08099377        40.31022689        49.23488031        46.11600922       -16.32241103       -1.940791549 "MONITOR"                            0                  0     -0.01909369334       0.5783244792   -0.0004337119164     0.003401074094
 "BPM.14R3.B2"              10454.61549        175.2137245       -2.476967318        32.25394484       0.4900491378        24.89254516        24.21963475        2.120348057     -0.00967751044      0.02946697093    0.0003354633407   -2.138146261e-07   -1.396263527e-05       -16.82143631        -2.96878253                 -0                 -0                 -0                 -0                 -0        39.75470599        44.52998067        49.52338521        46.36045078       -13.01874968        -2.21416011 "MONITOR"                            0                  0     -0.01567723535       0.8111601017    0.0004343522861     -0.03438351242
 "BPM.15R3.B2"              10508.06698        34.29055551       0.5579417704        177.3746332       -2.469027713         25.0033458        24.35633631        1.061120297    -0.004086149595     -0.01442425794    9.228811725e-05    5.931081107e-07   -6.925857589e-06       -19.98215307       -9.102164337                 -0                 -0                 -0                 -0                 -0        37.85632942         45.3606776        49.69840056        46.63977731       -9.765725331        2.939817859 "MONITOR"                            0                  0     -0.01236705755       0.6419133084    -0.000359638884     0.003593878181
 "BPM.16R3.B2"              10561.51846        167.0541607       -2.270400198        36.21843766        0.587070617         25.1396667        24.46300477        2.063341659     0.005975143954      0.02860902337     0.000193661003    2.286990782e-06     8.00864088e-06       -51.03082707       -2.848153625                 -0                 -0                 -0                 -0                 -0        37.79286856        40.75892307        49.96519656        46.84568687       -12.21463612        3.176404034 "MONITOR"                            0                  0     -0.01369042022       0.6929714102       0.0003617277     -0.03193624538
 "BPM.17R3.B2"              10614.96995        31.08364878       0.4707112285        169.2165851       -2.246520725        25.26082065         24.5935991        1.039176115      0.02544719193     -0.01368612851    0.0003742420185    7.887372313e-07    3.574597346e-05       -13.15736901       0.6052343476                 -0                 -0                 -0                 -0                 -0        38.85498862        40.56051823          50.250998        47.09961007       -15.17991844       -1.733370117 "MONITOR"                            0                  0     -0.01569951499       0.6654073974   -0.0003989334176     0.005013058506
 "BPM.18R3.B2"              10668.42143         176.114772       -2.486595569        32.20126613       0.4949160572        25.40142047        24.71141012        2.053406978     0.009971760948      0.02880612756   -0.0003259046624     8.21352926e-08     1.43530454e-05        11.82226561        2.831969253                 -0                 -0                 -0                 -0                 -0        39.68998863        44.42605808        50.53787853          47.344508       -11.59659909       -2.472457052 "MONITOR"                            0                  0     -0.01621299953       0.8859645727    0.0003995642211     -0.03329688027
 "BPM.19R3.B2"              10721.87291        34.21741163       0.5623475354        176.4261708       -2.458287766        25.51202219        24.84875956        1.052589711     0.005339207636     -0.01323645686   -7.386291075e-05   -6.387073354e-07    8.668353294e-06        16.76845729        9.142133923                 -0                 -0                 -0                 -0                 -0        36.75311747        45.12864099        50.71420797        47.62512429       -8.657067497        2.657352541 "MONITOR"                            0                  0    -0.008940458359       0.7190440761   -0.0003217981155     0.005055615181
 "BPM.20R3.B2"               10775.3244        166.1824276       -2.261475444        36.26184032       0.5819861478        25.64902221        24.95569115        2.110997274    -0.005484255832      0.02965312865   -0.0002097113354   -2.292467658e-06   -7.308974176e-06        42.50411408        2.990210837                 -0                 -0                 -0                 -0                 -0        36.53172525        40.77000003        50.98230011        47.83002164        -11.4305138        3.295506768 "MONITOR"                            0                  0     -0.01415805959       0.7613942596    0.0003211886922     -0.03040936104
 "BPM.21R3.B2"              10828.77588        31.16788316       0.4666123871        170.1816714       -2.257748065        25.77036803        25.08569977        1.073777283     -0.02518544668     -0.01400042368   -0.0003778997863   -7.520941121e-07     -3.5323333e-05        8.135460357      -0.1597822631                 -0                 -0                 -0                 -0                 -0        38.77344974        40.80396724        51.26950446        48.08250179       -14.01789736       -1.505903357 "MONITOR"                            0                  0     -0.01208873474       0.7436717907   -0.0003556136283     0.006508673339
 "BPM.22R3.B2"              10882.22737        176.9540871       -2.494757031        32.16771629       0.5002070634        25.91024786        25.20317376        2.117653636     -0.01024050145      0.02940768253    0.0003156297995    4.820567199e-08   -1.470935469e-05       -22.51402143       -2.687667777                 -0                 -0                 -0                 -0                 -0        39.71868211        44.52404778        51.55468061        48.32876185       -10.14728866       -2.697454743 "MONITOR"                            0                  0     -0.01662681318       0.9521243093    0.0003564191319     -0.03164235473
 "BPM.23R3.B2"              10935.67885        35.18755644       0.5773525252        174.4981928       -2.434001779        26.01872604         25.3416262        1.077713373    -0.006478471192     -0.01405543466    5.715049691e-05    6.818006063e-07   -1.025201589e-05       -21.66883883       -9.128507798                 -0                 -0                 -0                 -0                 -0        35.58888873        45.01134181         51.7255246        48.61180314       -7.540947428        2.389418229 "MONITOR"                            0                  0    -0.005459181517       0.7966294832   -0.0002779565366     0.006422704649
 "BPM.24R3.B2"              10989.13033        164.2522178       -2.208399626        37.91391705        0.585369566        26.15419944        25.44648616        2.108662369     0.004957607172      0.02916639581    0.0002227809667    2.280893422e-06    6.544739442e-06       -49.95953305       -3.225897784                 -0                 -0                 -0                 -0                 -0        35.36658226        40.80723365        51.99062408        48.81065574       -10.41887064         3.43760496 "MONITOR"                            0                  0      -0.0145815233       0.8323259508    0.0002759859234     -0.02855252912
 "BPM.25R3.B2"              11042.58182        31.22333758       0.4554031499         172.736149       -2.245983183        26.27632175        25.57158938        1.068900681      0.02461714782     -0.01403873874    0.0003764024806    7.280139204e-07    3.442652149e-05       -11.62704487      -0.6475705179                 -0                 -0                 -0                 -0                 -0        38.14559553        41.26857781        52.27933955        49.05293866       -12.78199374       -1.004437771 "MONITOR"                            0                  0    -0.008158769515       0.8229560416   -0.0003058964456     0.007954085313
 "BPM.26R3.B2"               11096.0333        177.6142827       -2.501172353        32.20375613       0.5152421302        26.41563927        25.68794018        2.088801639       0.0106792529      0.02894748551   -0.0002959154585   -1.294236652e-07    1.528633372e-05        16.01516338        2.404201459                 -0                 -0                 -0                 -0                 -0          39.166858        44.39979063        52.56329128        49.29926427       -8.847111069       -2.977391483 "MONITOR"                            0                  0     -0.01687818568        1.017954289    0.0003057598917     -0.02944992483
 "BPM.27R3.B2"              11149.48479        35.11542729       0.5804053518        171.9968343       -2.400545089        26.52400955        25.82765879        1.065067867     0.008656325144     -0.01371058293   -2.385461837e-05   -7.078802729e-07    1.328693367e-05        17.88563192        9.078277657                 -0                 -0                 -0                 -0                 -0        34.47288531        44.58482712        52.73453313        49.58481668       -6.462674505        1.849363389 "MONITOR"                            0                  0    -0.001183908384       0.8725518156   -0.0002243780462     0.008041949343
 "BPM.28R3.B2"              11202.93627         163.608308       -2.202341554        37.83378712       0.5697900838        26.66002782        25.93354559        2.098510258    -0.004012808762      0.02919683912   -0.0002489594814   -2.277017963e-06   -5.197137918e-06        41.27870867        3.440651979                 -0                 -0                 -0                 -0                 -0        34.15220687        41.02251857         53.0006637        49.78352798       -9.447941624        3.576527751 "MONITOR"                            0                  0     -0.01468005328       0.8897699106     0.000222993409     -0.02617823815
 "BPM.29R3.B2"              11256.38775        31.30114058       0.4525123988        175.2313538       -2.280625975        26.78226081        26.05768047        1.074026659     -0.02385106804      -0.0137389894   -0.0003785078844   -7.030191566e-07   -3.325508449e-05        6.831736897        1.448535923                 -0                 -0                 -0                 -0                 -0        37.55696456        41.81921406         53.2894856        50.02418175       -11.55416817      -0.4757547698 "MONITOR"                            0                  0    -0.003856686788       0.8873512592   -0.0002502509475     0.009431672305
 "BPM.30R3.B2"              11309.83924        178.2408973       -2.506833307        32.32785224        0.531245431        26.92100714        26.17274369        2.118044108      -0.0110337824      0.02940705149    0.0002738946119    2.087323643e-07   -1.574450194e-05       -25.65544961       -2.102050672                 -0                 -0                 -0                 -0                 -0        38.64225151         44.2906101        53.57218724        50.27003153       -7.566710912       -3.140036092 "MONITOR"                            0                  0      -0.0169316178        1.069282557    0.0002465410045      -0.0265989349
 "BPM.31R3.B2"              11363.29072        35.03273159       0.5831348984        169.5265482       -2.364961716        27.02930243        26.31348697        1.077543835     -0.01071444678     -0.01406644771   -8.577341414e-06    7.320724667e-07   -1.621874625e-05       -18.63582377       -8.919612896                 -0                 -0                 -0                 -0                 -0         38.2392413        46.13227141         53.7964614         50.5540957       -6.157318824        1.416041745 "MONITOR"                            0                  0     0.003224054016       0.9449358444   -0.0001646254837     0.009671193494
 "BPM.32R3.B2"              11416.74221        163.0001402       -2.197063276        37.66658692       0.5534862843        27.16587877        26.42056262        2.107632203     0.003072470152      0.02915001264    0.0002728145624    2.268410257e-06    3.809103759e-06       -35.55560451        -3.60373906                 -0                 -0                 -0                 -0                 -0        37.46122951        43.32610448        54.06522294        50.75348775       -10.50361302        3.976059715 "MONITOR"                            0                  0     -0.01461864874       0.9398772909    0.0001680640147     -0.02361335606
 "BPM.33R3.B2"              11470.19369        31.38762693       0.4499381597        177.6576628       -2.316879571        27.28818582        26.54396711        1.068451546       0.0229629442     -0.01402638148    0.0003782390019    6.770337201e-07    3.182534755e-05       -5.921285852       -2.197509685                 -0                 -0                 -0                 -0                 -0         44.2154257        44.49143676        54.34149084        50.99358913       -11.48817003       0.3129592812 "MONITOR"                            0                  0    0.0004733211262       0.9428617483   -0.0001933271726      0.01083986309
 "BPM.34R3.B2"              11523.64518        178.8301271       -2.511754197        32.53633533       0.5477222012        27.42636075        26.65762615        2.088447474      0.01131083484      0.02894868754   -0.0002508613639   -2.896356976e-07    1.608031941e-05        19.00230097        1.788135789                 -0                 -0                 -0                 -0                 -0        45.63482265        46.11117544        54.62088824        51.23730194       -6.291325605       -3.156352256 "MONITOR"                            0                  0     -0.01669586415        1.105648935    0.0001877131137     -0.02359264424
 "BPM.33L4.B2"              11577.09666        34.94183295       0.5855456886        167.1637272       -2.328344529        27.53461082        26.79911173        1.065252215      0.01269355885     -0.01370002569    4.096089002e-05   -7.564770152e-07    1.902436027e-05        18.27118509        8.694725944                 -0                 -0                 -0                 -0                 -0        45.80848169        47.76964533        54.84400363        51.52380087       -5.922401983       0.9051430884 "MONITOR"                            0                  0     0.007551568695       0.9924693946   -0.0001041173142      0.01099394579
 "BPM.32L4.B2"              11630.54814        162.4303294       -2.192530721        37.41856204       0.5369660277        27.67175092        26.90750748        2.099548984    -0.002108126916       0.0292131235    -0.000294631472    -2.25945428e-06   -2.391488119e-06        39.55131059        3.738177833                 -0                 -0                 -0                 -0                 -0        44.74590986        45.81919744        55.11568816         51.7253495       -11.55950063        4.267570629 "MONITOR"                            0                  0      -0.0141978871       0.9646254784    0.0001083329443      -0.0204431428
 "BPM.31L4.B2"              11683.99963        31.48339107        0.447698231        179.9390653       -2.353578129        27.79409309        27.03043344          1.0744599      -0.0218848795     -0.01375182978   -0.0003747899753   -6.506433754e-07   -3.014809571e-05        9.150653802        2.934849404                 -0                 -0                 -0                 -0                 -0        44.80029088        44.69190037        55.35367292        51.96613035       -12.18471117        1.263325493 "MONITOR"                            0                  0     0.004680323937       0.9770244765   -0.0001326355131      0.01199931277
 "BPM.30L4.B2"              11737.45111        179.3796983        -2.51587734        32.82254496       0.5641617271        27.93169531          27.142622          2.1183335     -0.01149106178      0.02940491159    0.0002258153877    3.681640318e-07   -1.629114666e-05       -15.33133475       -1.454047005                 -0                 -0                 -0                 -0                 -0        46.27174827        45.48696461        55.63159702        52.20808887       -6.897972816       -2.642513882 "MONITOR"                            0                  0     -0.01627664957        1.126275084    0.0001230495186     -0.01998936907
 "BPM.29L4.B2"               11790.9026        34.84160696         0.58761198        164.9814313       -2.291833849        28.03993279        27.28453851        1.077333728     -0.01461077637     -0.01407618567   -7.396549626e-05     7.79065819e-07   -2.168228537e-05       -18.39456955       -8.424417806                 -0                 -0                 -0                 -0                 -0        37.04451993         44.6942503        55.82009152        52.49682732       -6.057421419       0.4423182188 "MONITOR"                            0                  0      0.01190870069        1.034784587   -3.863127287e-05      0.01227840862
 "BPM.28L4.B2"              11844.35408        161.9021956       -2.188816083        37.09632695       0.5207375039        28.17764338        27.39435223        2.106579056     0.001093311065      0.02913390713    0.0003142631169    2.245945953e-06    9.552674529e-07        -47.0006357       -3.867474539                 -0                 -0                 -0                 -0                 -0        36.10826725        43.54796734        56.09168052        52.69931572        -10.5329781        4.129889789 "MONITOR"                            0                  0     -0.01363244086       0.9809533046    4.762788082e-05     -0.01713782387
 "BPM.27L4.B2"              11897.80556        31.58774446       0.4458073571        182.0045101       -2.389610266        28.29998152        27.51706416        1.068032196      0.02058155927     -0.01401299248    0.0003680220335    6.231263942e-07    2.823669525e-05       -9.077929646       -3.691462026                 -0                 -0                 -0                 -0                 -0        36.45679256        42.68642972        56.32827625        52.93865873       -11.68078764        1.960787109 "MONITOR"                            0                  0     0.008815135211        1.001616927   -7.172712758e-05      0.01305327496
 "BPM.26L4.B2"              11951.25705        179.8861366       -2.519188171         33.1777386       0.5800471637        28.43701422        27.62776572        2.088222702      0.01158043686       0.0289517989   -0.0001979340002   -4.483607579e-07    1.637537285e-05         21.7415531        1.106787823                 -0                 -0                 -0                 -0                 -0        37.79149756         42.6236874        56.60665557        53.17892417       -7.512966074       -2.033585414 "MONITOR"                            0                  0     -0.01556668133        1.130305303    6.056020573e-05     -0.01634195799
 "BPM.25L4.B2"              12004.70853        34.73348608       0.5893310047        163.0483716       -2.256567858        28.54527024        27.76978299        1.065488526        0.016418709       -0.013691098    0.0001064102361   -8.012962785e-07    2.417151036e-05        18.98617388        8.094539549                 -0                 -0                 -0                 -0                 -0         30.2564454        41.60876691        56.78163233        53.46741826       -6.150075168      0.01667930073 "MONITOR"                            0                  0      0.01595501169        1.053258333    2.392864038e-05      0.01327100497
 "BPM.24L4.B2"              12058.16002        161.4176227       -2.185904372         36.7109535       0.5053124066        28.68355337        27.88107053         2.10061723   -6.984874983e-05       0.0292290535   -0.0003315337942   -2.230649754e-06    4.883638609e-07        38.46435221        3.966784291                 -0                 -0                 -0                 -0                 -0        29.53998359        41.33991269        57.05254799        53.67169663       -9.515145335        3.904889285 "MONITOR"                            0                  0     -0.01279898465       0.9773166066   -1.400184952e-05     -0.01344228567
 "BPM.23L4.B2"               12111.6115         31.7002068        0.444269212        183.7903747       -2.423834112        28.80584875        28.00383489        1.074880763     -0.01912864894     -0.01376546521   -0.0003586015917    -5.95009531e-07   -2.610565474e-05        4.240654391        4.406803035                 -0                 -0                 -0                 -0                 -0        35.83380177        43.26364161        57.33789907         53.9127676       -10.40917433        2.438224826 "MONITOR"                            0                  0       0.0128180928        1.005843244   -8.307566579e-06      0.01383348169
 "BPM.22L4.B2"              12165.06298        180.3476451       -2.521669882        33.59078455       0.5948936393        28.94231684        28.11307955        2.118548256     -0.01158608653      0.02940158648     0.000168606861    5.258642856e-07   -1.633229617e-05       -31.29792798      -0.7576757036                 -0                 -0                 -0                 -0                 -0        37.21294557        42.32903487        57.61497506         54.1501269       -6.281722732       -1.731337229 "MONITOR"                            0                  0     -0.01467313631        1.117229797   -7.001485994e-06     -0.01218169943
 "BPM.21L4.B2"              12218.51447        34.61692903       0.5906835124        161.4236092       -2.223637791        29.05062437        28.25486454        1.077091855     -0.01811037297     -0.01408501267   -0.0001381340536    8.220378809e-07   -2.647303332e-05       -23.37139481       -7.709127487                 -0                 -0                 -0                 -0                 -0        29.09289429        41.06778596        57.79009568        54.43720304       -5.110448188      -0.5989134914 "MONITOR"                            0                  0       0.0199335889        1.063390407    9.040551569e-05      0.01415186844
 "BPM.20L4.B2"              12271.96595        162.3721478        -2.20164805        34.78377951       0.4769789695         29.1887045        28.37052423        2.120695597   -0.0007207974902      0.02940686851    0.0003508808755    2.223412569e-06   -1.585465249e-06       -46.03776001         -3.9360345                 -0                 -0                 -0                 -0                 -0        28.32363584         41.6450732        58.06046183        54.65044968        -8.43258689        3.654506908 "MONITOR"                            0                  0     -0.01180488346       0.9488677677   -7.022335284e-05     -0.01018292533
 "BPM.19L4.B2"              12325.41744        30.89496139       0.4396897575        185.2043295       -2.496919146        29.31251955        28.49697148         1.05800049      0.01833700107      -0.0144894072    0.0003575308404    5.533670954e-07    2.495174251e-05       -7.481277861       -4.780827409                 -0                 -0                 -0                 -0                 -0        35.10186653         43.5602307        58.34892715        54.89933502       -9.087057217        2.657425767 "MONITOR"                            0                  0      0.01562266243        0.993332615    3.885355249e-05      0.01443150032
 "BPM.18L4.B2"              12378.86892        181.2761115       -2.560347277        33.83801421       0.6060029215        29.45094025        28.60521944        2.052204178      0.01155305059      0.02845435363   -0.0001533717504   -6.541800204e-07    1.625714875e-05        25.59803125       0.5654527333                 -0                 -0                 -0                 -0                 -0        36.62220042        42.22659182         58.6292868        55.13401889       -4.958910964       -1.553601909 "MONITOR"                            0                  0     -0.01393209275        1.097571368   -5.488871619e-05    -0.009028480194
 "BPM.17L4.B2"              12432.32041        34.43926933       0.5942525044        161.0278515       -2.211480197        29.55923145        28.74655044        1.035542708      0.01901072089     -0.01352968706    0.0001556705745   -8.538998494e-07    2.768934003e-05        19.69812175        7.482111251                 -0                 -0                 -0                 -0                 -0        27.91210497        40.92619036        58.80900579        55.41972065       -4.146586398      -0.9530825216 "MONITOR"                            0                  0      0.02305993897        1.051121668    0.0001430946382      0.01461589826
 "BPM.16L4.B2"              12485.77189        161.4575783       -2.195426444        34.54323721       0.4720022825        29.69833143        28.86287768        2.053717745      0.00128894566       0.0288754851   -0.0003583913893   -2.186442297e-06    2.377996342e-06        36.73099217        3.966973971                 -0                 -0                 -0                 -0                 -0        26.97439967        41.87785096        59.08205692        55.63546001       -7.515552359        3.418394882 "MONITOR"                            0                  0     -0.01078056419       0.9200890006   -0.0001251183967    -0.006549935621
 "BPM.15L4.B2"              12539.22337        31.08507875       0.4366345019        185.5422823       -2.508383322        29.82210846        28.98974054        1.055929308      -0.0174002086     -0.01318046185   -0.0003498397581   -5.046929201e-07   -2.360178823e-05        2.412713108        5.150252933                 -0                 -0                 -0                 -0                 -0         34.4154057        43.79954059        59.36564663        55.88566246       -7.756012278        2.852823232 "MONITOR"                            0                  0      0.01872557042       0.9767869988    9.409529997e-05       0.0148270608
 "BPM.14L4.B2"              12592.67486        182.1256901       -2.565346446        34.08038195       0.6106596564        29.95951646        29.09741377        2.122132268     -0.01148843004       0.0298039068    0.0001357323177    7.781329464e-07   -1.614119128e-05       -35.55215778      -0.3719360478                 -0                 -0                 -0                 -0                 -0        36.00030747        42.01603342        59.64349578        56.11881376       -3.720958892       -1.363244317 "MONITOR"                            0                  0     -0.01287454883         1.06446289   -0.0001112974616    -0.005284014433
 "BPM.13L4.B2"              12646.12634        34.23775994        0.596784897         160.748118       -2.200716902        30.06788455        29.23821846        1.077217961     -0.01986623229      -0.0141604072   -0.0001728959133    8.826134276e-07   -2.883998095e-05       -23.92279192       -7.235609079                 -0                 -0                 -0                 -0                 -0        26.26703341        40.55802988        59.82466527        56.40274489       -3.207023909        -1.28322421 "MONITOR"                            0                  0      0.02610023885        1.033859385    0.0001987406722      0.01499526958
 "BPM.12L4.B2"              12699.57783        156.6963279       -2.141369321        38.79808549       0.5074930331        30.21035474        29.34685277         2.07168978    -0.002614229664      0.02847359403    0.0003506534533    2.104194827e-06   -4.271457296e-06       -41.99455171       -4.267361739                 -0                 -0                 -0                 -0                 -0        25.27994778        42.25039678        60.10532967        56.60261021       -6.548706837        2.909736078 "MONITOR"                            0                  0    -0.009330100057       0.9028123256   -0.0001896000396    -0.001677399524
 "BPM.11L4.B2"              12753.02931        31.17741747       0.4080219675        190.8796617       -2.463919121        30.33626759        29.46274185        1.024386982      0.01376394766     -0.01413099591    0.0003046009092    4.271842235e-07    1.832799498e-05       -4.471911822       -6.494608247                 -0                 -0                 -0                 -0                 -0        33.42686652        44.74097018        60.38847395        56.83389875       -6.296046772        3.597407857 "MONITOR"                            0                  0      0.02505852761       0.8960250933    0.0001970117791      0.01449745139
 "BPMCS.10L4.B2"              12804.678        164.6992666       -2.340696413         50.4716869       0.7663787395        30.47359382        29.54572678        1.654196835       0.0123158414      0.02033298666   -4.384193778e-05   -9.289306053e-07    1.708376845e-05         30.3552048       -1.123659967                 -0                 -0                 -0                 -0                 -0        34.95921976        41.21679775        60.66522637        57.01456792       -2.432518691       0.5893964603 "MONITOR"                            0                  0    -0.007979801872       0.9250601311   -0.0002471318386     0.005310110779
 "BPM.10L4.B2"                 12804.87        165.5995441       -2.348249215        50.17855683       0.7603403326        30.47377886        29.54633399        1.658100773       0.0123074324      0.02033298666   -4.384193778e-05   -9.338990839e-07     1.70751204e-05        30.48291575        -1.10232755                 -0                 -0                 -0                 -0                 -0        34.96648978         41.2227482        60.66558713        57.01578647       -2.429424606        0.563870839 "MONITOR"                            0                  0    -0.008027251185       0.9276209046   -0.0002471318386     0.005357560092
 "BPMCS.9L4.B2"             12843.74499        23.75849605       0.8722412024        165.1472914       -2.406138387        30.56852538        29.62403703         0.57078663       0.0257903381     -0.02655889953     0.000382061264   -7.372906529e-07    3.648245707e-05        19.57581842        2.249185218                 -0                 -0                 -0                 -0                 -0        36.33338963        39.92851222        60.86463829        57.17313355       -2.864342378       -2.046128083 "MONITOR"                            0                  0      0.05113193275       0.5775520673    0.0007761751721      0.01240945033
 "BPM.9L4.B2"               12843.93699        23.42628751       0.8580115768        166.0727641       -2.414031852        30.56982066        29.62422155       0.5656873198      0.02586358873     -0.02655889953     0.000382061264   -7.357932669e-07    3.658759315e-05        19.50481664        2.265350969                 -0                 -0                 -0                 -0                 -0        36.34123613        39.92098315        60.86728043        57.17351207       -2.896970523        -2.04972649 "MONITOR"                            0                  0      0.05128095839       0.5700887378    0.0007761751721      0.01226042469
 "BPMCS.8L4.B2"             12884.20998        87.95861804       -1.979820488        55.16421722        1.078084205        30.78378357        29.68638673       0.1503511253      0.01402368095    -0.002896393991   -0.0003667781054   -1.167181793e-06    2.007256806e-05        23.05793441        3.102060734                 -0                 -0                 -0                 -0                 -0        35.85526745        39.39708567        61.30471722        57.29293935       -7.907613841       -2.369160597 "MONITOR"                            0                  0      0.01859707749      -0.3364837559   -0.0006545945722      0.02185818954
 "BPM.8L4.B2"               12884.40198        88.72093098       -1.990559405        54.75167784        1.070558402        30.78412949        29.68694276       0.1497950201      0.01395335796    -0.002896393991   -0.0003667781054   -1.169619176e-06    1.997415697e-05        23.08312049        3.104722363                 -0                 -0                 -0                 -0                 -0        35.85218412        39.39454326        61.30545475        57.29402284       -7.903752013       -2.363806106 "MONITOR"                            0                  0      0.01847139534      -0.3358334914   -0.0006545945722       0.0219838717
 "BPMCS.7L4.B2"             12923.27597        25.16008197       0.2992859974        183.6980138       -2.699287947        30.91424833        29.75827529     0.001506270097      0.01894480112      0.00176620481    0.0001719948388    4.086978039e-08    2.767080261e-05       -4.891153032        8.346046171                 -0                 -0                 -0                 -0                 -0        34.62924196        39.93167187         61.5624018         57.4422369       -4.296383722      -0.6085629563 "MONITOR"                            0                  0       0.0200684655      -0.6587220296    0.0004548271987     -0.00564900382
 "BPM.7L4.B2"               12923.46797        25.04675257       0.2909713248        184.7362032       -2.707948584        30.91546562        29.75844117     0.001845374705      0.01897777416      0.00176620481    0.0001719948388    4.758461411e-08     2.77207733e-05       -5.044645753         8.37401054                 -0                 -0                 -0                 -0                 -0        34.62236685        39.93461489        61.56481535        57.44260111       -4.258766186      -0.6025340195 "MONITOR"                            0                  0      0.02015579233      -0.6636765504    0.0004548271987    -0.005736330642
 "BPMYA.6L4.B2"             13020.07197         454.342112        -4.35779178        166.4337016      -0.1128015185        31.11169745        29.84700161       0.1825207075     0.005480714032      0.00187346442   -0.0001484546639    3.642717995e-06    8.813572759e-06       -93.49042649        8.899732858                 -0                 -0                 -0                 -0                 -0        34.02942896        39.69870054        61.93788912         57.6180414       -4.657617059        2.600589914 "MONITOR"                            0                  0      0.03512088777       -3.546880345    1.554017001e-05     0.003733354761
 "BPMYB.5L4.B2"             13057.07197        209.7600468        3.016155926        488.6616131       -5.883316227        31.12994719        29.86864045       0.1275424522     0.003424939377    -0.001721985849   -4.937717955e-05    2.541647621e-06    6.683511066e-06       -63.76639539        14.93377743                 -0                 -0                 -0                 -0                 -0        35.21805554        42.17986402        61.96887516        57.66335257       -5.280001609        3.134301034 "MONITOR"                            0                  0     -0.05463535625       -4.039534339   -0.0005776264542     -0.04611628672
 "BPMWA.B5L4.B2"            13159.46247        215.3378235      -0.3716377464        336.4854707       0.7051914932        31.21321124         29.9077468      0.01083024397    -0.006167261867    9.598953699e-06   -9.501982166e-05    2.451284189e-06   -7.249229728e-06       -55.22180233        11.34826295                 -0                 -0                 -0                 -0                 -0        35.38702484        42.15668561         62.1374222        57.74314705       -8.015562257        3.568029812 "MONITOR"                            0                  0     0.004872760482       -3.390828093    4.546683387e-05     0.006581000722
 "BPMWA.A5L4.B2"            13168.34747         222.359061      -0.4185972085        324.3054999       0.6656549675        31.21967536        29.91202804       0.0109155304    -0.007010282633    9.598953699e-06   -9.501982166e-05    2.451560054e-06   -8.479576568e-06       -54.69359803        10.98663585                 -0                 -0                 -0                 -0                 -0        35.39416745        42.14184394        62.15055784        57.75184718       -8.163330378        3.566585816 "MONITOR"                            0                  0     0.005276733301       -3.379239677    4.546683387e-05     0.006177027903
 "BPMWA.A5R4.B2"            13216.39647        274.7875102      -0.6725482712        270.6106843       0.4518462425         31.2508106        29.93795655      0.01137674903     -0.01156923646    9.598953699e-06   -9.501982166e-05    2.453051902e-06   -1.513314273e-05       -51.83713341        9.031000432                 -0                 -0                 -0                 -0                 -0        35.43384676        42.06213528        62.21395219          57.804451       -8.646804983        3.349461586 "MONITOR"                            0                  0     0.007461369201       -3.440950992    4.546683387e-05     0.003992392002
 "BPMWA.B5R4.B2"            13225.28147        287.1559278      -0.7195077333        262.9326586       0.4123097168        31.25584552        29.94325884      0.01146203546     -0.01241225723    9.598953699e-06   -9.501982166e-05    2.453327768e-06   -1.636348957e-05       -51.30892911        8.669373329                 -0                 -0                 -0                 -0                 -0        35.44137848        42.04749849        62.22423013        57.81519418       -8.686268321        3.262322446 "MONITOR"                            0                  0      0.00786534202       -3.475362153    4.546683387e-05     0.003588419183
 "BPMWI.A5R4.B2"            13251.14547        327.9101678      -0.8562054648        244.5804838         0.29728378         31.2692761        29.95951949      0.02263690246     -0.01486624317     0.001581206801   -9.501611363e-05    2.454130801e-06   -1.994496299e-05       -49.78226724        7.616671781                 -0                 -0                 -0                 -0                 -0        35.46364993        42.00513007        62.25169724        57.84811993       -8.735645619        2.911234393 "MONITOR"                            0                  0     0.009041280839       -3.616388743    4.546455337e-05     0.002413414984
 "BPMYA.5R4.B2"             13327.74797        445.8904981        6.720220712        246.8709534         -4.1462104        31.29992482        30.01234553       0.1196097057     -0.02316276676    -0.002131116697   -0.0004757491797    2.342201294e-06   -3.197284393e-05       -43.20668852        4.717827469                 -0                 -0                 -0                 -0                 -0        35.32339861        41.83671456        62.31472629        57.95433251       -8.542542321        1.087204933 "MONITOR"                            0                  0     -0.06476290913       -4.385718734    -0.001048425438     -0.07387464532
 "BPMYB.6R4.B2"             13359.31197        124.7981578        3.452518494        582.0257758       -6.472051619        31.32128469        30.02561365      0.05234446067     -0.03815836628    -0.002131116697   -0.0004757491797    1.019789388e-06   -5.292037756e-05       -16.75492638        5.977615114                 -0                 -0                 -0                 -0                 -0        32.07812074        41.46865847        62.35925137          57.972096       -8.195405413       0.5355199554 "MONITOR"                            0                  0     -0.09785540965       -3.628789889    -0.001048425438      -0.0407821448
 "BPMCS.7R4.B2"             13455.63597         85.6725202      -0.7031146336        19.40331855        0.399359686        31.54173394        30.18955426     -0.06140188839    -0.008315756224    -0.001153652721    0.0003330793584   -1.234628822e-06   -1.182386139e-05        35.40411583       -1.932686258                 -0                 -0                 -0                 -0                 -0         30.8453219        44.36371414        62.79363338        58.28214523       -4.008026776       -3.948026724 "MONITOR"                            0                  0     0.002085206469      -0.5603402454    0.0003207821131     0.003112751315
 "BPM.7R4.B2"               13455.82797        85.94315923      -0.7064636547        19.25216732       0.3878863019        31.54209006        30.19113533     -0.06162338532    -0.008251892987    -0.001153652721    0.0003330793584   -1.239020718e-06   -1.173586213e-05        35.50645777       -1.949133048                 -0                 -0                 -0                 -0                 -0        30.84337862        44.37027967        62.79433147        58.28527374       -4.011379573       -3.934860966 "MONITOR"                            0                  0     0.002146796634      -0.5601547821    0.0003207821131     0.003051161149
 "BPMCS.8R4.B2"             13493.42696        65.11415544      0.08043826169        90.06198315       -2.027269105        31.62255077        30.38399111      0.09222958221     0.000220080973      0.01003524775    0.0002178458795   -1.403288432e-06   -2.693202341e-07        35.57970028       -6.347647441                 -0                 -0                 -0                 -0                 -0        30.74464187        46.28356416        62.95783812        58.66773277       -5.776369785        2.541520988 "MONITOR"                            0                  0      0.00376469075      -0.9195477995    0.0002675149867     -0.01587246189
 "BPM.8R4.B2"               13493.61896        65.08383695      0.07747051529        90.84254603       -2.038162552        31.62302017        30.38432895      0.09415635035    0.0002618509619      0.01003524775    0.0002178458795   -1.403864463e-06   -2.129004345e-07        35.57147617       -6.370559059                 -0                 -0                 -0                 -0                 -0        30.74433285        46.29359994          62.958792         58.6683938       -5.790775515        2.548882127 "MONITOR"                            0                  0     0.003816053628      -0.9233279945    0.0002675149867     -0.01592382476
 "BPMCS.9R4.B2"             13532.49395        388.4894427       -6.553795952        32.24797566       0.3756552697        31.66677197        30.49524837       0.8220116339     0.007474374941      0.02516047655    0.0001825632182   -3.502716373e-06    1.027735485e-05        83.28030839       -2.089462864                 -0                 -0                 -0                 -0                 -0        28.65249676        46.40521435        63.02835223        58.89414674       -7.139834738        1.511803581 "MONITOR"                            0                  0      0.01908224795      -0.9616065008   -0.0006830385328      0.04417991383
 "BPM.9R4.B2"               13532.68595         391.010271       -6.575518113         32.1050285       0.3688612172        31.66685037        30.49619807       0.8268424566     0.007509375786      0.02516047655    0.0001825632182   -3.513954943e-06    1.032864713e-05        83.53653784       -2.064443208                 -0                 -0                 -0                 -0                 -0        28.64245309        46.40558011        63.02840198        58.89606952       -7.142123169        1.476010641 "MONITOR"                            0                  0      0.01895110455      -0.9567625695   -0.0006830385328      0.04431105723
 "BPMCS.10R4.B2"            13572.95894        47.88920699        2.563952297        171.6833962       -3.030118643        31.70852478        30.60074198       0.8408141317      0.02591167532     0.003390500418    0.0004880669192    -1.16803996e-06     3.64055753e-05        26.70708036        1.040365175                 -0                 -0                 -0                 -0                 -0        29.32620492        44.32731058        63.08120476        59.10371899       -8.325788597       -3.085661536 "MONITOR"                            0                  0     0.003414741858      -0.4198565796    0.0004534311366    -0.001211922551
 "BPM.10R4.B2"              13573.15094        46.91047949        2.533586803        172.8491479        -3.04150513         31.7091695        30.60091937       0.8414650942      0.02600525174     0.003390500418    0.0004880669192   -1.154460481e-06    3.653799926e-05        26.37876322        1.054137329                 -0                 -0                 -0                 -0                 -0        29.33324442        44.31637342        63.08233372        59.10406246       -8.342899412       -3.092085563 "MONITOR"                            0                  0     0.003501800636      -0.4207616144    0.0004534311366    -0.001298981329
 "BPM.11R4.B2"              13624.99162         82.0945674       -2.050013628        40.90642891       0.6840140847        32.02730569        30.69612994        2.589903345      0.01191833595      0.03984816172   -0.0003213094732    1.106868723e-06    1.690309126e-05       -32.19591722        2.980676147                 -0                 -0                 -0                 -0                 -0        31.89281001        44.41353796         63.7063424        59.28845503       -5.027644468       -4.521985652 "MONITOR"                            0                  0      0.01818131052      -0.8271148341   -6.736731414e-06      0.01054983507
 "BPM.12R4.B2"              13679.71811        88.18212412      -0.2656802441        176.8971085       -2.192990022        32.12942863        30.81710319        1.252751006      0.01085740446     -0.01943852504   -4.113602633e-06    1.647154318e-06    1.578992473e-05       -41.81409635        9.470178074                 -0                 -0                 -0                 -0                 -0        26.34361844        43.97873506        63.90728484        59.53745229       -5.968522865      -0.6008425441 "MONITOR"                            0                  0     0.001700907689        -1.64683067     0.000134221784     -0.02063851191
 "BPM.13R4.B2"              13733.16959        588.2962881       -7.194688196        32.21148008       0.5403333895         32.1698291        30.93168886        2.170943453    -0.003432900595      0.02728512767    -0.000282517972     4.30471462e-06    -4.61516955e-06       -106.0898809        3.305316144                 -0                 -0                 -0                 -0                 -0        28.64522353        41.28975092        63.94134218        59.74406858       -7.010760689        2.334084504 "MONITOR"                            0                  0      0.02081474915       -1.610270139   -0.0005171068122      0.04898310235
 "BPM.14R4.B2"              13786.62108        64.69829126        2.584899053        161.0901509       -2.260150582        32.21088959        31.07768586        1.099346406     -0.02414743565     -0.01467023611    -0.000394198982    1.350882235e-06    -3.37627656e-05       -39.73224042       0.2673095405                 -0                 -0                 -0                 -0                 -0        96.09101839        44.93617174         64.2822314        60.02792673       -7.238461334       -2.174515184 "MONITOR"                            0                  0    -0.006385042963      -0.6631001266    0.0002594425327    -0.002453656533
 "BPM.15R4.B2"              13840.07256        51.28603179      -0.8507862875           34.93093       0.4786538763        32.44306641        31.19303964        2.150475603     -0.01096029469      0.02959780831    0.0002821932937   -2.901894313e-07   -1.573813103e-05       -14.70389612       -2.596001626                 -0                 -0                 -0                 -0                 -0        89.39747047        55.17588088        64.74765532         60.3200339        6.675703741        -3.85351186 "MONITOR"                            0                  0      0.01305947364      -0.5944339819     1.61397839e-05      0.01341977874
 "BPM.16R4.B2"              13893.52405        59.84138784      -0.6234802584        183.4645312       -2.468576555         32.6204393        31.31984409        1.088064022     -0.01003789419     -0.01450913544    2.860195384e-06   -1.343573917e-06   -1.547440805e-05        25.81478676       -9.264865188                 -0                 -0                 -0                 -0                 -0        86.29009681        55.83649292        65.10489281        60.57827314       -4.536651181        1.923624489 "MONITOR"                            0                  0      0.01242834779       -1.369628331    0.0002985008949      -0.0180067793
 "BPM.17R4.B2"              13946.97553        587.2048077       -7.910411284        32.27077419       0.5795751982        32.66982871        31.43169363        2.132767763     0.003354253049      0.02946228855    0.0002703378662   -4.304817397e-06     0.000305456301        104.6586418        -3.16067934                 -0                 -0                 -0                 -0                 -0        78.79154616        51.92790336        65.19939546         60.7890518       -6.951959985        4.242555985 "MONITOR"                            0                  0      0.02268407074       -1.596059828   -0.0005995572526      0.05030651564
 "BPM.18R4.B2"              14000.42701        64.70121407         2.58483299        161.0921509       -2.260191643        32.71088945        31.57768647        1.087543099      0.02568577323     -0.01416259789    0.0004441273996   -1.102975545e-06     0.001108968559        31.68181837     -0.06481695736                 -0                 -0                 -0                 -0                 -0        176.9166189        54.74584307        65.30726089        61.07185773       -6.233302408       -2.260431038 "MONITOR"                            0                  0    -0.007781173675       -0.592318013    0.0002262873149    -0.001032580552
 "BPM.19R4.B2"               14053.8785         51.2842007      -0.8504282554        34.92830936       0.4787295457         32.9430164        31.69303875        2.151173424     0.006396506524      0.02981678643   -0.0004248122975   -2.731909684e-06    0.0003834006226       -10.64022649        2.410705345                 -0                 -0                 -0                 -0                 -0        170.4530242        68.68111655        65.77308494        61.34503177        19.68099717       -3.226863854 "MONITOR"                            0                  0      0.01772318983      -0.7681108608    0.0001854997191     0.004528997815
 "BPM.20R4.B2"              14107.32998        59.82740319      -0.6235683949        183.4435928       -2.468377695        33.12043392         31.8198589        1.098714459    -0.007897885385     -0.01432476868    -0.000265036982   -9.141190769e-07    4.723882706e-05       -33.85641955        8.360863826                 -0                 -0                 -0                 -0                 -0         167.599875        69.58062006        66.12961679        61.60207888       -3.335117025        4.312076051 "MONITOR"                            0                  0     0.006775574815        -2.06499577    0.0001969652549     -0.02804492569
 "BPM.21R4.B2"              14160.78147        587.1745255       -7.910329381        32.27266956       0.5794863055        33.16983058        31.93171201        2.168736387     -0.01012851327      0.02995185974   -3.648698161e-05   -5.486368106e-09   -0.0003054504168       -106.0243572        2.803449472                 -0                 -0                 -0                 -0                 -0        159.8145739        64.96931024         66.2274506          61.816902       -6.892056928        6.134382931 "MONITOR"                            0                  0      0.02645013036       -2.034833246   -0.0007895715416      0.06899220645
 "BPM.22R4.B2"              14214.23295        64.70803706        2.585013508        161.1009171       -2.260128981        33.21088826        32.07768449        1.099309898     -0.02851686134     -0.01466684749   -0.0003790545944    1.039221213e-06    -0.001108969155       -40.00155191       0.1301365554                 -0                 -0                 -0                 -0                 -0        261.1650484        67.27155617        66.31656077        62.10026966       -5.211488469       -2.340487923 "MONITOR"                            0                  0    -0.006116510881      -0.6436917779    0.0004054328721    -0.001634473173
 "BPM.23R4.B2"              14267.68443        51.28273809      -0.8506048538        34.92894097       0.4786062899        33.44304527        32.19304379        2.150387336    -0.002102177906      0.02959646131    0.0005618468938   -2.848235609e-07   -0.0003833924874       -15.59518285       -2.454607135                 -0                 -0                 -0                 -0                 -0        254.7546439        83.47664392        66.78215146        62.36156432         32.9511633       -2.593931668 "MONITOR"                            0                  0      0.01309408481      -0.5946695204    9.074470129e-06      0.01340601645
 "BPM.24R4.B2"              14321.13592        59.83769003      -0.6235658586        183.4684069       -2.468680794        33.62043804        32.31985089        1.088027532      0.02599124319     -0.01450804076    0.0005298826702   -1.343551463e-06   -4.720937616e-05        25.52819141       -8.626501375                 -0                 -0                 -0                 -0                 -0        252.0107049        84.52423853        67.13819809        62.61781578        -2.10988133        6.725757392 "MONITOR"                            0                  0      0.01243138502       -1.369607624    0.0002986858943     -0.01800589533
 "BPM.25R4.B2"               14374.5874        587.2175811       -7.910720393        32.27254308       0.5796190369        33.66982847        32.43169533        2.132744467      0.01698236792      0.02946249046   -0.0001996833837   -4.304816447e-06    0.0003054604838        104.6945923       -2.927357771                 -0                 -0                 -0                 -0                 -0        244.2111086        79.59643048        67.23663953        62.83534431       -6.833274701        8.042701851 "MONITOR"                            0                  0       0.0226853272        -1.59612118   -0.0005995999929      0.05030844866
 "BPM.26R4.B2"              14428.03889         64.7068126        2.584948191        161.0879719       -2.260083242        33.71088694        32.57768517         1.08757829      0.03130240138     -0.01416144225    0.0003115602363   -1.102999183e-06     0.001108963792          31.952726      0.08855321772                 -0                 -0                 -0                 -0                 -0        344.0665761        81.39142985        67.32129255        63.11988809        -4.20662463       -2.426422334 "MONITOR"                            0                  0    -0.007781626619      -0.5923323593    0.0002262869734    -0.001032131492
 "BPM.27R4.B2"              14481.49037        51.28111432      -0.8502520687        34.92647384        0.478684657        33.94299531        32.69304298        2.151290657    -0.002157589824      0.02981831715    -0.000697061544   -2.731955305e-06    0.0003833942003       -9.747769091        2.279099726                 -0                 -0                 -0                 -0                 -0        337.7663061         98.7366956        67.78659063        63.37304177        45.95862962       -1.967229701 "MONITOR"                            0                  0      0.01772256109      -0.7680520961    0.0001854898497     0.004530262348
 "BPM.28R4.B2"              14534.94185        59.82369377      -0.6236538455        183.4474323       -2.468481445        34.12043265         32.8198657        1.098746036     -0.04389667354     -0.01432654486   -0.0007917992557     -9.1412454e-07    4.722214029e-05       -33.56994585        7.716229263                 -0                 -0                 -0                 -0                 -0        335.0761166        99.87963678        68.14241784        63.62875945      -0.9078940179        9.114312021 "MONITOR"                            0                  0     0.006779326802       -2.064967617    0.0001970186016     -0.02804458543
 "BPM.29R4.B2"              14588.39334        587.1872988       -7.910638491        32.27443878       0.5795301494        34.16983034        32.93171371         2.16871126     -0.02375694237      0.02995083826    0.0004335494911   -5.452432708e-09   -0.0003054545994        -106.064314        2.559426865                 -0                 -0                 -0                 -0                 -0        327.2382542          94.671921        68.24104039        63.84776415        -6.77335706        9.934624443 "MONITOR"                            0                  0      0.02645135081        -2.03489176   -0.0007896144917      0.06899408685
 "BPM.30R4.B2"              14641.84482         64.7109393        2.584987262        161.1024455       -2.260154874        34.21088766        33.07768452        1.099253525     -0.03104256108     -0.01466742389   -0.0001831358446    7.907322866e-07    -0.001108964294       -30.65986198    -0.007947364288                 -0                 -0                 -0                 -0                 -0        321.4003701        92.77521887         68.3223569        64.14043243       -4.235857459       -2.084141529 "MONITOR"                            0                  0    -0.007524445645      -0.5749688325    0.0003765581817   -0.0002259258127
 "BPM.31R4.B2"              14695.29631        51.28219251      -0.8504132796        34.92981154       0.4786355648         34.4430163        33.19304068        2.150208055     0.008522619583       0.0295940457    0.0008105080385   -1.169338225e-06   -0.0003833879894        17.73053944       -2.245384195                 -0                 -0                 -0                 -0                 -0        315.0666611        111.5793157         68.7877668        64.38797943        42.42248823      -0.4599763185 "MONITOR"                            0                  0      0.01081905128      -0.4307058128    3.493124442e-05      0.01154198107
 "BPM.32R4.B2"              14748.74779        59.82954622      -0.6236015311         183.464958       -2.468610872        34.62043308        33.31984734        1.087967073      0.06558151325     -0.01450555501     0.001087933747   -1.645146571e-06   -4.719933755e-05        36.90934224       -7.735360475                 -0                 -0                 -0                 -0                 -0        312.3947091        112.8405854        69.14367541         64.6432973       -1.356737138        12.02866135 "MONITOR"                            0                  0      0.01634631222       -1.272531602     0.000332816746     -0.01715926095
 "BPM.33R4.B2"              14802.19927        587.1935205       -7.910572651         32.2717487         0.57958979        34.66982802         33.4316947        2.132742965      0.03091301644      0.02946352505   -0.0007363074213   -4.327936367e-06    0.0003054624673        105.6245174       -2.608004666                 -0                 -0                 -0                 -0                 -0        304.5823329        107.4513008         69.2423281        64.86365112        -6.71560023        11.86296077 "MONITOR"                            0                  0      0.02281611907       -1.595447171   -0.0006284041659      0.05016871848
 "BPM.34R4.B2"              14855.65076        64.70676016        2.584955663        161.0891588       -2.260077017        34.71088648        33.57768274        1.087569082      0.03078901789     -0.01416169745    5.336482127e-05   -1.102997116e-06     0.001108965207        31.90503379      -0.1487723322                 -0                 -0                 -0                 -0                 -0        298.7317689        105.6036752        69.32361067        65.15651365         -4.2643397       -1.754736488 "MONITOR"                            0                  0    -0.007782534937      -0.5923538091    0.0002262745055    -0.001032411334
 "BPM.33L5.B2"              14909.10224        51.28104532      -0.8502604311        34.92571179       0.4786842944        34.94299637        33.69304157        2.151265614      -0.0148189245      0.02981802735   -0.0009225431184   -2.731954381e-06    0.0003833938256       -9.985502742        1.847016633                 -0                 -0                 -0                 -0                 -0        292.4652745        125.0826957        69.78911807        65.39968661        38.89982482        1.026430266 "MONITOR"                            0                  0      0.01772241964      -0.7680505068    0.0001854950697      0.00453027506
 "BPM.32L5.B2"              14962.55373        59.82395399      -0.6236470836        183.4465197       -2.468486165        35.12043231         33.8198662        1.098735943     -0.08778847672     -0.01432623869    -0.001396387166   -9.724717136e-07    4.722019513e-05       -31.13913023        6.535430698                 -0                 -0                 -0                 -0                 -0         292.163102         126.996077        70.14454026        65.65275667       -2.103331757        15.00804616 "MONITOR"                            0                  0     0.007132067759       -2.082189584    0.0002042504791     -0.02839760951
 "BPM.31L5.B2"              15016.00521        587.1861021       -7.910611974        32.27496845       0.5795318704        35.16982993        33.93171343        2.168706168     -0.03850007231      0.02995091846     0.001041535687   -2.131407554e-07   -0.0003054553265       -97.13294091        2.270742598                 -0                 -0                 -0                 -0                 -0        284.3218354        121.4062833        70.24319895        65.87386158       -7.045844171        14.02578657 "MONITOR"                            0                  0      0.02702137784       -2.075979361   -0.0007960959783      0.06946130597
 "BPM.30L5.B2"               15069.4567         64.7135865        2.585126061        161.0971948       -2.260007887        35.21088537        34.07768081        1.099310098     -0.03451356898     -0.01466616506    3.924577653e-06     9.68435759e-07    -0.001108964363       -37.15801064       0.2085631366                 -0                 -0                 -0                 -0                 -0        386.0608942        122.2640931         70.3258973        66.16040322       -3.653183495       -1.683400515 "MONITOR"                            0                  0    -0.007098094881      -0.6680194831    0.0003968789478    -0.001845962953
 "BPM.29L5.B2"              15122.90818        51.27983408      -0.8504323827        34.92657344       0.4785556403        35.44302382        34.19304673        2.150398887      0.01903794047      0.02959662811     0.001076140206    -2.90148721e-07   -0.0003833858167        -16.0119793       -1.927064506                 -0                 -0                 -0                 -0                 -0        379.7774602        142.0875925        70.79117393        66.40167615        52.16748729        1.664436031 "MONITOR"                            0                  0      0.01306057925      -0.5947681268    1.629003908e-05      0.01344169828
 "BPM.28L5.B2"              15176.35966        59.83390413      -0.6236519232        183.4721793       -2.468803566        35.62043661        34.31985795        1.088030993       0.1066495945     -0.01450820999     0.001676968815   -1.343515846e-06   -4.719204905e-05        25.33789374       -6.929089349                 -0                 -0                 -0                 -0                 -0         379.488728        143.9955825        71.14646607        66.65478722       -1.179136608        17.52002557 "MONITOR"                            0                  0      0.01243514177       -1.369583747    0.0002987408668     -0.01800575588
 "BPM.27L5.B2"              15229.81115        587.2302241       -7.911029622        32.27494467       0.5796705987         35.6698281        34.43169599        2.132745691       0.0458685514      0.02946245763    -0.001283559367   -4.304809566e-06     0.000305464813        104.7778212       -2.437955786                 -0                 -0                 -0                 -0                 -0        371.6733975        138.4477321        71.24519933        66.87633529       -7.375901946        16.18470467 "MONITOR"                            0                  0      0.02268692526       -1.596207433   -0.0005996382552      0.05031001784
 "BPM.26L5.B2"              15283.26263        64.71245865         2.58506354        161.0835363       -2.259951372        35.71088429        34.57768096         1.08761172      0.03819179966      -0.0141607779   -6.364139164e-05   -1.103021438e-06     0.001108958795        32.16938891     -0.00432450308                 -0                 -0                 -0                 -0                 -0        471.6366648        139.1879681        71.32734519        67.16361467       -3.058787722       -1.618093778 "MONITOR"                            0                  0    -0.007783222897      -0.5923719664    0.0002262712023    -0.001032011946
 "BPM.25L5.B2"              15336.71412        51.27801306      -0.8500737687        34.92394279       0.4786310558        35.94297379        34.69304582        2.151374822     -0.02322278881      0.02981925621    -0.001227909863   -2.732001218e-06    0.0003833875157        -9.09501826        1.790224173                 -0                 -0                 -0                 -0                 -0        465.4212888        158.9519416        71.79238647        67.40327566        65.17400347        2.296149247 "MONITOR"                            0                  0        0.017721742       -0.767990243    0.0001854872558     0.004531480792
 "BPM.24L5.B2"               15390.1656        59.81990857      -0.6237398939        183.4512058        -2.46860424        36.12043122        34.81987276         1.09875465      -0.1245561439     -0.01432809319    -0.001938902128   -9.141313255e-07    4.720481368e-05       -33.37607053        6.106581914                 -0                 -0                 -0                 -0                 -0        462.8075308        160.3211307        72.14803245        67.65796178       0.0232289836         19.9086589 "MONITOR"                            0                  0     0.006783170006       -2.064939252    0.0001970753062     -0.02804438774
 "BPM.23L5.B2"              15443.61708        587.1999432       -7.910947741        32.27684073        0.579581717        36.16982997        34.93171437         2.16864584     -0.05264346219      0.02994946372     0.001517441906   -5.422715046e-09   -0.0003054589284       -106.1586478        2.084116281                 -0                 -0                 -0                 -0                 -0        454.9636649           154.6647        72.24680055        67.87980319       -7.315976604        18.07672989 "MONITOR"                            0                  0      0.02645291138       -2.034975051   -0.0007896529643      0.06899560067
 "BPM.22L5.B2"              15497.06857        64.71928346        2.585244105        161.0923036       -2.259888701        36.21088309        35.07767898        1.099274853     -0.04102317804     -0.01466558103    0.0001287191686    1.039278267e-06    -0.001108959391       -40.49273455     -0.01709459353                 -0                 -0                 -0                 -0                 -0        556.7042614        155.3511028        72.32865395        68.16747669       -2.037243517       -1.698103999 "MONITOR"                            0                  0    -0.006118490094      -0.6437409993    0.0004054166641    -0.001633848305
 "BPM.21L5.B2"              15550.52005        51.27654596      -0.8502502994        34.92457523       0.4785078109        36.44300266        35.19305086        2.150309649      0.02751680896      0.02959550038     0.001364943323    -2.84623932e-07   -0.0003833793804       -17.13853317       -1.895258719                 -0                 -0                 -0                 -0                 -0        550.4606718        175.4678064        72.79359487        68.40595277        78.44486012        2.929240454 "MONITOR"                            0                  0      0.01309270786      -0.5945510248     9.06466449e-06      0.01340830101
 "BPM.20L5.B2"              15603.97154        59.83019436      -0.6237373764        183.4760198       -2.468907319        36.62043533        35.31986476        1.087994508       0.1426488876     -0.01450711668     0.002203741988   -1.343482806e-06   -4.717536179e-05        25.05227955       -6.483169282                 -0                 -0                 -0                 -0                 -0        547.8649388        176.8552392        73.14912999         68.6605206        1.248766412        22.32236051 "MONITOR"                            0                  0      0.01243881095       -1.369559889    0.0002987925544     -0.01800547128
 "BPM.19L5.B2"              15657.42302        587.2429972       -7.911338733        32.27671374       0.5797144439        36.66982786        35.43169769        2.132722386      0.05949739145      0.02946265936    -0.001753598255   -4.304808618e-06    0.0003054689959        104.8101657       -2.217223519                 -0                 -0                 -0                 -0                 -0        540.0492735        171.2404756        73.24792058        68.88265695       -7.257205719        19.98467943 "MONITOR"                            0                  0      0.02268818181       -1.596268787   -0.0005996809972      0.05031195093
 "BPM.18L5.B2"               15710.8745        64.71805765        2.585178736         161.079358       -2.259842984        36.71088177        35.57767966        1.087646908      0.04380914871     -0.01415962214   -0.0001962076817   -1.103045076e-06     0.001108954028          32.438494       0.3270690731                 -0                 -0                 -0                 -0                 -0        640.0012413        171.8057095        73.32962502        69.17080556       -1.032911176       -1.784046365 "MONITOR"                            0                  0    -0.007783675823      -0.5923863164    0.0002262708612    -0.001031562905
 "BPM.17L5.B2"              15764.32599        51.27493052      -0.8498976295        34.92210759       0.4785861686        36.94295269        35.69305005         2.15149205      -0.0317770934      0.02982078689    -0.001500177484   -2.732046839e-06    0.0003833810936       -8.206008977        1.773706384                 -0                 -0                 -0                 -0                 -0        633.8187788         191.870278        73.79441228        69.40820093        91.45658188        3.556057981 "MONITOR"                            0                  0      0.01772111326      -0.7679314781     0.000185477384     0.004532745529
 "BPM.16L5.B2"              15817.77747        59.81619938      -0.6238253284        183.4550471       -2.468708013        37.12042995        35.81987957        1.098786226      -0.1605564808     -0.01432986926    -0.002465689855   -9.141367891e-07    4.718812693e-05       -33.08975863        5.654375121                 -0                 -0                 -0                 -0                 -0        631.2319659        193.2718518         74.1499241        69.66266931        2.451585408         24.7110969 "MONITOR"                            0                  0     0.006786922198       -2.064911098    0.0001971286566     -0.02804404744
 "BPM.15L5.B2"              15871.22896        587.2127163       -7.911256852        32.27861014       0.5796255674        37.16982973        35.93171607        2.168620713     -0.06627261644      0.02994844224     0.001987496015   -5.388781313e-09   -0.0003054631112       -106.2027697        1.852689973                 -0                 -0                 -0                 -0                 -0        623.3882838        187.5620531        74.24872533        69.88496887       -7.197265791        21.87680029 "MONITOR"                            0                  0       0.0264541319       -2.035033568   -0.0007896959162      0.06899748115
 "BPM.14L5.B2"              15924.68044        64.72488324        2.585359319        161.0881255       -2.259780305        37.21088057        36.07767768        1.099249846     -0.04664060867     -0.01466550959     0.000261289068    1.039307378e-06    -0.001108954625       -40.76496547      -0.3796659768                 -0                 -0                 -0                 -0                 -0        725.1120651        188.1018864        74.33036169         70.1733758     -0.01149375243        -1.86402663 "MONITOR"                            0                  0    -0.006118908544      -0.6437530263    0.0004054162808    -0.001633371651
 "BPM.13L5.B2"              15978.13193        51.27346112      -0.8500741258        34.92274047       0.4784629299        37.44298157        36.19305509        2.150221153      0.03607351575      0.02959421879     0.001637207882   -2.845254256e-07   -0.0003859857052       -18.03106953        -1.89178979                 -0                 -0                 -0                 -0                 -0        718.8940192        208.4579712        74.79509018        70.41006417        104.7279533        4.189189115 "MONITOR"                            0                  0      0.01309211463      -0.5944933181    9.056092711e-06      0.01340946944
 "BPM.12L5.B2"              16031.58341        61.01325736       -0.622297305        180.6379612       -2.430566053        37.61743017        36.32109762         1.13750893       0.1777018174     -0.01356825704     0.002712507632   -1.349634238e-06   -4.702165991e-05        24.30625238       -5.990494484                 -0                 -0                 -0                 -0                 -0        716.2712006        209.8377156        75.14452344        70.66687182        4.976107858        27.25246254 "MONITOR"                            0                  0      0.01281633119       -1.373392956    0.0003013326229     -0.01783427274
 "BPM.11L5.B2"              16085.03489        577.0806354       -7.714882598        36.78079489       0.6124019323        37.66674098        36.42560804        2.258392718      0.07951249786      0.03094699146    -0.002089263172   -4.270206442e-06    4.283394285e-06        102.2996796       -2.196945768                 -0                 -0                 -0                 -0                 -0        708.4877158        203.7630052        75.24307881        70.87456382       -7.081464322         24.7244313 "MONITOR"                            0                  0      0.02397096329       -1.703358312   -0.0005637944727       0.0477504996
 "BPM.10L5.B2"              16137.81758        68.39914592        2.602040324        160.8220673       -2.122952588           37.70676        36.55600186       0.9549394062      0.07053608831     -0.02057209497   -7.332299023e-05   -1.400246719e-06     3.16855721e-05        33.44629449      -0.2156528676                 -0                 -0                 -0                 -0                 -0        805.4563269        205.1329179        75.32328921        71.13094998      -0.4734782615       0.5796379947 "MONITOR"                            0                  0     -0.01218096058      -0.7935162079    0.0001709258728    -0.003920381763
 "BPM.9L5.B2"               16176.88457        47.70470879      -0.3423612297        27.31219615       0.8805456692        37.84103955        36.64615668        1.367069434      -0.0111788972      0.01888031862     -0.00226680548   -4.916076093e-07    1.485499945e-05        9.066489732        1.397242159                 -0                 -0                 -0                 -0                 -0        805.2261035        204.5459376        75.59161698        71.30958996        91.73748361       -2.787374877 "MONITOR"                            0                  0     0.009741026433      -0.4160099275   -0.0001083398189      0.02345308349
 "BPM.8L5.B2"               16217.34956        26.50682078      -0.7758886462          103.47554       -2.015001648        38.11219465        36.81216912       0.3491637349       -0.131619624     -0.02411413966    -0.003061078983    8.818579689e-07    1.292119166e-05       -21.13912464        5.380815363                 -0                 -0                 -0                 -0                 -0        804.1629287        206.2439855        76.13433906        71.64105835        8.851205001         24.9189368 "MONITOR"                            0                  0      0.01819170952      -0.6883202192    0.0006097826802      -0.0129915862
 "BPM.7L5.B2"               16256.41755        436.6053138       -9.032041964         22.4660764       0.3897058075        38.17839825        36.94063713     -0.03170045392     -0.05973902424    -0.002910599727       0.0022693079    3.686759111e-06   -4.566079591e-06       -85.61963496        1.546815208                 -0                 -0                 -0                 -0                 -0        797.6890297         206.480822        76.26721325        71.89931815       -6.981516653        21.77016947 "MONITOR"                            0                  0       0.0249242371       -1.147819217   -0.0007506541923      0.04192715089
 "BPMR.6L5.B2"              16293.31155        3.592853316       0.7567701346        176.1110233       -3.890413796        38.31622959        37.06429611     -0.06988791567     -0.06484908995   -0.0007723390065   -0.0004532671861    1.813324889e-07   -3.405821047e-05       -4.021904113      -0.7450972039                 -0                 -0                 -0                 -0                 -0        784.0960157         203.556764        76.54283137        72.14653809        71.63127611       -1.086748452 "MONITOR"                            0                  0     -0.03513179404      -0.3311242993   -0.0001772418912    -0.006890511748
 "BPMWT.B6L5.B2"            16304.62155        43.32963795        -4.28493789        249.1006283       -3.081832518        38.63023931        37.07276477     -0.08287994319     -0.06597720259    -0.001295602183    2.082916567e-05   -1.156672496e-06   -0.0001643877182        27.11990705        -1.32435644                 -0                 -0                 -0                 -0                 -0        779.0855074        202.9337927        77.17086796         72.1634699       0.1513223429        -2.06226059 "MONITOR"                            0                  0     -0.03303699463    -0.009006776235    0.0001114373057    -0.005520576363
 "BPMWT.A6L5.B2"            16310.44355        108.3688368       -6.886343265        286.4139308       -3.327185416        38.64377784        37.07623407     -0.09042224731     -0.06571287078    -0.001295602183    2.082916567e-05   -1.848462989e-06   -0.0003074518158        43.22433029       -1.612272024                 -0                 -0                 -0                 -0                 -0        776.4858686        202.6893046        77.19792432        72.17042512       -4.077179968       -2.416466575 "MONITOR"                            0                  0     -0.03238820663       0.1474165672    0.0001114373057    -0.006169364357
 "BPMWT.D6L5.B2"            16311.62155        125.2131111       -7.412701137        294.3112599       -3.376829132        38.64538736        37.07687982      -0.0919483267     -0.06565938694    -0.001295602183    2.082916567e-05   -1.988437087e-06   -0.0003363988283        46.48283434       -1.670527702                 -0                 -0                 -0                 -0                 -0        775.9598698        202.6398361         77.2011391        72.17171999       -4.468342179       -2.479389835 "MONITOR"                            0                  0     -0.03225693349       0.1781477236    0.0001114373057    -0.006300637503
 "BPMWT.C6L5.B2"            16321.69455        319.8864635       -11.91355245        366.6168493       -3.801329258        38.65340118        37.08176114      -0.1049977306     -0.06520205023    -0.001295602183    2.082916567e-05   -3.185346334e-06   -0.0005839228157        74.34608672       -2.168668148                 -0                 -0                 -0                 -0                 -0        771.4621106        202.2168379        77.21713021        72.18151129       -6.051136007       -2.923895286 "MONITOR"                            0                  0     -0.03113442551       0.4282984702    0.0001114373057    -0.007423145483
 "BPM.5L5.B2"               16325.21155        409.2132782       -13.48503007        393.8766705       -3.949543985        38.65494831        37.08323418      -0.1095539456     -0.06504237057    -0.001295602183    2.082916567e-05    -3.60324863e-06   -0.0006703461121        84.07457462        -2.34259448                 -0                 -0                 -0                 -0                 -0         769.891722         202.069149        77.22021165        72.18446734       -6.285875679        -3.04707389 "MONITOR"                            0                  0      -0.0307425005       0.5103126418    0.0001114373057    -0.007815070487
 "BPMYA.4L5.B2"             16352.61755        1162.207745       -16.53519053        867.6467687        -10.9320844        38.66113358        37.09086619      -0.1224668285     -0.07672500425   -0.0003638548111   -0.0005183340608    -6.07006937e-06    -0.001494014314        141.4395995       -4.187257209                 -0                 -0                 -0                 -0                 -0         762.774796        198.6218629        77.23258459        72.19938933       -6.992899121       -3.600917518 "MONITOR"                            0                  0     -0.02970854539        1.221754615   -0.0001684110979    0.0007529851518
 "BPMWB.4L5.B2"             16373.67605        1963.327112        -21.5073787        1389.664852        -13.8567863        38.66335241        37.09391864      -0.1225293043     -0.08691801683    0.0007651964164   -0.0005183230477    -7.88556414e-06      -0.0022162596        183.6406367       -5.654233569                 -0                 -0                 -0                 -0                 -0        757.8025129        195.7241283        77.23703386        72.20517308       -7.155948786       -3.781809882 "MONITOR"                            0                  0     -0.03325496075        1.937908397   -0.0001684067646     0.004299253446
 "BPMSY.4L5.B2"             16466.59205        7998.541531       -43.44606767        5163.781549       -26.76156738        38.66708447        37.09944016     -0.06692699024      -0.1316999783   -0.0003638546945   -0.0005183155418   -1.589550694e-05    -0.005594697249        369.7875748       -12.12688216                 -0                 -0                 -0                 -0                 -0        735.8635623        182.9496702        77.24455182        72.21467703       -7.321772484       -4.048817491 "MONITOR"                            0                  0     -0.04890264545        6.881216034   -0.0001684038537       0.0199464825
 "BPMS.2L5.B2"              16493.31755        13266.09362        846.7563868        1408.831973       -20.66577398        38.66742571        37.10114132     -0.08619824309     -0.06804295362     0.005501086836   -0.0008824529082    -2.04680949e-05    -0.003014649405        476.1324694       -6.644411673                 -0                 -0                 -0                 -0                 -0        353.8283978        91.31450805        77.24011938        72.17931968       -7.330067199       -4.118187507 "MONITOR"                            0                  0       0.2620135002         4.17829037     0.001368400716      0.02252159933
 "BPMWF.A1L5.B2"            16503.09555        4055.016129        186.3663867        1129.874649        51.86252313        38.66766269         37.1022387      -0.0476761016     -0.06026003749     0.002188856499     0.002877271135   -1.131506862e-05    -0.002703758407        263.1288838       -6.122277544                 -0                 -0                 -0                 -0                 -0        59.51687926        84.60912555        77.18755737        72.17515145       -7.335626984       -4.161718531 "MONITOR"                            0                  0      0.08102439821        1.928067841    -0.004820311872      -0.1124414494
 "BPMSW.1L5.B2"             16503.28255        3985.614629        184.7646295        1110.561342        51.41719507         38.6676701        37.10226527     -0.04726688272     -0.05974522827     0.002188856499     0.002877271135   -1.121778547e-05    -0.002680517971         260.864285       -6.074264191                 -0                 -0                 -0                 -0                 -0        58.04678033        84.22051168        77.18584938        72.17479462       -7.335802888       -4.162763688 "MONITOR"                            0                  0      0.08012299989        1.892058289    -0.004820311872       -0.111540051
 "BPMSW.1L5.B2_DOROS"         16503.28255        3985.614629        184.7646295        1110.561342        51.41719507         38.6676701        37.10226527     -0.04726688272     -0.05974522827     0.002188856499     0.002877271135   -1.121778547e-05    -0.002680517971         260.864285       -6.074264191                 -0                 -0                 -0                 -0                 -0        58.04678033        84.22051168        77.18584938        72.17479462       -7.335802888       -4.162763688 "MONITOR"                            0                  0      0.08012299989        1.892058289    -0.004820311872       -0.111540051
 "BPMSW.1R5.B2"             16546.41055         3980.68251       -184.6502695        1105.044085       -51.28926758        39.16594679        37.59606761      0.04711168382       0.0589857442     0.002188856499     0.002877271135    1.121872745e-05     0.002679447399       -261.4224256        4.999104223                 -0                 -0                 -0                 -0                 -0        317.1561642        50.54758315         76.7600019        72.89555008       -7.297299683       -3.913545511 "MONITOR"                            0                  0      -0.1277674105         2.59191185    -0.004820311872       0.0963503594
 "BPMSW.1R5.B2_DOROS"         16546.41055         3980.68251       -184.6502695        1105.044085       -51.28926758        39.16594679        37.59606761      0.04711168382       0.0589857442     0.002188856499     0.002877271135    1.121872745e-05     0.002679447399       -261.4224256        4.999104223                 -0                 -0                 -0                 -0                 -0        317.1561642        50.54758315         76.7600019        72.89555008       -7.297299683       -3.913545511 "MONITOR"                            0                  0      -0.1277674105         2.59191185    -0.004820311872       0.0963503594
 "BPMWF.A1R5.B2"            16546.54355        4029.950998       -185.7894872        1118.729156       -51.60599824        39.16595208        37.59608664      0.04740273255      0.05935189193     0.002188856499     0.002877271135    1.128791814e-05     0.002695976693       -263.0330761        5.033252758                 -0                 -0                 -0                 -0                 -0        318.2923835        50.73156528        76.75997054        72.89477791       -7.297410251       -3.914326953 "MONITOR"                            0                  0       -0.128408512         2.62180478    -0.004820311872      0.09699146088
 "BPMS.2R5.B2"              16556.37555        5056.556447        73.84528527        3680.753597       -235.0043097        39.16626015        37.59694875      0.05312777868       0.1068183719   -0.0007727086378     0.007006467176    1.264272049e-05     0.004883234616       -294.4797826        9.377405871                 -0                 -0                 -0                 -0                 -0        345.9247148        120.2762546        76.75967166        72.80312437       -7.303985979       -3.949530825 "MONITOR"                            0                  0      0.06301916512         5.15161059     0.003807013487       0.3141209264
 "BPMSY.4R5.B2"             16583.22105        18545.00767         95.8774404        2218.781294        11.98559792         39.1667347        37.59818659       0.1018260152      0.09051174215   -0.0005243491306   -6.554473717e-05    2.420722862e-05     0.003624237647       -563.4982207        7.738310329                 -0                 -0                 -0                 -0                 -0        694.1471714        223.2385186        76.75512688        72.78077524       -7.314758454        -4.00139194 "MONITOR"                            0                  0      0.03280510196        7.304037429   -0.0003662295506     -0.07595058877
 "BPMWB.4R5.B2"             16676.01705        5019.778688         49.8748441        555.7448335        5.935725194        39.16826544        37.61150219       0.1425823584      0.08748297796    0.0006047019992    -6.55501683e-05     1.25859728e-05    0.0005702853267       -292.1954459        6.330522313                 -0                 -0                 -0                 -0                 -0        740.1500441        229.2861558         76.7580758        72.80729443       -7.362130692       -4.840050431 "MONITOR"                            0                  0    -0.001179637202        0.365567949   -0.0003662312889     -0.04196614473
 "BPMYA.4R5.B2"             16697.07355        3139.198413        39.43631686        334.6788121        4.562950065        39.16910966        37.61927588       0.1391419825      0.08659300272   -0.0005243492472   -6.556189108e-05    9.948941032e-06    7.984196011e-05       -230.6209842        6.011055785                 -0                 -0                 -0                 -0                 -0        750.5887679        230.6585233        76.75974055        72.82281728       -7.398197373       -5.558372241 "MONITOR"                            0                  0    -0.008891217556      -0.3308757365   -0.0003662307979     -0.03425465512
 "BPMR.5R5.B2"              16718.19155        1694.650819        28.96730062        171.0345656         3.18609087         39.1705669        37.63334226       0.1280714198      0.08524463657   -0.0005243492472   -6.556189108e-05    7.304224121e-06    4.367216682e-05       -168.8590548        5.690660441                 -0                 -0                 -0                 -0                 -0        761.0579222        232.0348428        76.76263181        72.85092555       -7.477065623       -7.260373123 "MONITOR"                            0                  0     -0.01662527955      -0.7031728898   -0.0003662307979     -0.02652059313
 "BPM.6R5.B2"               16750.09155        800.7764925        10.48136572        11.06579456       0.6289806086        39.17502867        37.76037622       0.1423672057      0.06259779437    0.0005544361662   -0.0007814542852    5.006567618e-06    6.715353361e-06       -114.8122839        3.860615803                 -0                 -0                 -0                 -0                 -0        766.4946146        235.7827529        76.77159805        73.10445931       -7.847648222       -33.88929574 "MONITOR"                            0                  0     -0.01305453224      -0.9085174798   -5.257383851e-05     -0.01770672078
 "BPMRA.7R5.B2"             16784.10555        95.51678811          5.4358116        115.0278437       -3.628971128        39.19425689        38.04769502       0.1294062492      0.04949362707   -0.0004764817175   -0.0003462034031     1.69216999e-06   -2.599528445e-05       -37.39291926        2.559140623                 -0                 -0                 -0                 -0                 -0        776.7779416        239.9542582        76.81002897        73.67882119       -11.63190823        -5.55666067 "MONITOR"                            0                  0     -0.02973891323      -0.7515522706   -0.0003214604233     -0.01429046898
 "BPM.8R5.B2"               16825.54256        30.67250149      -0.3380927315        16.19679643       0.4310301822        39.38084971        38.18949715       0.5366272334     -0.05237912956       0.0168130012    -0.002694423383    1.584358423e-07   -1.081616568e-05        2.316064297       -3.228533773                 -0                 -0                 -0                 -0                 -0        778.5641539        241.5699541        77.18341982        73.96378653       -125.9102798        -18.6612902 "MONITOR"                            0                  0     0.009166909248       -0.257924707    6.130635371e-05       0.0182805506
 "BPM.9R5.B2"               16864.60757        40.16915134      -0.9401782781        139.9430448       -3.161006261        39.61887427         38.3710723       0.5921729347      -0.2411114957     0.005679349733    -0.005025664503    -1.09751015e-06   -3.099284612e-06        27.88913398        -14.1303057                 -0                 -0                 -0                 -0                 -0        779.4765676         240.425463        77.65924725        74.32869861       -17.22274025       -40.07908315 "MONITOR"                            0                  0      0.02806595145      -0.9088763223    0.0007539087343      -0.0178800708
 "BPM.10R5.B2"              16905.07058        538.6683687       -10.46052986        42.83332906       0.9053064035        39.66919607        38.44669023        1.851401389      -0.1037339034      0.03958213924     0.004292808385    -4.12106531e-06    6.967331828e-06        95.18384161       -6.270850134                 -0                 -0                 -0                 -0                 -0        786.7290233        238.9682281        77.75947432        74.47981486       -7.545153863       -25.77401033 "MONITOR"                            0                  0      0.03436469924       -1.677275848    -0.001067101071      0.05741971522
 "BPM.11R5.B2"              16957.85129        64.34058322        2.556655002        168.8431824       -2.146585371        39.71050505        38.56599344        1.096286088      -0.0290784052     -0.01366733678     0.001236071712   -1.347389289e-06    3.351741566e-05        30.83955395       -2.387582213                 -0                 -0                 -0                 -0                 -0        792.5849462        240.1281153        77.84225193        74.71772347       -17.74423197       -4.790238634 "MONITOR"                            0                  0     -0.01025491929      -0.7511632445    0.0002007068027    -0.003181385422
 "BPM.12R5.B2"              17012.57481        52.62535174      -0.8943053084        32.53230427       0.4442874567        39.94936772        38.68811658         2.17123629      0.07324178005      0.02948406115     0.001898372935    3.405574993e-07    1.537523992e-05       -7.322955186        4.122275717                 -0                 -0                 -0                 -0                 -0        797.9188914        220.6306582        78.31940264        74.96107287        -128.704971       -17.75756792 "MONITOR"                            0                  0      0.01249356917      -0.5957478103    5.748189658e-05      0.01215703193
 "BPM.13R5.B2"              17066.02333        60.53240211      -0.5908257918        183.2293341       -2.536490896             40.121        38.82100919        1.098747026       0.2825955913     -0.01472172813      0.00402882641    1.349472353e-06    1.525181763e-05       -30.69909254        16.84694374                 -0                 -0                 -0                 -0                 -0        800.2538757        218.9192404        78.66220096         75.2266235       -16.79742024       -39.53664423 "MONITOR"                            0                  0      0.01152915123       -1.395228053    0.0002892049592     -0.01887097358
 "BPM.14R5.B2"              17119.47184        586.8740791        -7.88681045        32.24403054       0.5786077619        40.17012303        38.93295423        2.169201602      0.09671961195      0.02996681157    -0.003892839342    4.295779933e-06    -0.000514683164       -99.70101671        5.809064186                 -0                 -0                 -0                 -0                 -0        808.0636014         224.799686        78.76032035        75.44997359       -7.530723063       -27.41955326 "MONITOR"                            0                  0      0.02270053135       -1.603030842   -0.0006055846546      0.05099131241
 "BPM.15R5.B2"              17172.92036        64.07054482         2.57604218         161.181752       -2.262076701        40.21139707        39.07895343        1.099690785     0.003725784731     -0.01467090819    -0.001654476934    2.104362381e-06    -0.001856475883       -39.88864521        1.559556507                 -0                 -0                 -0                 -0                 -0        697.7276132        226.0745168        78.84519736        75.74521016        -17.0066535       -4.545072427 "MONITOR"                            0                  0    -0.003486687895      -0.7792796764    0.0003168058232    -0.004902607304
 "BPM.16R5.B2"              17226.36887        51.60173062      -0.8743799418        34.96247029       0.4794472646        40.44634487        39.19420741            2.15117     -0.07347226827      0.02960585708     -0.00139944439   -7.445303496e-06    -0.000638045611       -22.91717241       -4.416775512                 -0                 -0                 -0                 -0                 -0        703.1787904        206.7594057        79.31436556        75.97704856       -114.9665692       -18.67331568 "MONITOR"                            0                  0     0.006996870354      -0.3928547797   -0.0002424635669      0.02701630603
 "BPM.17R5.B2"              17279.81739        60.49987125      -0.6143537992        183.3774488       -2.466586115        40.62099011        39.32096749        1.088352253      -0.2573716558     -0.01451880203    -0.003542651859    -6.86192472e-06    -6.58194252e-05        21.11988042        -17.1566006                 -0                 -0                 -0                 -0                 -0        705.5206324        205.0517713         79.6632222         76.2303001       -15.41106522       -37.52398333 "MONITOR"                            0                  0      0.01939815114      -0.3811992292    0.0004348054132    -0.003525813113
 "BPM.18R5.B2"               17333.2659        586.9713606       -7.888267064        32.24684226       0.5788650601        40.67010829        39.43289171         2.13282438     -0.08684925019      0.02945940169     0.003568797905   -1.510317041e-05    0.0005158028143        97.84249657       -6.073228151                 -0                 -0                 -0                 -0                 -0        713.2986626        210.8369954        79.76132436        76.45349274       -7.459093906       -25.75624198 "MONITOR"                            0                  0      0.01709271489      -0.9494856094    -0.000310744583      0.02293859536
 "BPM.19R5.B2"              17386.71442        64.10348318        2.576520567        161.1471205       -2.261686535        40.71137074          39.578914        1.087339835     0.001201967289     -0.01416872275     0.001574454974   -2.110822268e-06     0.001856535522        30.98470865        -1.52480695                 -0                 -0                 -0                 -0                 -0        604.9982093        212.2108878        79.84666622        76.74882916       -15.89092749        -4.66690191 "MONITOR"                            0                  0    -0.006623772081      -0.6856896072    3.595659149e-05    -0.003603971422
 "BPM.20R5.B2"              17440.16294        51.57881909      -0.8724419377        34.95599194       0.4794988073        40.94608442        39.69417424        2.150363973       0.0678838274      0.02980661227     0.001196477104    3.320242755e-07    0.0006381465754       -5.633467367         4.05026726                 -0                 -0                 -0                 -0                 -0        610.3874506        193.1470701        80.31531438        76.98113503        -100.593421       -18.26254829 "MONITOR"                            0                  0      0.01324080583      -0.6024174533    3.220993629e-05      0.01310837686
 "BPM.21R5.B2"              17493.61145          60.439182      -0.6150196593        183.3552245       -2.466490658        41.12095611        39.82096022        1.098593283       0.2324181414     -0.01431190915     0.003171541815    1.350871967e-06    6.623054734e-05       -30.34568098        15.77946212                 -0                 -0                 -0                 -0                 -0        612.7118525        191.4301742         80.6645004        77.23440345       -14.05421322       -35.53411036 "MONITOR"                            0                  0       0.0120972648       -1.394558491    0.0002920432003     -0.01831682601
 "BPM.22R5.B2"              17547.05997        586.9338897       -7.889410604        32.25084631       0.5787977108        41.17010143        39.93288398        2.169111745       0.0770996949      0.02996230282    -0.003248612831    4.298369701e-06    -0.000515649833       -99.71242648        5.595809645                 -0                 -0                 -0                 -0                 -0        620.5128852         197.270737        80.76260878         77.4574209       -7.386776958       -24.10886849 "MONITOR"                            0                  0      0.02270615581       -1.603199943   -0.0006056370711      0.05098403371
 "BPM.23R5.B2"              17600.50848        64.13329179         2.57705464        161.1623383       -2.261617725        41.21135266        40.07887372        1.099542822    -0.006227402909     -0.01467177267    -0.001498684979    2.106443412e-06    -0.001856530648       -40.19675571        1.922237076                 -0                 -0                 -0                 -0                 -0         510.393373        198.7615787        80.84879277        77.75303661       -14.76244562       -4.783563821 "MONITOR"                            0                  0     -0.00349527278      -0.7796869876    0.0003166383604     -0.00490670171
 "BPM.24R5.B2"                17653.957        51.56691871      -0.8721228871        34.95548475       0.4792546045        41.44604761        40.19415025        2.150675834     -0.06225201569      0.02959900344    -0.000990326272   -7.440662223e-06   -0.0006382500097       -23.96521178       -3.995701822                 -0                 -0                 -0                 -0                 -0        515.7897912        179.5740156        81.31714199        77.98594759       -85.88159636       -17.84836653 "MONITOR"                            0                  0     0.006992930236      -0.3927016297    -0.000242575153       0.0270288091
 "BPM.25R5.B2"              17707.40552        60.44200494      -0.6152889703        183.3960213       -2.467033565         41.6209468        40.32091835        1.088175799      -0.2071771166     -0.01451216583    -0.002795784342   -6.860859332e-06   -6.658504901e-05        20.77367065       -16.10054623                 -0                 -0                 -0                 -0                 -0        518.0845137         177.848058        81.66633711        78.23925163       -12.66424129       -33.52237453 "MONITOR"                            0                  0       0.0194125494      -0.3808036531    0.0004350688711    -0.003520892666
 "BPM.26R5.B2"              17760.85403        587.0310281       -7.890865237        32.25366429       0.5790550726        41.67008668        40.43282147        2.132784427     -0.06722735845       0.0294617363     0.002924917767   -1.510484412e-05    0.0005155324157        97.87457346       -5.846327066                 -0                 -0                 -0                 -0                 -0        525.8475312        183.5749376        81.76439218        78.46203668       -7.315258787       -22.44525481 "MONITOR"                            0                  0      0.01709711543        -0.94962681   -0.0003107588635      0.02293367923
 "BPM.27R5.B2"              17814.30255        64.16622715        2.577531765        161.1277123       -2.261227578        41.71132635        40.57883429        1.087515177      0.01116704526      -0.0141645691     0.001418853511   -2.113334439e-06     0.001856483255        31.30162815       -1.823784776                 -0                 -0                 -0                 -0                 -0        417.8684574        185.1887703        81.85175237        78.75777951       -13.65057962       -4.905078495 "MONITOR"                            0                  0    -0.006630238375       -0.686005086    3.583130008e-05    -0.003607020049
 "BPM.28R5.B2"              17867.75106        51.54430194      -0.8701885747        34.94900615       0.4793062594        41.94578697        40.69411707        2.150928436      0.05666526896      0.02981399396    0.0007871468044    3.255549797e-07    0.0006383509365       -4.572884305        3.647425342                 -0                 -0                 -0                 -0                 -0        423.1793208        166.2955842        82.31946652        78.99142776       -71.48362047       -17.43822798 "MONITOR"                            0                  0      0.01323748685      -0.6022801591    3.211403888e-05      0.01311864926
 "BPM.29R5.B2"              17921.19958        60.38133007      -0.6159534499        183.3737817       -2.466937939        42.12091278        40.82091109        1.098755373       0.1822160026     -0.01432025666     0.002424502813    1.349438005e-06    6.699626758e-05       -30.00192379        14.71360214                 -0                 -0                 -0                 -0                 -0        425.4360582        164.5607234        82.66889758        79.24476968       -11.30248727        -31.5324693 "MONITOR"                            0                  0      0.01210895519       -1.394198741    0.0002922522474     -0.01831209366
 "BPM.30R5.B2"               17974.6481        586.9935006       -7.892008318        32.25766993       0.5789877023        42.17007983        40.93281374        2.169022108      0.05747267779       0.0299577899    -0.002604673936    4.300855589e-06   -0.0005153793572       -99.72777465        5.348485971                 -0                 -0                 -0                 -0                 -0        433.2144117        170.3252066        82.76689803        79.46727466       -7.242898858       -20.79679348 "MONITOR"                            0                  0      0.02271130948       -1.603366167   -0.0006055934369      0.05097700864
 "BPM.31R5.B2"              18028.09661         64.1973192        2.577920031        161.1483961       -2.261314187        42.21130946        41.07879732        1.099560787     -0.01055153835     -0.01466925625    -0.001227364587    1.343533822e-06    -0.001856467037       -30.06254395        1.437042058                 -0                 -0                 -0                 -0                 -0        439.2514089        171.4553458        82.84957657         79.7578183       -13.67450984       -4.562915337 "MONITOR"                            0                  0     -0.00607676775      -0.6544459216    0.0002636943585    -0.002335872182
 "BPM.32R5.B2"              18081.54513        51.53348415      -0.8695981321        34.95324085       0.4791742839        42.44570571        41.19408252        2.150829357     -0.04724972757      0.02960147583   -0.0006239602154   -1.015891062e-05   -0.0006384560138        12.15244635       -4.004425051                 -0                 -0                 -0                 -0                 -0         444.639418        152.3740694         83.3171465        79.99178676       -74.92242683       -16.07589953 "MONITOR"                            0                  0     0.002830580485     -0.09286278138   -0.0001954293388       0.0236341751
 "BPM.33R5.B2"              18134.99364        60.36963215      -0.6162300343        183.4048665       -2.467218682        42.62089413        41.32085209        1.088239425      -0.1504046296     -0.01451404225     -0.00199142374   -7.788409518e-06   -6.736886652e-05        33.10108944       -15.56075684                 -0                 -0                 -0                 -0                 -0        446.9302098        150.6388771        83.66683519         80.2451193       -11.71354381       -28.97669347 "MONITOR"                            0                  0      0.02658124877      -0.2029221353    0.0004976999522    -0.001967853554
 "BPM.34R5.B2"              18188.44216        587.0278019        -7.89288203         32.2561909       0.5791361387        42.67006456        41.43274669        2.132828014     -0.04704257972      0.02946145966     0.002159246842   -1.517825186e-05    0.0005152528773        98.87814095       -5.552406182                 -0                 -0                 -0                 -0                 -0         454.690904        156.3200603        83.76490206        80.46747866        -7.17249107       -19.11071711 "MONITOR"                            0                  0      0.01733995035      -0.9484774909   -0.0003633789283      0.02267028608
 "BPM.33L6.B2"              18241.89067        64.21370102         2.57824823        161.1231051       -2.261049145        42.71128758        41.57875135        1.087491429     0.009944721623     -0.01416587659     0.001033755927   -2.115360492e-06     0.001856459206        31.27302524        -1.18275468                 -0                 -0                 -0                 -0                 -0        460.7190895        157.4488587        83.84758085        80.75787289       -13.69709365       -4.233456878 "MONITOR"                            0                  0    -0.006638306502       -0.686389321     3.56518909e-05    -0.003611946461
 "BPM.32L6.B2"              18295.33919        51.51889605      -0.8684482913        34.94493869       0.4792360233         42.9455491        41.69404434        2.150827383      0.03794131436      0.02981256273    0.0004629975899     3.21168723e-07     0.000638583046       -4.752972357        3.804569312                 -0                 -0                 -0                 -0                 -0        466.1015706          138.56586        84.31503908        80.99217931       -78.34858612       -14.73233556 "MONITOR"                            0                  0      0.01323394194      -0.6021946273    3.201105519e-05      0.01312939864
 "BPM.31L6.B2"              18348.78771        60.33492194      -0.6166438779        183.3767379       -2.467085979        43.12087173        41.82084605        1.098683405       0.1177012986     -0.01431963546     0.001537538569    1.187458084e-06    6.782506041e-05       -27.55959475        14.40562753                 -0                 -0                 -0                 -0                 -0        466.2452696         137.206888        84.66545511        81.24736547       -12.42011698       -26.35340264 "MONITOR"                            0                  0      0.01270379911       -1.422387364    0.0003044469877     -0.01889303475
 "BPM.30L6.B2"              18402.23622        587.0215143       -7.893778963        32.26124162       0.5790497653        43.17005709        41.93274015        2.168887962      0.03588324393      0.02995652282     -0.00170947774    3.729404075e-06   -0.0005150960997       -90.80111592        5.056831937                 -0                 -0                 -0                 -0                 -0        474.0423945         142.949292        84.76357915        81.46949171       -7.490529612       -17.18877394 "MONITOR"                            0                  0      0.02366263949       -1.671728343   -0.0006162368785      0.05174100983
 "BPM.29L6.B2"              18455.68474        64.24421667        2.578785918        161.1384315       -2.260984542        43.21126867        42.07871151        1.099431327     -0.01647841783     -0.01466915797   -0.0009712038426     1.91427393e-06    -0.001856452763         -37.404689        1.342825509                 -0                 -0                 -0                 -0                 -0        364.0690198        144.7907163        84.85146086        81.76628925       -12.98541485       -4.198407679 "MONITOR"                            0                  0    -0.005143891594      -0.8209828306    0.0003020468472    -0.005268914041
 "BPM.28L6.B2"              18509.13325        51.50713014      -0.8681094041        34.94481988       0.4789882058        43.44550785        42.19402051        2.150481342      -0.0324431715       0.0295971681    -0.000229012376   -7.448942202e-06   -0.0006386871026       -24.59071539       -3.838003953                 -0                 -0                 -0                 -0                 -0        369.4279106        125.9525844        85.31846073        82.00227807       -63.62078104       -14.31485001 "MONITOR"                            0                  0     0.006930128591      -0.3927029514   -0.0002308161762      0.02711261121
 "BPM.27L6.B2"              18562.58177        60.33622944      -0.6169245624        183.4218907       -2.467691304        43.62086293        42.32080246        1.088092745     -0.09118670604     -0.01450991279      -0.0011355236   -6.859792577e-06   -6.818860592e-05        20.50138343       -14.77804959                 -0                 -0                 -0                 -0                 -0        369.5479712        124.6868412        85.66892513        82.25774233       -11.32506979       -24.24428567 "MONITOR"                            0                  0      0.01943850294      -0.3798978787    0.0004355713786    -0.003509597944
 "BPM.26L6.B2"              18616.03029        587.1158821       -7.895233559        32.26426666       0.5793337357        43.67004362        42.43267391         2.13271872      -0.0251478944      0.02946195933     0.001376249838   -1.510892897e-05    0.0005149734957        97.95545321       -5.261197131                 -0                 -0                 -0                 -0                 -0        377.2967345        130.2426863        85.76691724         82.4792452       -7.808204049       -15.27319015 "MONITOR"                            0                  0      0.01710466746      -0.9498132486   -0.0003106864169      0.02291687312
 "BPM.25L6.B2"               18669.4788        64.27692715        2.579243487        161.1001541       -2.260546588         43.7112439        42.57867034         1.08764418      0.02292919446     -0.01416066755    0.0009046774353   -2.117901028e-06     0.001856399382        31.58382479       -1.048062969                 -0                 -0                 -0                 -0                 -0        269.7165927         132.330096        85.85790218        82.77622478       -12.29128461       -4.168306396 "MONITOR"                            0                  0    -0.006645045476       -0.686718869    3.552121145e-05    -0.003615178284
 "BPM.24L6.B2"              18722.92732        51.48495003      -0.8661696085        34.93807395        0.479022493        43.94524683        42.69398719        2.151367055      0.02698802133       0.0298198199   -2.107888884e-06    3.148028057e-07    0.0006387874863        -3.70037702        3.577259362                 -0                 -0                 -0                 -0                 -0        274.9289034        114.0380458        86.32395084        83.01437906       -49.19654531       -13.90124196 "MONITOR"                            0                  0      0.01323051081      -0.6020554523     3.19111476e-05      0.01314007125
 "BPM.23L6.B2"              18776.37583        60.27557985      -0.6175865765        183.3996222       -2.467595342        44.12082885         42.8207952        1.098871557      0.06621684473     -0.01432695163    0.0007639622739     1.34744902e-06     6.86000006e-05       -29.73945917         13.5372443                 -0                 -0                 -0                 -0                 -0         277.109545        112.2897854        86.67378867        83.26800205       -9.958175973       -22.25471871 "MONITOR"                            0                  0      0.01212913759       -1.393381973    0.0002926388624     -0.01830139693
 "BPM.22L6.B2"              18829.82435        587.0782675       -7.896376035        32.26827453       0.5792663304        44.17003677        42.93266618        2.168919831      0.01538409771      0.02995384574    -0.001055996639    4.306341232e-06   -0.0005148202836       -99.80026162        4.781287481                 -0                 -0                 -0                 -0                 -0        284.8561899        117.8024951        86.77156172        83.48875539       -7.735864525       -13.62293152 "MONITOR"                            0                  0      0.02272051469       -1.603613962   -0.0006054038131      0.05095617475
 "BPM.21L6.B2"              18883.27287        64.30675821         2.57977619        161.1154391       -2.260478722        44.21122586        43.07863004        1.099329379     -0.02798883847     -0.01467162599   -0.0008293082865    2.112224352e-06    -0.001856394006       -40.77652221        1.271685139                 -0                 -0                 -0                 -0                 -0         176.343349        120.1629607        86.87020705        83.78620199       -11.16875848       -4.283898375 "MONITOR"                            0                  0    -0.003523010416      -0.7810018967    0.0003160721264    -0.004921192821
 "BPM.20L6.B2"              18936.72138         51.4731939      -0.8658530048        34.93756718       0.4787782947        44.44521004        43.19396319         2.14999029     -0.02137002051      0.02958953977    0.0002086785054   -7.429285892e-06   -0.0006388906868       -25.87567744       -3.635715572                 -0                 -0                 -0                 -0                 -0        181.3582021        102.1543362        87.33483855        84.02711341       -34.44985901       -13.48956023 "MONITOR"                            0                  0     0.006980643226      -0.3922888805   -0.0002429267021      0.02706761887
 "BPM.19L6.B2"               18990.1699        60.27838694      -0.6178542231        183.4404256       -2.468138377        44.62081951        43.32075331        1.087915803     -0.04098418285     -0.01450327544   -0.0003881196448   -6.858720797e-06   -6.895426825e-05        20.15671751       -14.04754872                 -0                 -0                 -0                 -0                 -0        183.3586015        100.4156055        87.68391589        84.28097597       -8.560783453        -20.2447862 "MONITOR"                            0                  0      0.01945286977      -0.3795023763    0.0004358345601    -0.003504672173
 "BPM.18L6.B2"              19043.61841        587.1747637       -7.897821488        32.27109504       0.5795235167        44.67002202        43.43260368        2.132678115    -0.005502113586      0.02946429098    0.0007326540776   -1.511059139e-05    0.0005147027629        97.98051994       -5.040386957                 -0                 -0                 -0                 -0                 -0         190.986173        105.6582187        87.78095206        84.50073362       -7.664576696       -11.95779555 "MONITOR"                            0                  0      0.01710905695      -0.9499535916   -0.0003107002644      0.02291194034
 "BPM.17L6.B2"              19097.06693        64.33968289        2.580249735        161.0808168       -2.260088465        44.71119963         43.5785906         1.08781956      0.03296755238     -0.01415650015    0.0007500351553   -2.120412665e-06     0.001856346005        31.89821396      -0.9931557956                 -0                 -0                 -0                 -0                 -0        88.04241026         108.289211        87.90725251         84.7983565       -10.06493095       -4.404630706 "MONITOR"                            0                  0      -0.0066514825      -0.6870347311    3.539625275e-05    -0.003618238615
 "BPM.16L6.B2"              19150.51545        51.45140184      -0.8639290034        34.93108833       0.4788302792        44.94494886        43.69392999         2.15193163      0.01579158932       0.0298272017   -0.0004124996274    3.083340615e-07    0.0006389914887       -2.644722247        3.386427566                 -0                 -0                 -0                 -0                 -0        92.18605389        91.14154063        88.36679156        85.04282466       -19.99877388       -13.08152963 "MONITOR"                            0                  0      0.01322720465      -0.6019192854    3.181463349e-05      0.01315037532
 "BPM.15L6.B2"              19203.96396        60.21775188      -0.6185148542        183.4181419       -2.468042246        45.12078539        43.82074606        1.099033601      0.01600675007     -0.01433530226    1.638728433e-05    1.346015926e-06    6.936575916e-05       -29.39595543        12.79593619                 -0                 -0                 -0                 -0                 -0        93.62191558        89.42806291        88.71339423        85.29702319       -7.188951794       -18.25518788 "MONITOR"                            0                  0       0.0121408006       -1.393021699    0.0002928477123     -0.01829665049
 "BPM.14L6.B2"              19257.41248        587.1370875       -7.898963438        32.27510437       0.5794560799        45.17001517        43.93259596        2.168830355    -0.004776452049      0.02994933743   -0.0004123374959    4.308890538e-06   -4.639957878e-06       -99.82587999        4.539720559                 -0                 -0                 -0                 -0                 -0        100.8753687        94.47620844        88.80703093        85.51538447       -7.592193015        -10.3064508 "MONITOR"                            0                  0        0.022725492       -1.603775005   -0.0006053595587      0.05094895382
 "BPM.13L6.B2"              19310.86099        64.36371039         2.58055474        161.1033778        -2.26020088          45.211185        44.07855269        1.099166226     -0.03503502361     -0.01467282511   -0.0005753407141     1.35185711e-06     -3.3911915e-05       -41.07837127       0.8878218684                 -0                 -0                 -0                 -0                 -0        41.77288224        97.49002722        89.14652994        85.81337424       -8.945070094       -4.519704015 "MONITOR"                            0                  0    -0.006073440738      -0.6573023564    0.0002637857001    -0.002383435356
 "BPM.12L6.B2"              19364.30951        52.66664632      -0.8084181812        28.25687902       0.3926257779        45.43271386        44.21027498        2.227741774      -0.0139033905      0.03107196453    0.0004470256916    -2.02478733e-07   -1.359410545e-05       -29.82216866       -3.324936268                 -0                 -0                 -0                 -0                 -0        37.73789989        81.61620112        89.57156807        86.09546707       -5.624965525       -13.87864213 "MONITOR"                            0                  0      0.01220689501      -0.5081355674   -2.136857808e-05      0.01607058369
 "BPM.11L6.B2"              19417.75802        52.98269341      -0.6248557946         195.043686        -2.84020386        45.62746011        44.35061264       0.9717070921    -0.008714009096     -0.01828044974    7.897684172e-05   -1.275887846e-06   -8.925038384e-06        20.32440086       -12.76509156                 -0                 -0                 -0                 -0                 -0        34.99120585         80.3774564        89.95233252        86.37918019       -6.006985599       -14.92138155 "MONITOR"                            0                  0      0.01743138127       -1.295392191    0.0003784925092     -0.01748855542
 "BPM.10L6.B2"              19469.59674        455.4872403       -6.107292509        87.52779015       0.7528805298        45.68407794        44.41254998        1.226151657     0.004803808145      0.01274735242    0.0002685803005   -3.757664928e-06    4.360422566e-06        94.84246043       -7.706792812                 -0                 -0                 -0                 -0                 -0        32.83701358        83.94842302        90.03868816        86.49321115       -7.989792274       -10.35402765 "MONITOR"                            0                  0      0.03411093846       -2.468896241   -0.0002928933766      0.02662335622
 "BPM.9L6.B2"               19508.66175        42.35782999        2.724030889        328.3368028        -4.65862388        45.72507044        44.45323922       0.3954667322      0.02226912831     -0.01860993757    0.0004638268424   -1.059357077e-06    2.109681972e-05         35.5835281       -12.61357688                 -0                 -0                 -0                 -0                 -0        33.14895396        85.83404635        90.08711245        86.57733198       -9.288632118       -7.074769783 "MONITOR"                            0                  0     -0.08693349291       -1.473294796    -0.001069695473     -0.02025688445
 "BPM.8L6.B2"               19549.12476        63.35869599       -2.134452606        25.95714975        1.758074108        46.05456484         44.5163529       0.2431471759      0.01105942204     0.003474648896   -0.0003563392483    1.132606293e-06    1.061016238e-05        1.557326097       -2.073563211                 -0                 -0                 -0                 -0                 -0         35.5312908        87.38805959        90.73195261        86.71337824       -5.417795437       -3.938279623 "MONITOR"                            0                  0    -0.005890647608     -0.07992434924     0.001122632069     -0.01617802604
 "BPMYB.5L6.B2"             19646.21277        116.0246063       -1.083974284        613.7092073       -6.925615652        46.28800688        44.84949498       0.3883450382      0.01612069722     0.003578838706    6.574676638e-05    1.313901765e-06    1.631604713e-05       -68.09226099        22.82530233                 -0                 -0                 -0                 -0                 -0        34.97058163        84.42306042        91.20538739        87.39302145       -11.05600781       -15.52482988 "MONITOR"                            0                  0    -0.004467036585       -2.045753333    2.983688501e-05     -0.02775571654
 "BPMYA.4L6.B2"             19682.61277        568.1971356       -9.118984452        209.1054705        4.707832397        46.31203413        44.86472392       0.8477133628     0.005401434428      0.01335544632   -0.0003237815075    2.407329334e-06    5.636532466e-06       -152.4574434        13.19100224                 -0                 -0                 -0                 -0                 -0        30.17089583        81.58433188        91.25994725        87.42808276        -11.1758194       -14.47374656 "MONITOR"                            0                  0      0.03328338928        -2.46957332   -0.0004199346486      0.03671753805
 "BPMSA.4L6.B2"             19810.82827        259.6546783       0.9649853954        110.0084781      -0.3397417453        46.36344099        45.03849928       0.5130071093     -0.02537575497    -0.002957046652   -0.0002385089965      7.9037065e-07   -2.448147763e-05       -95.84535312        3.103216171                 -0                 -0                 -0                 -0                 -0        29.32622349        80.25134014        91.35927361        87.77486383       -10.68145525       -5.452648728 "MONITOR"                            0                  0    -0.009450375499       -2.332332222    2.988519018e-05     -0.01220295598
 "BPMSE.4R6.B2"             19902.39827        145.2916622         0.28392818        257.2486507       -1.268210342        46.44157544        45.13010762       0.2422315917     -0.04719468447    -0.002957046652   -0.0002385089965   -4.539527502e-07   -4.582075119e-05       -49.67037533       -3.651808779                 -0                 -0                 -0                 -0                 -0          28.917712        79.43728885        91.51249988        87.95716239       -8.750208207       -10.15400059 "MONITOR"                            0                  0    -0.006713788634       -2.834975275    2.988519018e-05     -0.01493954284
 "BPMSX.A4R6.B2"            19995.52327        156.9105201      -0.4086944386        581.3847509       -2.212445768        46.54735405        45.16881264     -0.03314211233     -0.06938413307    -0.002957046652   -0.0002385089965   -1.719406683e-06   -6.752239858e-05       -2.711275127       -10.52154448                 -0                 -0                 -0                 -0                 -0         28.5129635        78.61202184        91.72105226        88.03361782        -6.75433918       -13.22172447 "MONITOR"                            0                  0    -0.003930730299       -3.860170944    2.988519018e-05     -0.01772260118
 "BPMSX.B4R6.B2"            19996.10827        157.3912379      -0.4130454103        583.9767824       -2.218377341        46.54794651        45.16897243     -0.03487197668     -0.06952352451    -0.002957046652   -0.0002385089965   -1.727356112e-06   -6.765872571e-05       -2.416283732       -10.56469933                 -0                 -0                 -0                 -0                 -0        28.51045599         78.6068461        91.72221837        88.03393139       -6.751934906       -13.23415833 "MONITOR"                            0                  0    -0.003913247463       -3.868249415    2.988519018e-05     -0.01774008401
 "BPMYB.4R6.B2"             20026.21277        189.0008062      -0.6369493847        726.7322455       -2.523620137        46.57586936        45.17632978      -0.1238919785     -0.07669670309    -0.002957046652   -0.0002385089965    -2.13643915e-06   -7.467421289e-05        12.76417514       -12.78547741                 -0                 -0                 -0                 -0                 -0        28.38202016        78.34064395        91.77708769        88.04833676       -6.778137608       -13.79930961 "MONITOR"                            0                  0    -0.003013568755       -4.311583794    2.988519018e-05     -0.01863976272
 "BPMYA.5R6.B2"             20062.61277        545.0591568        -6.61897007        240.0437395        5.349779412         46.5947058          45.189652      -0.3051634508     -0.04298610033     -0.00514517279     0.001020885729   -3.844852939e-06   -4.184920388e-05        39.07906579       -8.390050152                 -0                 -0                 -0                 -0                 -0        30.49761734        78.03389762        91.80535427        88.06671738       -6.941806456       -14.78671355 "MONITOR"                            0                  0      0.04275529738       -4.036247998   -0.0007879659765      0.07871424152
 "BPM.8R6.B2"               20158.33778        17.79119239       0.2519665113        202.5391456      -0.1868336384        46.77908154        45.26563876      0.01258775009      -0.0287186432      0.01199832952    0.0001238461389   -5.445087879e-07   -2.801247344e-05        26.05446626       -11.88220178                 -0                 -0                 -0                 -0                 -0        36.08355503        78.44275969        92.17335927        88.21859151       -12.21568547       -18.43997157 "MONITOR"                            0                  0     -0.04787232801       -0.119849354    -3.14413604e-05    -0.003943676786
 "BPM.9R6.B2"               20197.40279         128.506587        -2.75779747        12.45641959       0.6356368889        46.94848482        45.39455132       0.6901210036    0.0005306964127      0.02344589275    0.0008036282741    5.123683635e-07    5.109302366e-07        42.06371443       -3.167624578                 -0                 -0                 -0                 -0                 -0        37.98856602        75.20769585        92.51916628        88.47175078       -9.512691538       -13.69182051 "MONITOR"                            0                  0    -0.004333671012      0.01973243172     0.001226061208     -0.04827743091
 "BPM.10R6.B2"               20237.8658        20.91801605       0.5949774584        173.0219217       -4.292127917        47.06584558        45.63555539       0.6716916618       0.0385735511     0.002669093514    0.0009589715662    6.840604829e-07    3.760780405e-05       -2.120622935        3.242628417                 -0                 -0                 -0                 -0                 -0        37.11203616        74.29544934        92.76278142        88.94461616       -7.121551276        -10.9769472 "MONITOR"                            0                  0     -0.04800222546      -0.6090090571    -0.001144488606     -0.01837477633
 "BPM.11R6.B2"              20289.70451        194.4119067       -3.313179493        30.34287156       0.6320836158        47.24628213        45.74536322        2.419663055      0.01258355726       0.0398916396   -0.0005964835854    2.113630486e-06    1.220583378e-05       -80.71058318        4.320726594                 -0                 -0                 -0                 -0                 -0        34.08178277        76.06578403        93.12177397        89.16125449       -12.19638668       -18.31826339 "MONITOR"                            0                  0    -0.001214897339       -0.246726514    0.0006213671043     -0.02610767393
 "BPM.12R6.B2"              20344.42803        37.10562207       0.6738458386        168.8631747       -2.410804716        47.34783916        45.89938876        1.147686179    -0.002820401205     -0.01832677562   -0.0002654032054    3.997524312e-07   -3.007962258e-06       -37.94383342        11.83541038                 -0                 -0                 -0                 -0                 -0        46.22595786        75.01056675         93.3549737        89.47215135       -12.13620739       -14.58610895 "MONITOR"                            0                  0     -0.03231802074      -0.5841876961   -0.0004526395548     -0.01390309746
 "BPM.13R6.B2"              20397.87654         162.612322       -2.140629372        29.58447605        0.462824325        47.47999272        46.02329945        2.131687512     -0.01200019405      0.02843902493   -0.0001668112348   -9.979373282e-07   -1.178140403e-05       -43.06255098        2.289733806                 -0                 -0                 -0                 -0                 -0        47.16968712        74.39295359        93.62201153        89.70949492       -6.873904718       -7.484665382 "MONITOR"                            0                  0     0.002986161424      -0.5769831161    0.0004197133761     -0.01920128005
 "BPM.14R6.B2"              20451.32506        32.11478478       0.4567357007        174.8371679       -2.523962891        47.60074984        46.16982884        1.072860687     -0.03797473935     -0.01442334317   -0.0005043016582   -9.471830422e-07   -3.697877223e-05        5.348005339       -5.817843005                 -0                 -0                 -0                 -0                 -0        39.01298014        74.88455114        93.83814568        89.99905984       -6.045495927       -13.52143114 "MONITOR"                            0                  0     -0.03600566407      -0.7287509393   -0.0004596144616     -0.01444418502
 "BPM.15R6.B2"              20504.77357        182.1856606       -2.537630206        36.91366725       0.5834724291        47.73548761        46.27593016        2.107473543     -0.01149636899      0.02927388053    0.0005509341087   -2.128202992e-06   -1.111976404e-05        66.48679418       -5.335477686                 -0                 -0                 -0                 -0                 -0        37.67192805        76.50420886        94.10341202        90.22128986       -10.75855053       -19.20200634 "MONITOR"                            0                  0      0.00175905645      -0.5195617789    0.0004093477692     -0.01609361657
 "BPM.16R6.B2"              20558.22209        35.73098815       0.6130063793        169.1125186       -2.226005454        47.84113608        46.40494102        1.097725546     0.004136393381     -0.01348073759    0.0002787173507    -4.34209997e-07    4.300897174e-06        33.02970657       -11.69782964                 -0                 -0                 -0                 -0                 -0        46.99770949        75.24092583        94.34262746        90.48248228       -11.17159269       -14.22069124 "MONITOR"                            0                  0     -0.03163173874      -0.6325046083   -0.0003820302663     -0.01347356337
 "BPM.17R6.B2"              20611.67061        162.8984025        -2.18057561        29.59638909       0.4628143123        47.97634278        46.52883449        2.220977619      0.01235697528       0.0309720053    0.0001469934076    9.505463765e-07    1.212966931e-05        36.03008946       -2.127473586                 -0                 -0                 -0                 -0                 -0        47.99292653        74.27718134        94.61561737        90.72030707       -5.756717951       -7.436795458 "MONITOR"                            0                  0     0.003915100883      -0.6210773838    0.0004081384364      -0.0175819098
 "BPM.18R6.B2"              20665.11912        32.04230125       0.4579368188        176.0015722       -2.538898416        48.09711123        46.67466579        1.143131813      0.03784873816      -0.0149185307    0.0004957369395    9.378661719e-07     3.68449199e-05       -9.214123762        6.183540077                 -0                 -0                 -0                 -0                 -0        39.82635052        74.76667818        94.82936135        91.00832128       -4.675331114       -13.90676756 "MONITOR"                            0                  0     -0.03564806984      -0.7700540795   -0.0004453881345     -0.01479183414
 "BPM.19R6.B2"              20718.56764        181.8333111       -2.535238413        36.90461666       0.5902243809        48.23222724        46.78036776         2.24725369      0.01111191891      0.03067304835   -0.0005555696357    2.148214465e-06    1.074205336e-05       -75.04508188        5.402973468                 -0                 -0                 -0                 -0                 -0         38.5918358        76.73428099         95.0950293         91.2304576       -9.449938967        -19.2763916 "MONITOR"                            0                  0     0.002571388148      -0.5646631378     0.000394090568     -0.01454236462
 "BPM.20R6.B2"              20772.01615        35.80084488       0.6117242175        167.9550243       -2.211386833        48.33787458         46.9099763        1.119239684    -0.005315406035     -0.01589208339   -0.0002941646073     4.54037603e-07   -5.448262524e-06       -38.16377747        11.50768909                 -0                 -0                 -0                 -0                 -0        48.17014577        75.41214316        95.33730722        91.49299629       -10.02933166       -13.84240943 "MONITOR"                            0                  0     -0.03117092437       -0.677397233   -0.0003656700897     -0.01387992967
 "BPM.21R6.B2"              20825.46467        163.2595038       -2.183158339        29.61242529        0.456188894        48.47270506        47.03436781        2.134308537     -0.01270331141      0.02896845169   -0.0001296905622   -9.050536214e-07   -1.246418234e-05       -47.20711724        1.958955601                 -0                 -0                 -0                 -0                 -0        49.12719302        74.13741207        95.60964957        91.73189905       -4.520488643       -7.396364482 "MONITOR"                            0                  0     0.004710045687      -0.6673865626    0.0003880784925      -0.0157487116
 "BPM.22R6.B2"              20878.91318        31.97453696       0.4592961815        177.1509293       -2.553197698        48.59346617        47.17947128        1.073320281     -0.03768173653     -0.01447508928    -0.000486539878   -9.279307589e-07    -3.66752181e-05        3.637570914         -6.5418551                 -0                 -0                 -0                 -0                 -0        41.52630109        74.43560358        95.82466573        92.01835403       -3.262180148       -14.28427952 "MONITOR"                            0                  0      -0.0350550208      -0.8073505807   -0.0004255808373      -0.0150837927
 "BPM.23R6.B2"               20932.3617         183.367565       -2.558228636        34.77118678       0.5761040326           48.72806        47.28851666        2.125330704     -0.01008416682      0.02960596363    0.0005715484064   -2.185627943e-06   -9.735244647e-06        65.41728387       -5.355707447                 -0                 -0                 -0                 -0                 -0        40.26353423        76.64505031         96.0894278        92.24594604       -8.176846461       -19.35790742 "MONITOR"                            0                  0     0.003735314052      -0.6154748023    0.0003765845587     -0.01270589448
 "BPM.24R6.B2"              20985.81022        33.91702264       0.6004615009         167.298071       -2.263271402        48.83657148         47.4237079          1.0740738     0.008510060804     -0.01429074286    0.0003362369659   -4.501035233e-07    8.569415267e-06         32.8351977       -11.02136698                 -0                 -0                 -0                 -0                 -0        49.00427034        75.90180667        96.33574025        92.51977012       -8.913491428       -12.85773469 "MONITOR"                            0                  0     -0.03081957965      -0.7256173618   -0.0003511307172       -0.014253282
 "BPM.25R6.B2"              21039.25873        163.0093265        -2.23524403          29.713796       0.4543090504        48.97662197        47.54809896        2.137712539      0.01350705934      0.02982545166    8.025292901e-05    9.544392862e-07    1.324283595e-05        37.13631758       -1.535843439                 -0                 -0                 -0                 -0                 -0        50.11500106        73.88172037        96.61800713        92.75975416       -3.117885757       -7.435157457 "MONITOR"                            0                  0     0.005789741091      -0.7145003642    0.0003690084345     -0.01363811281
 "BPM.26R6.B2"              21092.70725        32.05844945       0.4593060822        179.2065672       -2.576892893        49.09726487        47.69172799        1.080522468      0.03700632556     -0.01441984679    0.0004598481288     9.38447606e-07    3.599247986e-05        -8.74906518        7.420859347                 -0                 -0                 -0                 -0                 -0        42.07331521        73.91382021        96.83477011        93.04305227       -2.129469016       -15.22213212 "MONITOR"                            0                  0     -0.03449618923      -0.8425785626   -0.0004070916011     -0.01528627599
 "BPM.27R6.B2"              21146.15576        183.5282191       -2.557723311        34.65143204       0.5865944992        49.23154522        47.80024909        2.145865004     0.009011307843      0.02986605728   -0.0005779347838    2.162928768e-06    8.680033044e-06       -74.91277175        5.482235204                 -0                 -0                 -0                 -0                 -0        40.75096483        76.82117783        97.09921526        93.26897601       -7.167631828       -19.37074168 "MONITOR"                            0                  0     0.004529914604      -0.6544024273      0.00035973387     -0.01108606385
 "BPM.28R6.B2"              21199.60428        33.83120106       0.6003668989        165.3183523       -2.241582414        49.34016378         47.9368421         1.07960764     -0.01144985226     -0.01460096223    -0.000372769568    4.278434262e-07   -1.143741848e-05       -37.03016977        10.44232199                 -0                 -0                 -0                 -0                 -0        50.02670692        76.32805411        97.34384197        93.54570616       -7.668995667       -11.92590908 "MONITOR"                            0                  0     -0.02998769489       -0.771009583   -0.0003301555931     -0.01465894521
 "BPM.29R6.B2"               21253.0528        162.8597495       -2.235950803        29.86480801       0.4446616289        49.48054726        48.06177476        2.133283231      -0.0142229553      0.02964563515   -3.434203964e-05   -1.005889276e-06   -1.393450001e-05       -44.08996092        1.101106508                 -0                 -0                 -0                 -0                 -0        51.17326188         73.6523267        97.62654026        93.78762771       -1.698383418       -7.647219269 "MONITOR"                            0                  0     0.006632110491      -0.7624988405    0.0003411474377     -0.01136484864
 "BPM.30R6.B2"              21306.50131        32.14542024       0.4594805349        181.0979243       -2.596453735        49.60105533        48.20385037        1.073180948     -0.03604498365     -0.01446743164   -0.0004291734182   -9.485335704e-07   -3.508111431e-05        8.991738399       -8.206192145                 -0                 -0                 -0                 -0                 -0        51.31482945        71.58772539         97.8735047        94.07011002       -1.845907014       -15.95453264 "MONITOR"                            0                  0     -0.03367523904      -0.8702146635   -0.0003827701173     -0.01537756875
 "BPM.31R6.B2"              21359.94983        183.6663985       -2.556835828        34.47032502       0.5953407311        49.73502675        48.31203266        2.125433661    -0.007848559128      0.02961033046    0.0005802318373   -2.140684315e-06   -7.569788906e-06        80.86642789       -5.540017556                 -0                 -0                 -0                 -0                 -0        49.76558155        75.15311258         98.1392009         94.2944055       -8.059145533       -18.92581453 "MONITOR"                            0                  0     0.005227014165      -0.6866619442    0.0003392155578    -0.009387407756
 "BPM.32R6.B2"              21413.39834        33.74422832       0.6001250317        163.5268705       -2.224259407        49.84376327        48.45012597        1.074253605      0.01437175913     -0.01428946653    0.0004073954267   -4.064492509e-07     1.42324768e-05        37.06109586       -9.735439608                 -0                 -0                 -0                 -0                 -0        60.38384972        74.97875681        98.37274632        94.57419883       -7.561618763       -10.83649113 "MONITOR"                            0                  0     -0.02897438557      -0.8037765134   -0.0003072499097     -0.01487353825
 "BPM.33R6.B2"              21466.84686        162.7328002       -2.236984148        30.07524559       0.4368689363        49.98447157        48.57536723        2.138219063      0.01485115328      0.02983182947   -1.284166584e-05    1.054356851e-06    1.453760622e-05        34.02220019      -0.6571174682                 -0                 -0                 -0                 -0                 -0        61.63133298        71.69039839        98.65516597        94.81783154      -0.3018795882       -8.027393027 "MONITOR"                            0                  0     0.007450889217      -0.8044471184    0.0003161428357    -0.009389859437
 "BPM.34R6.B2"              21520.29538        32.23323501       0.4597966991        182.7779217       -2.611411085        50.10483325        48.71585331        1.080660701      0.03485069957     -0.01442745997    0.0003957371787    9.577787677e-07    3.394712005e-05       -10.41055091        8.927916864                 -0                 -0                 -0                 -0                 -0        62.09250686        69.53404854        98.90070286        95.09788299       -1.628869355        -16.5947441 "MONITOR"                            0                  0     -0.03284758745      -0.9011094833   -0.0003608130375     -0.01551072395
 "BPM.33L7.B2"              21573.74389        183.7822971        -2.55563159        34.23166413       0.6021264974        50.23850587        48.82388856        2.145762407     0.006634566191      0.02986171715   -0.0005787910075    2.115065168e-06     6.41139966e-06       -76.69499401        5.560870314                 -0                 -0                 -0                 -0                 -0         60.4456697        73.72315384        99.16687374        95.32074899       -8.945070824       -18.34349143 "MONITOR"                            0                  0     0.006041927737      -0.7250007108    0.0003193340937    -0.007656223732
 "BPM.32L7.B2"              21627.19241        33.65512738       0.5997292376        161.9690537       -2.211770347        50.34737287        48.96354835        1.079436346     -0.01721654561     -0.01460207354   -0.0004396990458    3.835808666e-07   -1.693754729e-05       -32.79463894        8.957570258                 -0                 -0                 -0                 -0                 -0        59.71804905        75.57108469        99.37948066        95.60027105       -8.206586285        -9.65815199 "MONITOR"                            0                  0     -0.02803482198      -0.8464622889   -0.0002848323561     -0.01520818036
 "BPM.31L7.B2"              21680.64092        162.6283522        -2.23837577        30.34019922       0.4311330345        50.48840087        49.08885361        2.132806183      -0.0153927022      0.02963966166    6.008639033e-05   -1.104807216e-06    -1.50485197e-05       -26.89180267       0.2008870242                 -0                 -0                 -0                 -0                 -0        60.98311759        71.80126661         99.6624058        95.84532934       -1.051349699        -8.18608211 "MONITOR"                            0                  0      0.00823928543      -0.8473116712    0.0002864270909    -0.007026531099
 "BPM.30L7.B2"              21734.08944        32.32334112         0.46027213        184.2034876       -2.621363604        50.60860135        49.22775482        1.073059958     -0.03349958289     -0.01446007596    -0.000360958232   -9.667541145e-07   -3.259750085e-05        11.42030849       -9.665539549                 -0                 -0                 -0                 -0                 -0        51.15856549        70.95419034        99.89090108        96.11911314       -1.816121427       -17.09901827 "MONITOR"                            0                  0     -0.03177429562      -0.9234130902   -0.0003332793561     -0.01551662308
 "BPM.29L7.B2"              21787.53795         183.875092         -2.5540609        33.94231051       0.6067767039        50.74198202        49.33583642        2.125563634    -0.005413621247      0.02961488489    0.0005743158057   -2.089841065e-06   -5.212369508e-06        69.07898314       -5.582432839                 -0                 -0                 -0                 -0                 -0         49.5458694        75.48337845        100.1558783        96.34065535       -7.926495775       -17.96222172 "MONITOR"                            0                  0     0.006754492287      -0.7559560235    0.0002966389617    -0.005901743656
 "BPM.28L7.B2"              21840.98647        33.56434473       0.5991780197        160.6850526       -2.204413035        50.85099165        49.47708759         1.07442575      0.01988606829     -0.01428889018    0.0004685548155   -3.614651873e-07    1.953474213e-05        31.93401692       -8.183373585                 -0                 -0                 -0                 -0                 -0        48.95353301        77.32560091        100.3675112        96.62280033       -7.700752438       -8.768047925 "MONITOR"                            0                  0     -0.02695235371      -0.8762093136   -0.0002615189844     -0.01534294306
 "BPM.27L7.B2"              21894.43499        162.5468341       -2.240113072         30.6525267       0.4275997845        50.99233233        49.60221066        2.138666924      0.01582876421      0.02983723882   -0.0001057656057    1.152059571e-06    1.546378467e-05        30.18074195       0.2489569191                 -0                 -0                 -0                 -0                 -0        50.19550833        73.24813143        100.6515291         96.8688555        -1.81079917       -8.487856828 "MONITOR"                            0                  0     0.008990189605      -0.8829329285    0.0002603846772    -0.005002095739
 "BPM.26L7.B2"               21947.8835        32.41433242       0.4608914516        185.3384081       -2.626075353        51.11235997        49.73957314         1.08076478      0.03193206151      -0.0144345421    0.0003238627268    9.750462147e-07    3.104103882e-05       -11.96270655        10.33256122                 -0                 -0                 -0                 -0                 -0        40.74052095        72.17668218        100.8738579        97.13979365       -1.958804151       -17.53996447 "MONITOR"                            0                  0     -0.03072046153      -0.9472543647     -0.00030902472     -0.01553229651
 "BPM.25L7.B2"              22001.33202        183.9453867        -2.55216931        33.60880615       0.6091734514        51.24545866        49.84789467        2.145607943      0.00415740355      0.02985699882   -0.0005661382131    2.062650583e-06    3.980206513e-06       -78.07138244        5.567898498                 -0                 -0                 -0                 -0                 -0         39.2113502        77.03371473        101.1370248         97.3605397       -6.894999578       -17.47122093 "MONITOR"                            0                  0     0.007503120974      -0.7878284514    0.0002745582598    -0.004130782349
 "BPM.24L7.B2"              22054.78053        33.47227568       0.5984804606        159.7066174       -2.202389136        51.35462211        49.99072399        1.079250137     -0.02242281283     -0.01460244653   -0.0004942881248    3.385265798e-07   -2.200820141e-05       -36.05601688        7.371538781                 -0                 -0                 -0                 -0                 -0        49.94241006        77.57698423        101.3755243        97.64924362       -6.414599248       -8.123085946 "MONITOR"                            0                  0     -0.02579362806      -0.9114222131    -0.000236930464     -0.01555464362
 "BPM.23L7.B2"              22108.22905        162.4881861       -2.242188572        31.00471164       0.4263562007        51.49626761        50.11542454        2.132335413     -0.01615916258      0.02963406631    0.0001507387327   -1.201259682e-06   -1.578097073e-05       -37.05934893       -0.691955479                 -0                 -0                 -0                 -0                 -0        51.20673683        73.21202082        101.6599198        97.89594056      -0.4196547061       -9.262628456 "MONITOR"                            0                  0     0.009697837925      -0.9184872225    0.0002285742981    -0.002611094127
 "BPM.22L7.B2"              22161.67757         32.5074565       0.4616705755        186.1538356       -2.625407043        51.61610798        50.25132961         1.07295136     -0.03015092902     -0.01445262359   -0.0002845961501   -9.830610053e-07   -2.928738363e-05        8.412398045       -10.92928718                 -0                 -0                 -0                 -0                 -0        41.49631004        71.88613431        101.8842652        98.16428271      -0.8697507619       -18.07125657 "MONITOR"                            0                  0     -0.02939869788      -0.9621216271   -0.0002788971047     -0.01542483409
 "BPM.21L7.B2"              22215.12608        183.9920779       -2.549909473        33.24037926         0.60925523        51.74893207        50.36007981        2.125729086    -0.002874147798      0.02961988965    0.0005541573332   -2.035176504e-06   -2.722807405e-06        70.34010116        -5.51753318                 -0                 -0                 -0                 -0                 -0         39.9208677        76.93276426        102.1473289        98.38426258       -5.863251082       -16.87627045 "MONITOR"                            0                  0     0.008185481261      -0.8144745283    0.0002501043047    -0.002371374272
 "BPM.20L7.B2"               22268.5746        35.37308755        0.619464487        157.4692474       -2.185744481        51.85459304        50.50540966        1.108652919      0.02485984708     -0.01364448389    0.0005177011556    -3.48423225e-07     2.43824065e-05        32.60654605       -6.410990529                 -0                 -0                 -0                 -0                 -0        50.93400142        77.68574012        102.3763612        98.67754435       -5.251835924       -7.589251484 "MONITOR"                            0                  0     -0.02370528777      -0.9676424196   -0.0002004858833     -0.01595846355
 "BPM.19L7.B2"              22322.02311        161.0957682       -2.168120138        33.18644299       0.4391400288        51.99174153        50.62598646        2.237742946      0.01683187322      0.03109619901   -0.0001871947734    1.139637131e-06    1.643496055e-05        30.12295708        1.075366217                 -0                 -0                 -0                 -0                 -0        52.06675744        72.96474437        102.6522073        98.91742232       0.7289159627       -9.950496656 "MONITOR"                            0                  0      0.01072905752      -0.9875201863    0.0001778947405    0.0008757905409
 "BPM.18L7.B2"              22375.47163        32.40094481       0.4512607999        186.1283423       -2.556239653        52.11250977        50.75588687        1.143544702      0.02938861666     -0.01524810669    0.0002584420207    9.750588408e-07    2.853570299e-05       -12.36983841        11.13230508                 -0                 -0                 -0                 -0                 -0        42.20639208        71.61410811        102.8758775         99.1732724       0.5391437308       -18.24707088 "MONITOR"                            0                  0     -0.02794614811      -0.9840841983   -0.0002411864646     -0.01509528784
 "BPM.17L7.B2"              22428.92015        183.7308076       -2.549225668        33.06600108        0.606476085        52.24570475        50.86502038        2.229360343     0.002351539218      0.03032973191   -0.0005483894701    2.059430039e-06     2.21106893e-06       -79.16103371        5.485373274                 -0                 -0                 -0                 -0                 -0        40.69909191        77.09961363        103.1392215        99.39378399        -4.57357063       -16.60769615 "MONITOR"                            0                  0     0.008842600042      -0.8417869153    0.0002255443656   -0.0005096079667
 "BPM.16L7.B2"              22482.36866        35.46111593       0.6189232684        157.6178829       -2.193002339         52.3512994        51.01079635        1.108321586     -0.02577480968     -0.01573545082   -0.0005257720054    3.693481597e-07   -2.527102667e-05       -37.81198828        6.068141127                 -0                 -0                 -0                 -0                 -0        52.00900963        77.89985846        103.3705723        99.68801862       -4.130802498       -7.418873516 "MONITOR"                            0                  0     -0.02245678996        -0.98975456   -0.0001750073259     -0.01596731449
 "BPM.15L7.B2"              22535.81718        161.3675329       -2.169008245        33.36064172       0.4420838388        52.48806207         51.1309095        2.117155771     -0.01690676879      0.02883681482    0.0002042357012   -1.096257974e-06   -1.650384774e-05       -41.24474928       -1.248296718                 -0                 -0                 -0                 -0                 -0        53.12606581        73.19084277        103.6457354        99.92766829        1.983053979       -10.28841116 "MONITOR"                            0                  0      0.01132633659       -1.012775095    0.0001495787521     0.002917986689
 "BPM.14L7.B2"              22589.26569        32.31481604       0.4518875949        185.9519305       -2.548629275        52.60890397        51.26044779        1.072670712     -0.02858864148      -0.0141421265   -0.0002420844088   -9.672716664e-07   -2.774879631e-05        6.886011775       -11.32808282                 -0                 -0                 -0                 -0                 -0        44.01375673        71.71604428        103.8701923        100.1832629        1.961521032       -18.41505272 "MONITOR"                            0                  0     -0.02657109284      -0.9962728605    -0.000213227525     -0.01496159364
 "BPM.13L7.B2"              22642.71421        183.4480406       -2.548140857        32.89238767       0.6033721618        52.74247062        51.36998696         2.12313171    -0.001828012027      0.02957132282    0.0005420221462    -2.08366397e-06   -1.697210942e-06        69.72753196        -5.45011544                 -0                 -0                 -0                 -0                 -0        42.49526744        76.84286953        104.1345027        100.4035441       -3.378109927       -16.33354347 "MONITOR"                            0                  0     0.009420275075      -0.8627325562    0.0001996037694     0.001281272158
 "BPM.12L7.B2"              22696.16273        34.76126779       0.6100644584        158.4287216       -2.208559976        52.84940095        51.51579522        1.093953921      0.02664790846      -0.0138699638    0.0005330373371   -3.776170609e-07    2.612604051e-05        33.15559299       -5.756531653                 -0                 -0                 -0                 -0                 -0        53.02998232        77.77194177        104.3677165        100.6975162       -3.058531568       -7.329855702 "MONITOR"                            0                  0     -0.02149225808      -0.9911743653   -0.0001547895324     -0.01571153277
 "BPM.11L7.B2"              22749.61124        164.4072246       -2.228232378         30.6132487       0.4132510103        52.98635652        51.64212943        2.223332518      0.01620033643      0.03109005667   -0.0002352287434    1.083749798e-06    1.580944644e-05        33.69599448        1.556454985                 -0                 -0                 -0                 -0                 -0        54.20911723        73.16729131         104.643306        100.9504027        3.191767625       -11.10193317 "MONITOR"                            0                  0      0.01187477428        -1.00308524    0.0001266232809     0.004891772854
 "BPM.10L7.B2"              22802.39195        29.47110441       0.4429173937        186.9733163       -2.661165102        53.11144531        51.77597229       0.8769277547      0.02580743421     -0.02150724772    0.0002037827246    9.280657642e-07    2.501806807e-05        -10.9460502         11.9517371                 -0                 -0                 -0                 -0                 -0        45.18506452        71.14721268        104.8773241        101.2153329         3.08125531       -18.78306371 "MONITOR"                            0                  0     -0.02515038285      -0.9709625232   -0.0001891996282     -0.01464219199
 "BPM.9L7.B2"               22841.45696        115.1718397       -1.980885827         61.3144708        1.188785694        53.23795916         51.8314799        1.032326438     0.007922930478      0.01143039257    -0.000504011855     1.67788382e-06    7.584967048e-06        -60.5897848         7.54412224                 -0                 -0                 -0                 -0                 -0        43.65110604        70.25913912        105.1318284        101.3239096       -2.114815384       -18.37138732 "MONITOR"                            0                  0     0.007399952628      -0.8044506446    0.0001902658474     0.004255639475
 "BPM.8L7.B2"               22881.91997        21.92081703       0.4337217052        176.7730564         -2.3337827        53.36554147        51.90264209       0.2494653364    -0.003629295389     -0.01632578748   -0.0002670206978     2.19513634e-07   -3.851378102e-06       -26.58268605        12.07129015                 -0                 -0                 -0                 -0                 -0        43.44928887        71.00457108        105.3799021        101.4684572       -2.083797001        -14.5972017 "MONITOR"                            0                  0     -0.03854981303      -0.3982672382   -0.0004750616504    -0.009695309728
 "BPM.7L7.B2"               22920.98398        105.9524995       -2.121191667        62.37584289        1.077823499        53.52938889         51.9597182     -0.02329041522     -0.01008833592   -0.0006665961482    -0.000158853641   -1.270593643e-06   -1.002698966e-05       -9.761716801        5.781616836                 -0                 -0                 -0                 -0                 -0        45.01419751        70.01335215        105.7032676        101.5843222        3.552273619       -10.77313726 "MONITOR"                            0                  0     -0.01146027595      0.08318051516    0.0005381006735      -0.0200091491
 "BPMR.6L7.B2"              22955.80198        51.77635659       0.6230063906        144.8739446        -1.89107392        53.60025764        52.02484336     -0.02108416767     -0.02668977854    0.0001305198102   -0.0005069326533   -1.201151674e-06   -2.628781037e-05        12.38075376        5.059848641                 -0                 -0                 -0                 -0                 -0        45.18625699         70.6462398        105.8477468         101.713116        2.988445962        -8.20200446 "MONITOR"                            0                  0     -0.02137056847        0.105414282   -0.0004136513326    -0.006595337928
 "BPMWC.6L7.B2"             22967.98048        55.43049595      -0.7440325395        145.3813758         1.28165269        53.63874567         52.0375184     -0.02276088843     -0.02848073088   -0.0003268514294    0.0001079238711    -1.31930138e-06   -2.802029073e-05        22.79359397        4.213583319                 -0                 -0                 -0                 -0                 -0        44.99058608        70.68019072        105.9251899        101.7384753        1.647781379       -8.078478546 "MONITOR"                            0                  0     -0.02572260216        0.309063638     0.000269713802     -0.01041533847
 "BPMWE.5L7.B2"             23045.03448        336.5007315       -2.903672134        55.79237587      -0.1189768612          53.734152        52.20091351     -0.03294448085     -0.02017310217   -0.0003268514294    0.0001079249325   -2.904973705e-06   -1.963024458e-05        100.4686216       -4.454975188                 -0                 -0                 -0                 -0                 -0        42.86536585        70.93439917        106.1145809        102.0682783       -2.394876617       -16.14774123 "MONITOR"                            0                  0     -0.00494003427      -0.1128306437     0.000269714552     -0.03119792383
 "BPMW.5L7.B2"              23068.23948        328.5198042        4.300513118        100.7101037       -2.342116722        53.74428226        52.25586313     -0.03338605159     -0.02167327805    0.0004003420692   -0.0003072689281   -2.769582862e-06   -2.099322564e-05        102.0505868       -8.241073197                 -0                 -0                 -0                 -0                 -0        42.63384028        70.49198285        106.1338544        102.1792503        -2.71151836       -18.92288584 "MONITOR"                            0                  0     -0.01739393426      -0.7640029717   -0.0006555515883     -0.03940421016
 "BPMWE.4L7.B2"             23103.32448        99.79797987        2.218564103        344.3273912       -4.601514101        53.77531755        52.28602948     -0.01934150067      -0.0324434931    0.0004003420692   -0.0003072689281   -1.319009798e-06   -3.130849372e-05        59.48661036       -16.77842887                 -0                 -0                 -0                 -0                 -0        41.89768989        68.38425668         106.188546        102.2414376       -3.437183998       -19.47225406 "MONITOR"                            0                  0     -0.04039396174      -0.7292775377   -0.0006555515883     -0.01640418268
 "BPMW.4L7.B2"              23131.42948        46.95133191      0.04274635332         405.900233         2.74619013        53.84824501        52.29712216     -0.01279601675     -0.03185218753    9.788611891e-05    0.0003375693794   -4.473575874e-07   -3.067164162e-05        39.90610095       -18.67908409                 -0                 -0                 -0                 -0                 -0        41.99345107        68.10069055        106.3310728        102.2639902        -3.33711497       -19.46971885 "MONITOR"                            0                  0     -0.03921215815        0.175082583    0.0002670211319    -0.005898722228
 "BPMW.4R7.B2"              23247.47648        324.3811906       -2.433414433        51.91677787       0.3041554636        54.04298867        52.44454978    -0.001439486926     0.007283704789    9.788611891e-05    0.0003375693794    2.413256059e-06    7.349723395e-06        7.697014058       -5.762599383                 -0                 -0                 -0                 -0                 -0        44.06343324        66.11390548        106.7155646        102.5555525        2.808160483       -12.46641687 "MONITOR"                            0                  0     -0.00822515686       0.4450583427    0.0002670211319     -0.03688572352
 "BPMWE.4R7.B2"             23275.58148        264.2689725        3.953824803        85.94613298        -1.73556223        54.05696938         52.5204601     0.001497535594      0.01997266267    9.797751443e-05    0.0006159540901    2.337972044e-06    1.976881399e-05       -1.692064515       -4.212353234                 -0                 -0                 -0                 -0                 -0        44.34633397        66.24092778        106.7443701        102.7058693        2.872771407       -9.254131806 "MONITOR"                            0                  0     -0.01232257242      -0.3140788489     -0.00061125047     -0.03055625973
 "BPMW.5R7.B2"              23310.66648        64.30386367        1.745622506        265.1946367        -3.37341607        54.10033926        52.55778813     0.004936075803      0.04156219781    9.797751443e-05    0.0006159540901    1.338859101e-06    4.098288046e-05       -13.86774527       -3.936966896                 -0                 -0                 -0                 -0                 -0        46.26228148        67.42879569        106.8350326        102.7778441        2.338799978       -9.170533701 "MONITOR"                            0                  0     -0.03376829516      -0.2013845855     -0.00061125047    -0.009110536984
 "BPMWE.5R7.B2"             23333.87148        33.42677227     -0.06251281793        267.3020845        2.373632674        54.19246542        52.57044679     0.008863027961      0.04343996215    0.0002276657855   -0.0003114555754    1.007614476e-06    4.277795828e-05       -26.72132233       -2.702739284                 -0                 -0                 -0                 -0                 -0        46.73643397         67.6697499         107.021779        102.8029998       -1.409353331       -9.396753017 "MONITOR"                            0                  0     -0.03795767184       0.5152299562    0.0002738178356    -0.008578767219
 "BPM.6R7.B2"               23413.01098        231.4200329       -2.439313209        47.04770708       0.4094813239        54.37060899        52.69513139       0.0118807306      0.01881596423    0.0002276657855   -0.0003114567691    6.294720983e-07     1.82949715e-05       -84.19925365        3.918721301                 -0                 -0                 -0                 -0                 -0        46.82097108        69.43096949        107.3859118        103.0543084       -3.539086204       -16.49114309 "MONITOR"                            0                  0     -0.01628782819        1.125320901    0.0002738188758     -0.03024866046
 "BPM_A.7R7.B2"             23451.04698        71.77673413        1.810673226        145.6414378       -2.217742581        54.41312425        52.78031211      0.00986745442      0.02223858839   -9.583022751e-05    0.0001505591147   -5.015138752e-08    2.134925591e-05       -39.74005808        10.88700239                 -0                 -0                 -0                 -0                 -0        45.14752028        68.53660276        107.4733656        103.2267962       -1.840304352       -20.15071616 "MONITOR"                            0                  0     0.004161365622       0.7988457301    -0.000212632883     0.003530093566
 "BPM.8R7.B2"               23490.11099        89.39175704      -0.6506737444        58.43388633       0.8239332156        54.49992164         52.8452814       0.1803264121     0.006057043759      0.01036801915   -0.0004534032771   -9.227420254e-07    5.595868484e-06       -19.31222854        7.566814893                 -0                 -0                 -0                 -0                 -0        45.14743592        68.03567829         107.645115        103.3547284        1.542261499       -19.12558888 "MONITOR"                            0                  0     -0.01228006338       0.6162439882    0.0001640621859     -0.02326152779
 "BPM.9R7.B2"                 23529.176        19.32530604      0.06720890299        158.3477266       -2.011282911        54.66884174        52.91702852       0.5340324881    -0.006434156669      0.01462533251   -0.0003105151495   -7.827624084e-07   -6.861290516e-06        17.23572263        11.29685966                 -0                 -0                 -0                 -0                 -0        45.20755916        68.93933787        107.9896223        103.4997049       -1.214114825       -14.94819066 "MONITOR"                            0                  0    -0.008519810418       0.6627609934   -0.0003682151852     0.006982311949
 "BPM.10R7.B2"              23569.63902        165.7448255       -3.262708542        42.58670985       0.8755149986        54.80653983        52.99336045        1.888869852     -0.01162560213      0.04061038753   -0.0001161736418   -1.365848085e-06   -1.160830419e-05        76.11638732        3.933301792                 -0                 -0                 -0                 -0                 -0        43.19852347        67.94382634        108.2716349        103.6550979       -5.076229182       -10.59091422 "MONITOR"                            0                  0     -0.02165714846        1.106627642     0.000191659934     -0.01831482322
 "BPM.11R7.B2"              23622.41973        32.55557284       0.5452634177        173.7627893       -2.205995545        54.91992471        53.11035685        1.102572064     -0.03788356186     -0.01412283567   -0.0005210546093    7.722202304e-08   -3.718195781e-05          27.622473       -1.042014293                 -0                 -0                 -0                 -0                 -0         41.5311589        67.59716956         108.494513        103.8853673       -1.948003578       -11.65761583 "MONITOR"                            0                  0      0.01929047436        1.093391097    8.725772472e-05      0.01451274206
 "BPM.12R7.B2"              23677.14324        166.1814367       -2.263157018        33.21068236       0.4778194825        55.06433699        53.22902961        2.152386868     -0.01407081374       0.0289925904    0.0004795651824    1.911975168e-06    -1.37691534e-05        4.479590736       -4.045350648                 -0                 -0                 -0                 -0                 -0        43.60913857        60.36948294        108.7890779        104.1592301        1.096688214        -18.0046582 "MONITOR"                            0                  0     -0.01220094341        1.026340721   -6.806387111e-05    -0.009701643366
 "BPM.13R7.B2"              23730.59176        34.05838539       0.5015235462        178.4051624       -2.452767988        55.17923297        53.36251937        1.082048391    -0.005984746437     -0.01467208643    0.0001334151225    1.030266252e-06   -5.729892243e-06        -22.5586723       -12.66460511                 -0                 -0                 -0                 -0                 -0        33.75738346        58.82974157        109.0402148        104.4294851       -2.113740484       -16.32132132 "MONITOR"                            0                  0      0.01923050232       0.9980506028    8.540661475e-05      0.01419852338
 "BPM.14R7.B2"              23784.04027        181.2449625       -2.466917897        29.94225732       0.5223607031        55.30935593        53.48140202        2.146231622     0.008402098119      0.02984894962    0.0002869902749    1.390416647e-06    0.0005284180787       -83.83552136       -3.452418008                 -0                 -0                 -0                 -0                 -0        31.22957322        65.89193784        109.2947553        104.6284995       -4.262403123       -9.246410324 "MONITOR"                            0                  0     -0.01244533438       0.9631098427   -8.508032839e-05    -0.008542033292
 "BPM.15R7.B2"              23837.48879        33.73377672       0.5859941054        166.6019262       -2.407471276        55.41900741        53.63185591         1.11299605      0.03715427404     -0.01397610173    0.0005803908805    2.254382077e-07      0.00189088115       -31.41790677        2.644591419                 -0                 -0                 -0                 -0                 -0         42.3854748        66.96092699        109.4947019        104.9269128       -1.084353672       -11.01087061 "MONITOR"                            0                  0      0.01489530174        1.143051451    3.334924085e-05      0.01652843379
 "BPM.16R7.B2"              23890.93731        163.1966088       -2.242804602        36.62058871       0.5311727943        55.55943704        53.74157215        2.228817031     0.006630903356      0.03085196058   -0.0006542458118   -9.182335594e-06     0.001257198318       -11.91022441        4.631191987                 -0                 -0                 -0                 -0                 -0        44.17638327        63.53575548        109.7813867        105.1860467        2.052722143        -16.7553739 "MONITOR"                            0                  0    -0.006544248188       0.7720586662    0.0002043917902     -0.02429489456
 "BPM.17R7.B2"              23944.38582        33.96149285       0.4824291356        177.4357606       -2.342230689        55.67580086        53.86729576         1.13451234      -0.0180308476     -0.01523658535   -0.0004284049424   -5.050337221e-06     0.002229084131        18.56256598        12.90497484                 -0                 -0                 -0                 -0                 -0        33.81894175        61.72546517        110.0334536        105.4407952       -1.109047022       -14.25516033 "MONITOR"                            0                  0     0.006216911354       0.1383667832   -0.0001384069333     0.001719250299
 "BPM.18R7.B2"              23997.83434        181.3307413       -2.470156999        29.84955341       0.5146890471        55.80606261        53.98687172        2.208587703     -0.02429747966      0.03009721408   -0.0001450418471   -1.790180002e-05     0.000383114801        78.04800696        3.288331406                 -0                 -0                 -0                 -0                 -0        31.27472219        68.06534852        110.2871293        105.6400011       -3.413815616       -6.957694676 "MONITOR"                            0                  0   -0.0006728482841        0.114312414   -5.173706106e-05     0.001711680054
 "BPM.19R7.B2"              24051.28285        33.80923698       0.5873230095        167.7232961       -2.424751533        55.91553836        54.13693001        1.103951041      -0.0635744783     -0.01539861451   -0.0007986009287   -7.091566554e-06    -0.001226208179        28.33136182       -3.587970449                 -0                 -0                 -0                 -0                 -0        42.97699672        69.12422778        110.4885382        105.9374894      -0.3054178258       -9.369113877 "MONITOR"                            0                  0     0.005225085338       0.1174096077    5.547044492e-05     0.002338168465
 "BPM.20R7.B2"              24104.73137        163.1226466       -2.239377792        36.71407077       0.5390859217         56.0557799        54.24602849         2.12558325     -0.01084980365      0.02907071178       0.0010931527   -7.762092652e-06    -0.001040148075        8.148625411       -4.557297421                 -0                 -0                 -0                 -0                 -0        44.69438653        66.74575116        110.7748853        106.1938919         3.03508457       -15.20045877 "MONITOR"                            0                  0    -0.007027265297       0.4167715188   -0.0001902193079     0.008675893472
 "BPM.21R7.B2"              24158.17989        33.87844985       0.4810107778        176.2720198       -2.324447185        56.17235421        54.37207923        1.081424804      0.03418395926     -0.01414839395     0.000804063085    2.164604015e-06    -0.002171272396       -21.21320681       -11.54417679                 -0                 -0                 -0                 -0                 -0        34.69701404        65.13592845        111.0242906        106.4493224      -0.0984907132       -12.19527672 "MONITOR"                            0                  0      0.01563322665       0.7770356065    0.0002172405576      0.01085359887
 "BPM.22R7.B2"               24211.6284        181.4009169       -2.473354453        29.76285651       0.5069775516         56.3027797        54.49235076         2.14409081      0.03650136395      0.02981295763    4.531973115e-05    5.811883417e-06   -0.0003507345012        -82.8247284       -3.097844565                 -0                 -0                 -0                 -0                 -0        32.30052807        70.05812861        111.2785871        106.6528127       -2.639768098       -4.743742051 "MONITOR"                            0                  0      -0.0115011616       0.8122093669   -0.0001413309581    -0.003371356974
 "BPM.23R7.B2"              24265.07692        31.98065076       0.5658162942        170.3855397       -2.461803939        56.41591903        54.64106552        1.077585298      0.08766150231     -0.01460303423     0.001038896398    5.762196635e-07     0.001288262202        -30.6127472        2.644205896                 -0                 -0                 -0                 -0                 -0         43.6695128        71.01133467        111.4901501        106.9473261       0.5676357106        -7.81528867 "MONITOR"                            0                  0      0.01433686834        1.127033789    7.543549654e-05      0.01626255719
 "BPM.24R7.B2"              24318.52543        165.1501724       -2.322446753        34.73504699       0.5359656416        56.56051199        54.75276403         2.12775019      0.01264968699      0.02957590686    -0.001546680134    -8.92255421e-06     0.001025856803       -10.98406914        4.048863948                 -0                 -0                 -0                 -0                 -0        45.39348655        69.63268007        111.7837681        107.2073021        3.906129191       -13.75390068 "MONITOR"                            0                  0    -0.006290303277       0.7225140495    0.0002156316731     -0.02528708756
 "BPM.25R7.B2"              24371.97395        33.98719354       0.4951692514        174.0246816       -2.351002479        56.67594411        54.88455475        1.071742567     -0.05564268909     -0.01438273659    -0.001240342455   -5.096414171e-06     0.002068055518        18.82292765        10.94703279                 -0                 -0                 -0                 -0                 -0        35.52856413        68.42469053        112.0332164        107.4744619       0.6003074752       -9.631607021 "MONITOR"                            0                  0     0.003394227065        0.116296592   -0.0001757629421     0.001400877728
 "BPM.26R7.B2"              24425.42246        181.0973656       -2.466796933        29.65031826       0.4927629986        56.80629199        55.00605658        2.127358305     -0.04899522677      0.02967228683     0.000155812122   -1.702077182e-05    0.0002690305578        78.05615207        2.623523553                 -0                 -0                 -0                 -0                 -0        33.07423073        70.66659545        112.2882658        107.6809649       -1.799782516       -2.427709297 "MONITOR"                            0                  0    -0.002077236299       0.1767825707    -2.94426189e-05    0.0007029025971
 "BPM.27R7.B2"              24478.87098        31.90083041       0.5630823264         172.592499       -2.493767226         56.9197179        55.15379854        1.076675057      -0.1063078104     -0.01428284829    -0.001173082921   -6.166186637e-06    -0.001452898143        27.05813112       -3.626359834                 -0                 -0                 -0                 -0                 -0         44.1216852        71.39550002        112.4982224        107.9730666        1.600597966       -6.914144597 "MONITOR"                            0                  0     0.006100355439       0.1730242994    6.508870012e-05     0.002572408885
 "BPM.28R7.B2"               24532.3195        165.4598738       -2.328735632        34.81982054       0.5500918068        57.06436166        55.26446391        2.143674356     -0.01171117336      0.02989069393     0.001943765626   -7.130317653e-06    -0.001047277545        4.109806608       -3.793457672                 -0                 -0                 -0                 -0                 -0        45.90990353        72.62890274        112.7915742        108.2306389        4.761438987       -12.34980452 "MONITOR"                            0                  0    -0.007700006799       0.4377193112   -0.0001916568811     0.007426727735
 "BPM.29R7.B2"              24585.76801        34.05980422       0.4978149291        171.7818338       -2.319488263        57.17951418        55.39717561        1.081645897      0.08042846075     -0.01451866098     0.001692027755    1.702654921e-06    -0.001952411587       -22.56232506       -8.897971479                 -0                 -0                 -0                 -0                 -0        36.20620116        71.65510358        113.0424212        108.4997712        1.293644154       -6.971633629 "MONITOR"                            0                  0      0.01400804014        0.849603447    0.0001855506635      0.01188372102
 "BPM.30R7.B2"              24639.21653        180.7892291       -2.460405482        29.59785943       0.4791648982        57.30981475        55.51979517        2.143664563      0.06172517251      0.02980646633   -0.0004193394463    5.672781035e-06   -0.0001855993008       -83.26717056       -2.233358129                 -0                 -0                 -0                 -0                 -0        33.67223069        71.27063082        113.2979979        108.7092544      -0.9381714095      -0.2492809408 "MONITOR"                            0                  0     -0.01217430938       0.8628671222   -7.050986967e-05    -0.008214592701
 "BPM.31R7.B2"              24692.66504        31.82050488        0.560314711        174.8070814       -2.523956184        57.42353139        55.66637917        1.077447395       0.1220421206     -0.01459695372     0.001248386771    1.050811429e-06      0.00160855844         -25.895245         2.37609642                 -0                 -0                 -0                 -0                 -0        31.76311085        69.70007483        113.5215968        108.9989123        1.793130465       -5.876245591 "MONITOR"                            0                  0      0.01210605286        1.076830731    2.016205899e-05      0.01507878751
 "BPM.32R7.B2"              24746.11356        165.7809742       -2.335565796        34.83495659       0.5630329759        57.56824949        55.77618562        2.127384242     0.008979860895      0.02957076809    -0.002315470162   -9.323933804e-06     0.001062090432        6.326731942         3.01658096                 -0                 -0                 -0                 -0                 -0        33.70115571        73.59274863        113.8151578        109.2544239        3.503765743       -10.49454527 "MONITOR"                            0                  0    -0.005778591865       0.6645026594    0.0002480760862     -0.02663584414
 "BPM.33R7.B2"              24799.56208        34.14671807       0.5007568904        169.6176034       -2.291103697        57.68308478        55.90997575        1.071607978      -0.1081333771     -0.01437790844    -0.002167495729   -5.908214678e-06      0.00182421042        24.66762292        7.677431543                 -0                 -0                 -0                 -0                 -0        25.28055087        72.91043656        114.0832546        109.5258848       0.8534809154       -4.048298527 "MONITOR"                            0                  0    0.0004315841275      0.04155922888   -0.0002125550931    7.842307789e-05
 "BPM.34R7.B2"              24853.01059        180.4514654       -2.453534179        29.61680251       0.4666043376         57.8133371         56.0335428         2.12768239     -0.07433163629      0.02968137372      0.00074458298   -1.712976093e-05    0.0001010040433        78.44444109        1.858491934                 -0                 -0                 -0                 -0                 -0        22.57289275        69.84627741        114.3411931        109.7386744     -0.08052736537        1.754867808 "MONITOR"                            0                  0    -0.002968970363       0.1839356474   -2.592310297e-05     0.001152928217
 "BPM.33L8.B2"              24906.45911        31.74057182       0.5573748433         176.962544       -2.551093799        57.92735701        56.17878811        1.076957954      -0.1335806846     -0.01428417938     -0.00124616612   -5.342791357e-06    -0.001753757994         25.9600092       -2.287928564                 -0                 -0                 -0                 -0                 -0        20.53308997        68.04717036        114.5675758        110.0261383        1.932750508       -4.853728909 "MONITOR"                            0                  0     0.005634284749       0.2452916141    6.769053052e-05     0.003186692233
 "BPM.32L8.B2"              24959.90762        166.1295689       -2.342328331        34.78707072       0.5752268675        58.07210153        56.28787071        2.143922072    -0.004004186776      0.02988979551     0.002644335321   -6.418870757e-06     -0.00107011867        0.237625324       -2.254254717                 -0                 -0                 -0                 -0                 -0        22.63295202        74.64756455        114.8590386        110.2788913         2.24642415       -8.520416078 "MONITOR"                            0                  0    -0.008835809567       0.4954489523   -0.0001647342172     0.004579333351
 "BPM.31L8.B2"              25013.35614        34.21735037       0.5036257057        167.4780365       -2.265108603        58.18664679        56.42292353        1.081484834       0.1424204889     -0.01452673955     0.002733769259    3.031679634e-07    -0.001684600392       -20.03218603       -5.098927973                 -0                 -0                 -0                 -0                 -0        24.43879162        76.38142817        115.0889607        110.5505786      -0.3304158542      -0.9332680792 "MONITOR"                            0                  0      0.01054733745         1.00045236     0.000108945098      0.01423647106
 "BPM.30L8.B2"              25066.80466          180.10889       -2.446781286         29.6966648       0.4552839799        58.31687574        56.54726348         2.14318175      0.08910417886      0.02980079515    -0.001162037066    2.177340731e-06   -1.577553487e-05       -69.58745875       -1.602691446                 -0                 -0                 -0                 -0                 -0        21.69778171         70.8353292        115.3472483        110.7675414        -1.14536257        3.965980883 "MONITOR"                            0                  0     -0.01529459815        1.090979283    3.338259622e-05     -0.01540247397
 "BPM.29L8.B2"              25120.25317         31.6661752       0.5544795702         179.015373       -2.574986781        58.43119009        56.69105803        1.077348951       0.1455495967     -0.01458899345     0.001214857042    4.690622963e-07     0.001888008791        -24.0346144       0.4145069269                 -0                 -0                 -0                 -0                 -0        31.21662812        70.78049496        115.5331343        111.0508372        1.667217547       -3.752513027 "MONITOR"                            0                  0      0.01408291153        1.115673595    5.173615291e-07      0.01455179606
 "BPM.28L8.B2"              25173.70169        166.4831622       -2.349445386        34.67147047       0.5855099309         58.5759757        56.79962329        2.127250036    -0.002515000065       0.0295693674    -0.003010410153   -9.602740898e-06     0.001071381929        -3.38031174        1.339389131                 -0                 -0                 -0                 -0                 -0        33.21734136        79.59780123        115.8260767        111.2987259        3.093175805       -6.719739806 "MONITOR"                            0                  0    -0.005229592723       0.6031115417    0.0002395802478     -0.02749786631
 "BPM.27L8.B2"               25227.1502        34.29933407       0.5066587191        165.5372161        -2.24377191        58.69020635        56.93604133        1.071555816      -0.1788540937     -0.01437624709     -0.00330719604   -6.661748784e-06      0.00153415618        21.22425883        4.135698034                 -0                 -0                 -0                 -0                 -0        34.96935584        81.40367742        116.0568991        111.5726098      -0.3786145955        2.019526566 "MONITOR"                            0                  0    -0.002361170373     -0.01245684438   -0.0002422230493   -0.0009875055552
 "BPM.26L8.B2"              25280.59872        179.7399549       -2.439648496        29.84474912       0.4456811249        58.82041474        57.06092264        2.127988779       -0.103253833      0.02968862857     0.001634864962   -1.725543295e-05   -6.954892508e-05        78.04605449        1.636005305                 -0                 -0                 -0                 -0                 -0        32.37347819        73.81950623        116.3132958        111.7949806       -2.209491785        5.976701339 "MONITOR"                            0                  0    -0.003896563879       0.1967286224   -1.552567923e-05    0.0009169904388
 "BPM.25L8.B2"              25334.04723        31.59463095       0.5514487016        180.8876295       -2.594376451        58.93503042        57.20317924        1.077304909      -0.1526432338     -0.01428368297    -0.001102228105   -4.527072908e-06    -0.002010079119         24.9738608       0.7213793405                 -0                 -0                 -0                 -0                 -0        42.68839592        73.47292521        116.5189836        112.0752641        1.445374327       -2.675383201 "MONITOR"                            0                  0     0.004954033387       0.3021503341    6.454120325e-05     0.003499505614
 "BPM.24L8.B2"              25387.49575        166.8638319       -2.356311136          34.494893       0.5944817165        59.07979421        57.31138701        2.144474228      0.01121687287      0.02989357609     0.003318785976   -5.671599219e-06    -0.001065813801       -3.117538672      -0.3323351887                 -0                 -0                 -0                 -0                 -0        44.62737217        84.34963697        116.8116358         112.318531        3.921418496       -4.793385906 "MONITOR"                            0                  0    -0.009724518479       0.5323900379   -0.0001368092216     0.001826342509
 "BPM.23L8.B2"              25440.94427         34.3611941       0.5096102941        163.7122206       -2.225886455        59.19374286         57.4493083        1.081448536       0.2136226431     -0.01453858176     0.003805145347    6.803138598e-07    -0.001374092594       -24.91016207       -1.817609158                 -0                 -0                 -0                 -0                 -0        35.67610257        84.41081527        117.0661087        112.5978247       0.3167278302        4.836379645 "MONITOR"                            0                  0      0.00985607037       0.9709790091    9.585838008e-05      0.01300531597
 "BPM.22L8.B2"              25494.39278        179.3663124       -2.432803043        30.04768239       0.4377224811        59.32396851        57.57452295        2.142641204       0.1143595332      0.02979170928    -0.002130904261    4.913542358e-06    0.0001544464762       -83.12989334       -1.673649483                 -0                 -0                 -0                 -0                 -0        33.01879333        74.66344797        117.3231951        112.8244432       -1.324072735        7.435881323 "MONITOR"                            0                  0     -0.01285249588       0.9208777867    8.005470847e-05       -0.018069645
 "BPM.21L8.B2"               25547.8413        31.52657487       0.5484609702        182.5863221       -2.609807678        59.43887942        57.71519897        1.077117526       0.1511350961     -0.01458240356     0.000880955223    1.959522923e-06     0.002119604919       -27.57744394       -3.627746872                 -0                 -0                 -0                 -0                 -0        43.07305707        74.02325784        117.5273196         113.101634        2.496216129       -1.729191755 "MONITOR"                            0                  0     0.006678100173       0.9063094306   -9.886231805e-05      0.01169258446
 "BPM.20L8.B2"              25601.28981          165.56584       -2.341953052        36.39798138       0.6231126875        59.58463674        57.81949804        2.107097488     -0.01952604905      0.02918982252    -0.003444938523   -9.765060123e-06      0.00108938725       0.4593313057      -0.8863307839                 -0                 -0                 -0                 -0                 -0        45.01171627        86.92551667        117.8214363        113.3332873         4.73185245       -2.874212102 "MONITOR"                            0                  0    -0.004957622117       0.5481398121    0.0002832108887     -0.02665086536
 "BPM.19L8.B2"              25654.73833        36.33286523        0.521042074        161.3780696       -2.141793083        59.69536151        57.95377363        1.093641376      -0.2402938877     -0.01354928479    -0.004162626637   -7.518387104e-06      0.00131120203        22.77771837         1.00346059                 -0                 -0                 -0                 -0                 -0        36.64870764        86.96655637        118.0707781        113.6053336        1.064560909        7.027855063 "MONITOR"                            0                  0    -0.003461294057     -0.06158581757   -0.0002415683447    -0.002032312243
 "BPM.18L8.B2"              25708.18685        180.0376136         -2.3854385        30.13869037       0.4240558133        59.82064925        58.07994854        2.208689033      -0.1260571733      0.03081462715      0.00244979061    -1.83587799e-05   -0.0001883117847        78.26974024         2.08554192                 -0                 -0                 -0                 -0                 -0        33.78652649        76.57987014        118.3169707        113.8355229      -0.5803974973        9.181859249 "MONITOR"                            0                  0    -0.003600006276       0.1440675372    -1.52669114e-05     0.001126740236
 "BPM.17L8.B2"              25761.63536        31.59927879       0.5526918566        183.4734622       -2.617976615        59.93517278        58.21982026        1.139652899      -0.1588760096     -0.01473559782   -0.0008219860038   -4.533187695e-06    -0.002160284971        24.79072955        5.812644164                 -0                 -0                 -0                 -0                 -0        44.47593195         75.8729984         118.521719        114.1110852        3.272781179      -0.2906053054 "MONITOR"                            0                  0      0.00261262959       0.3024841455    4.150130512e-05      0.00337619491
 "BPM.16L8.B2"              25815.08388        165.0008873       -2.332252489        36.28929971       0.6273197851        60.08102747        58.32399141        2.247823391      0.02601385768      0.03074170679      0.00372404542   -5.800081638e-06    -0.001083499609       -4.164403856        2.293370385                 -0                 -0                 -0                 -0                 -0        46.46079207        90.32389237        118.8167752        114.3419285        5.747332352      -0.9987681701 "MONITOR"                            0                  0     -0.01059667107       0.5747404906   -0.0001055486905    7.426450784e-05
 "BPM.15L8.B2"              25868.53239        36.24855637        0.516744184        160.4677593       -2.133444531        60.19213684        58.45904701        1.122403073       0.2714536798     -0.01584457475     0.004635476442    4.035696293e-07    -0.001244036154       -25.67479335        1.426122261                 -0                 -0                 -0                 -0                 -0         37.2519604        90.36042509        119.0667859        114.6155604        2.037323441        9.442611412 "MONITOR"                            0                  0     0.009101125757        1.001555658    7.898338914e-05      0.01292544278
 "BPM.14L8.B2"              25921.98091        180.6106318       -2.395255996        30.25010197       0.4201305481         60.3173512        58.58537199         2.14613146       0.1388641459      0.02913805957     -0.00285119273    4.868537146e-06   -0.0003996941537       -84.03866359       -2.348061512                 -0                 -0                 -0                 -0                 -0        34.36900614        79.05149437        119.3124077        114.8479209       0.2668978913        10.99496715 "MONITOR"                            0                  0     -0.01261442453       0.9124315426    0.0001119788124     -0.02025703151
 "BPM.13L8.B2"              25975.42943        31.67792239       0.5569410401        184.3473743        -2.62582688        60.43148084        58.72443844        1.077597659       0.1655945187      -0.0146334939    0.0006905654545    2.336804239e-06   -1.916361541e-05       -28.80048313       -9.550694043                 -0                 -0                 -0                 -0                 -0        44.84180676        78.17163645        119.5182042        115.1221474        4.089812378        1.185981122 "MONITOR"                            0                  0     0.005520984138       0.7990335674   -0.0001139210069      0.00948777872
 "BPM.12L8.B2"              26028.87794         160.933931       -2.278174341         41.1168345       0.6723726609        60.57959608        58.82114102        2.064350604     -0.01876775021      0.02837115204    -0.003680670326    2.392191991e-06    1.172279628e-05       -1.653254528       -4.346322002                 -0                 -0                 -0                 -0                 -0         46.6210665        92.56901191        119.8172382        115.3348753        6.664293499       0.5259902323 "MONITOR"                            0                  0     -0.01370552873       0.9304190983    5.520516635e-05      -0.0141449735
 "BPM.11L8.B2"              26082.32646        34.23658055       0.4718835445        167.7318655       -2.100907855        60.69634581        58.94226004        1.031540768      -0.2558008679      -0.0138568523    -0.004477339657   -6.581891335e-07    2.336298515e-05        22.75952863       -4.212835057                 -0                 -0                 -0                 -0                 -0         38.5802472        92.23034313        120.0752232        115.5810525        2.645034222        10.09355975 "MONITOR"                            0                  0      0.01064857627       0.9646897731   -1.459819934e-05       0.0120941265
 "BPM.10L8.B2"              26134.16517        201.3856069       -2.816845543        15.09018117      0.05232330278        60.81463272        59.13986039        2.026932763     -0.08550492422      0.02795307817     0.003732833444   -5.079377011e-06   -5.160669549e-07        83.75813897        2.702217803                 -0                 -0                 -0                 -0                 -0        35.03806313        84.12214746        120.3097394        115.9574013       0.9861929026        9.277057611 "MONITOR"                            0                  0    -0.009449254906       0.5742113071    0.0002206628912     -0.02831119661
 "BPM.9L8.B2"               26173.23018        18.04058295       0.9358961008        194.1936685       -4.260981776        60.91376667        59.28645231       0.6432888456     -0.03742252695     -0.03533397233     0.001015607057    -1.78799566e-06   -2.277614201e-05        24.31625552        12.52555436                 -0                 -0                 -0                 -0                 -0        31.43227811        80.95058086        120.5076617        116.2537777        3.409345837       0.7705538835 "MONITOR"                            0                  0    -0.007157911377       0.4085233262   -0.0004527459253     0.006167267345
 "BPM.8L8.B2"               26213.69319        118.5234091        -2.92531031         31.2407411        1.230751076        61.15546711        59.36066212        0.159895433      0.05089377241    -0.003847662487     0.002300897664    5.973189072e-08   -1.086120634e-05       -21.05259305        3.970122843                 -0                 -0                 -0                 -0                 -0        29.46445424        78.27060116          120.97791        116.4002056         3.35033718        3.319323863 "MONITOR"                            0                  0      -0.0170149757       0.7190590252    0.0003139222065      -0.0215422771
 "BPM.7L8.B2"                26252.7592        43.85452654       0.6986269332        75.59088902       -1.450507509        61.23591297        59.53623669     -0.02241696218        0.222464922     0.000893700237      0.00458182174    1.384376395e-06   -9.365228355e-06       -30.15791807        -1.86961286                 -0                 -0                 -0                 -0                 -0        30.38787994         78.5803746        121.1354497         116.748702        1.102308668        13.09217757 "MONITOR"                            0                  0     0.005356347864       0.6931489215   -0.0001282043573     0.009698399209
 "BPM.6L8.B2"                26285.2282        100.0096125        2.761168178        31.85939232      -0.8625362983        61.31233479        59.65442007     -0.01361095798       0.1167760241    0.0008473415752    0.0004512760299    3.546846566e-06    1.753097694e-06        -60.1110711       -4.058375097                 -0                 -0                 -0                 -0                 -0        29.60380303        79.12723879        121.2928818        116.9867595       0.5224091209        7.239730835 "MONITOR"                            0                  0      0.01149965043       0.5433529348   -0.0002576073587    7.313244038e-05
 "BPMR.5L8.B2"               26345.6472        92.81505383       -4.054986234        287.0996638        1.520669891        61.69450395         59.7539086      0.04033099964       0.1322506971     0.001495819693    -0.002144804581     -1.0380721e-06    0.0003476391833        31.77122118       -14.66139889                 -0                 -0                 -0                 -0                 -0        24.74072015        76.17651494        121.0410213        117.1858813        1.845417005       0.9014314279 "MONITOR"                            0                  0     -0.01762508616       0.7954209915   -0.0002316338341     0.002464311479
 "BPMWI.A5L8.B2"             26347.1487        105.4158705       -4.337166046        282.5591036        1.503346206        61.69691996        59.75474763      0.04257710457       0.1289894106     0.001495819693    -0.002144804581   -1.169735189e-06    0.0003885014923        34.68080882       -14.53835493                 -0                 -0                 -0                 -0                 -0        24.55109238        76.17641237        121.0445112        117.1875218        1.785521494        0.875858114 "MONITOR"                            0                  0     -0.01797288436        0.826107441   -0.0002316338341     0.002812109681
 "BPMYB.4L8.B2"              26366.4142        342.2839394       -7.957768884        228.9159553        1.281068853        61.71308965        59.76681531      0.07139650822      0.08714437926     0.001495819693    -0.002144804581   -2.859082667e-06    0.0009127990702        72.01325013       -12.95959819                 -0                 -0                 -0                 -0                 -0        22.29205892        76.17544687        121.0576463        117.2111753        1.408336678       0.5765726466 "MONITOR"                            0                  0     -0.02243542599        1.312513839   -0.0002316338341     0.007274651313
 "BPMWB.4L8.B2"              26395.6867        455.2797648       -0.755707016        407.1513319       -4.486975676        61.72404023        59.78324805      0.05990202482      0.06126333989    -0.001557918778   -0.0005690233252    -3.86507809e-06     0.003037173432        90.06418853        -16.9349245                 -0                 -0                 -0                 -0                 -0        21.80707826        75.10679044        121.0761206        117.2450179        1.177523809       0.3879072841 "MONITOR"                            0                  0     0.005438171847        2.256463061    2.755372299e-05      0.03732737343
 "BPMSX.4L8.B2"              26441.0987        531.0325722      -0.9124161103        921.7162722        -6.84405886        61.73876032        59.79505704      -0.0108450808      0.03132329122    -0.001557918778   -0.0005690233252   -4.966994582e-06     0.007136725949        106.7692459       -24.94572947                 -0                 -0                 -0                 -0                 -0        21.69298047        72.94925234        121.1063701        117.2706679       0.8939893363       0.4180455551 "MONITOR"                            0                  0     0.006689441515        3.647792825    2.755372299e-05      0.03607610376
 "BPMS.2L8.B2"               26478.9502        833.6339307        53.61985895        315.3361997       -5.022405158        61.74726523        59.80461672     -0.02524875857    -0.002561171362     0.001633230713    -0.001124493611   -6.774893626e-06     0.004834975382        140.0933398       -14.25915532                 -0                 -0                 -0                 -0                 -0        17.47852844        52.40337916        120.9223401        117.2978163       0.7485966977       0.5308047631 "MONITOR"                            0                  0       0.1840585576         2.76749605     0.004153756237      0.06322073041
 "BPMSW.1L8.B2"              26488.8842        250.0179433        11.47619501        252.7868314        11.64414602        61.75115311        59.80957137     -0.01372382982     -0.01128199604    0.0006478453111   -0.0006581350148   -3.844515995e-06     0.004347186262        78.20638446        -12.5941389                 -0                 -0                 -0                 -0                 -0        31.74310945        50.65512707        120.8443125        117.3089693       0.6797523549       0.6103724496 "MONITOR"                            0                  0      0.07361753929        1.388516158    -0.002874680613     -0.05230720895
 "BPMSW.1L8.B2_DOROS"          26488.8842        250.0179433        11.47619501        252.7868314        11.64414602        61.75115311        59.80957137     -0.01372382982     -0.01128199604    0.0006478453111   -0.0006581350148   -3.844515995e-06     0.004347186262        78.20638446        -12.5941389                 -0                 -0                 -0                 -0                 -0        31.74310945        50.65512707        120.8443125        117.3089693       0.6797523549       0.6103724496 "MONITOR"                            0                  0      0.07361753929        1.388516158    -0.002874680613     -0.05230720895
 "BPMSW.1R8.B2"              26532.0742        248.7975616       -11.44793889        254.8681383       -11.69233558        62.22345248        60.28235772      0.01424992909     -0.03101499957    0.0006478453111   -0.0006581350148    2.835548702e-06    -0.004344642602       -66.47740192        13.43051625                 -0                 -0                 -0                 -0                 -0        53.49130796        28.15971596        121.7610234        118.2807602         1.00780151       0.3115140486 "MONITOR"                            0                  0     -0.05053991638        1.312186792    -0.002874680613      0.07185024673
 "BPMSW.1R8.B2_DOROS"          26532.0742        248.7975616       -11.44793889        254.8681383       -11.69233558        62.22345248        60.28235772      0.01424992909     -0.03101499957    0.0006478453111   -0.0006581350148    2.835548702e-06    -0.004344642602       -66.47740192        13.43051625                 -0                 -0                 -0                 -0                 -0        53.49130796        28.15971596        121.7610234        118.2807602         1.00780151       0.3115140486 "MONITOR"                            0                  0     -0.05053991638        1.312186792    -0.002874680613      0.07185024673
 "BPMS.2R8.B2"               26542.0082        310.1253377        4.950841171        849.5225796       -54.63440662         62.2284885        60.28617223      0.01583231929     -0.04419193418   -0.0002613657789    -0.002601543915    3.376830048e-06    -0.007924485081       -76.73619529        24.37241686                 -0                 -0                 -0                 -0                 -0        55.21388114        11.11275832        121.7700357            118.372       0.9765895901        0.332286508 "MONITOR"                            0                  0      0.05865485486        2.661727454     0.003876755546        0.178325889
 "BPMSX.4R8.B2"              26579.9797        903.7219148        6.725392474        540.4494187       0.9380919353        62.23823631        60.29455696      0.01689961563     -0.03613069787    -0.001737902516    7.910221174e-05    6.444518433e-06    -0.004961076463       -138.9159596        19.03345861                 -0                 -0                 -0                 -0                 -0        75.14898421        17.58948265         121.778827        118.6951318       0.8698558107       0.3825365326 "MONITOR"                            0                  0      0.03469598362        3.640533524    4.707145352e-05     0.008997634175
 "BPMWI.4R8.B2"              26625.1677        400.3663509        4.413749863        462.7716023        0.780900195        62.25020389        60.30895738     -0.06163110218      -0.0355801175    -0.001737902516    7.910221174e-05    4.823421338e-06    -0.001937192663       -98.35870888        16.85429532                 -0                 -0                 -0                 -0                 -0        77.44380809        17.52777028         121.803316        118.7252469       0.6239415445       0.4306208948 "MONITOR"                            0                  0      0.03682304846        2.383158703    4.707145352e-05     0.006870569334
 "BPMYB.4R8.B2"              26654.5442        224.3833122        -1.25349522        347.1449397        8.085619001        62.26700364        60.31978004     -0.09343841549     -0.03146286669    -0.001932253095    0.0007568446106    4.137244514e-06   -0.0005863366568       -79.14449523        14.02200141                 -0                 -0                 -0                 -0                 -0        78.59028021        18.15544769         121.837212        118.7495791      0.04586719988       0.4355987252 "MONITOR"                            0                  0     0.004303087191        1.475355656   -0.0001679859968     -0.02487212565
