@ NAME             %05s "TWISS"
@ TYPE             %05s "TWISS"
@ SEQUENCE         %05s "LHCB2"
@ PARTICLE         %06s "PROTON"
@ MASS             %le        0.9382720882
@ CHARGE           %le                   1
@ ENERGY           %le                 450
@ PC               %le         449.9990218
@ GAMMA            %le         479.6050162
@ KBUNCH           %le                   1
@ BCURRENT         %le     0.0002071977796
@ SIGE             %le               0.001
@ SIGT             %le                   1
@ NPART            %le            1.15e+11
@ EX               %le                   1
@ EY               %le                   1
@ ET               %le               0.001
@ BV_FLAG          %le                  -1
@ LENGTH           %le          26658.8832
@ ALFA             %le     0.0003478829036
@ ORBIT5           %le                  -0
@ GAMMATR          %le         53.61464774
@ Q1               %le               62.28
@ Q2               %le               60.31
@ DQ1              %le        0.1894520235
@ DQ2              %le        0.7312973887
@ DXMAX            %le         2.888521947
@ DYMAX            %le        0.2874195572
@ XCOMAX           %le      0.005816812208
@ YCOMAX           %le      0.009776374594
@ BETXMAX          %le         19885.35494
@ BETYMAX          %le         20045.47458
@ XCORMS           %le     0.0004813580386
@ YCORMS           %le      0.001036770196
@ DXRMS            %le         1.498276275
@ DYRMS            %le       0.05604981676
@ DELTAP           %le                   0
@ SYNCH_1          %le        -9.121218152
@ SYNCH_2          %le      0.002244883795
@ SYNCH_3          %le      7.99769003e-07
@ SYNCH_4          %le    -1.160472281e-06
@ SYNCH_5          %le     3.024209916e-08
@ SYNCH_6          %le         72.52652317
@ SYNCH_8          %le        0.2939178596
@ DQMIN            %le      0.001324332071
@ DQMIN_PHASE      %le         1.876426297
@ TITLE            %25s "LHC Model created by omc3"
@ ORIGIN           %16s "5.09.01 Linux 64"
@ DATE             %08s "07/11/25"
@ TIME             %08s "04.05.59"
* NAME                                S               BETX               ALFX               BETY               ALFY                MUX                MUY                 DX                 DY                DPX                DPY                  X                  Y                DDX                DDY                K1L               K1SL                K2L                K3L                K4L                 WX                 WY               PHIX               PHIY               DMUX               DMUY KEYWORD                           DBX                DBY                R11                R12                R21                R22 
$ %s                                %le                %le                %le                %le                %le                %le                %le                %le                %le                %le                %le                %le                %le                %le                %le                %le                %le                %le                %le                %le                %le                %le                %le                %le                %le                %le %s                                %le                %le                %le                %le                %le                %le 
 "BPMYB.5R8.B2"                  16.238         264.415248       -1.422317728        90.29976775        3.871040662      0.01069315359      0.01681103282       -0.144556732     -0.01636378795    -0.001985985592    0.0007582755966     4.82453838e-06   -0.0001915849542        -87.2956293        6.509033005                 -0                 -0                 -0                 -0                 -0        77.93377021        16.98685309      -0.1378162025      -0.2039969657      -0.5074184367     -0.06182691496 "MONITOR"                            0                  0     0.001770306262        1.659695204   -0.0003179871134     -0.03740292851
 "BPMR.6R8.B2"                  100.346        34.51495044       -1.774530124        166.1861093        4.482450624       0.2851638735       0.4161517216      -0.1060754681      0.02175229248    -0.003446190492   -0.0005362909263    1.374031196e-06    1.728444856e-05        -10.7551761       -12.11440797                 -0                 -0                 -0                 -0                 -0        81.94625625        22.88559455       0.4105490736         0.61852327       -9.051850301       -0.664115984 "MONITOR"                            0                  0     -0.06300589807        1.484435986     0.001260023031     -0.03701194093
 "BPM_A.7R8.B2"                 122.586        172.9028135       -4.447945733         29.5836386        1.659746798       0.3316411405       0.4675204052      -0.1827190419     0.009832987613    -0.003446190492   -0.0005362909263    1.671359173e-06    9.479131505e-06       -1.337757199       -4.608346536                 -0                 -0                 -0                 -0                 -0        83.17781881        23.88719958        0.508080387       0.7392375623       -5.453533359      -0.2265029797 "MONITOR"                            0                  0     -0.03498298587        1.439312025     0.001260023031     -0.06503485314
 "BPM.8R8.B2"               164.0249894        16.33664558       0.7990845146         81.4241431       -1.956220401       0.4434465529        0.708900899       0.1647671151     0.001638092907      0.01552550975   -0.0001601845018   -6.252709484e-07    9.714545213e-06        14.93628666        3.440847787                 -0                 -0                 -0                 -0                 -0        82.21550482         22.5701933        0.738383333        1.236219397        0.438733008       -4.124264278 "MONITOR"                            0                  0     0.009657622403       0.7068275412   -0.0004891070964      0.01199391649
 "BPM.9R8.B2"               203.0919788        109.0934241       -2.829653751        79.36919571     -0.01703697488        0.695856205       0.7828118227        1.153680473    -0.005730694494      0.03181451088   -0.0001910620604   -3.938459967e-06    1.844084374e-06        45.94876096        6.505446775                 -0                 -0                 -0                 -0                 -0        79.76458568        22.81837717        1.247306323         1.38276266       -12.69252521       -3.601324283 "MONITOR"                            0                  0     -0.03168655019        1.636241468   -0.0005350448132      0.01306281176
 "BPM.10R8.B2"              243.5569682        38.64754322       0.6254777167        537.3165911       -9.138372612       0.7865398343       0.8186976205       0.8089635549     -0.02328903792    -0.007139577593   -0.0004611090477   -1.435826041e-06   -5.638896021e-06        11.74551237        19.65052882                 -0                 -0                 -0                 -0                 -0        78.90646539        23.22492359        1.426982928        1.493095517       -9.240841946       -2.910377173 "MONITOR"                            0                  0      0.09311773726           1.739526     0.001559870399      0.03409643059
 "BPM.11R8.B2"              295.3976576        178.9438608       -2.391476961        81.78000046        2.744453165       0.9052586493       0.8549792757        1.909294169     -0.01193107155        0.027205865    0.0002631313646    8.038200195e-07   -6.202613519e-06       -30.24536966        8.312726527                 -0                 -0                 -0                 -0                 -0        80.61446714        22.44312952        1.663292832        1.601057979       -1.125769979       -2.181891065 "MONITOR"                            0                  0      0.01068506038       0.2480615098   -0.0008219167208      0.02411417298
 "BPM.12R8.B2"              350.1241417        29.73115186       0.4747186584        60.04150421      -0.4359675133        1.029008362        1.011586175        1.007690132     -0.01367463632     -0.01034641792   -4.645458081e-05    1.784067633e-06   -1.507340645e-05       -28.65264918        5.296722762                 -0                 -0                 -0                 -0                 -0         74.9521038        23.44117257        1.907913492        1.930037353       -2.949903327       -2.761571703 "MONITOR"                            0                  0      0.03323521512       0.3327914615    0.0003253524727      0.01714359718
 "BPM.13R8.B2"              403.5756258        171.8314225       -2.478651591        41.33083278      -0.7201283615        1.176731553        1.253695013        2.147089517      0.00208164935      0.03112787091    0.0003138759589    5.159192005e-06   -3.636595684e-06        -64.8851154       -3.948820351                 -0                 -0                 -0                 -0                 -0        73.37382463        24.72112763        2.203489186          2.4302262       -12.06233672       -4.371966865 "MONITOR"                            0                  0     -0.01402565335        1.441226235   -0.0008002524801      0.04931741262
 "BPM.14R8.B2"              457.0271099        33.54440284       0.5299377591        563.3785098       -8.112903965        1.290331449        1.314930377        1.091499547      0.02299412683     -0.01439958033     0.000395694147    1.290550614e-06    4.656523193e-06       -16.47806846       -19.85738629                 -0                 -0                 -0                 -0                 -0         97.9924526        29.20685103        2.438267576        2.625335276       -7.485946284       -3.016215436 "MONITOR"                            0                  0      0.09829832752        1.547717622     0.001387359358      0.02653708699
 "BPM.15R8.B2"               510.478594         171.375242       -2.350156772        80.27825073        2.662559766         1.42650705        1.352496743        2.147247753      0.01160922533       0.0296742518   -0.0002462008249   -1.486107898e-06      5.8819207e-06        19.11452624       -8.340252467                 -0                 -0                 -0                 -0                 -0        99.14124535        70.63293371        2.717283451        2.366022912        2.604743618        -1.78427452 "MONITOR"                            0                  0      0.01599952359      -0.1267825911   -0.0009757059194      0.03650704397
 "BPM.16R8.B2"              563.9300781        33.43382331       0.5249273567         59.9260209      -0.4414865305        1.540590536        1.507002369        1.092628559      0.01361660009     -0.01435239954     5.31654881e-05    0.0003638593687    1.494791445e-05        25.45264952       -5.946048163                 -0                 -0                 -0                 -0                 -0        92.05014606        68.13007133        2.945830996        2.678155036       -2.166568725        6.942974503 "MONITOR"                            0                  0      0.03118236829       0.2554159902    0.0003858069735      0.01792460527
 "BPM.17R8.B2"              617.3815622        172.0929373        -2.36288909        41.28331484      -0.7489475208        1.676696931        1.753834415        2.152455131    -0.002136625033      0.02977130886   -0.0003138724951      0.00130252501    3.623703613e-06        64.50494884        3.765293536                 -0                 -0                 -0                 -0                 -0        90.57441483        65.54061844        3.217906739        3.174596799       -11.93599673       -2.551171359 "MONITOR"                            0                  0     -0.01302483512         1.43953129   -0.0007761417261        0.050441554
 "BPM.18R8.B2"              670.8330463        33.02733498       0.5252092496        565.1311999       -8.142923531        1.791284576        1.814998477        1.087279627     -0.02305423202     -0.01459747224   -0.0003958703091    0.0004430182537   -4.684005231e-06        9.608442933        19.84202383                 -0                 -0                 -0                 -0                 -0        115.4778502        52.58968912         3.45042769        3.300071368       -5.752254666       -3.019273247 "MONITOR"                            0                  0      0.09900516847         1.52220349      0.00139926711      0.02616610955
 "BPM.19R8.B2"              724.2845304        171.4961609       -2.367958683        79.50611937        2.663693671        1.928873723        1.852680817        2.129304293     -0.01153117189      0.02940843654    0.0002489869213    3.044407669e-05   -5.873053063e-06       -39.85605077        8.434556559                 -0                 -0                 -0                 -0                 -0        116.9493499         139.466752        3.730933262        3.340928553        5.728479103       -1.321812148 "MONITOR"                            0                  0      0.01633942622      -0.1582933747   -0.0009978779978      0.03791243738
 "BPM.20R8.B2"              777.7360145        33.97574134       0.5317962381        58.67428548      -0.4512999023        2.041801816        2.010855701        1.086411608     -0.01327072517     -0.01412158388   -4.803078404e-05   -0.0003670238953   -1.488412334e-05       -31.69589699        6.284030416                 -0                 -0                 -0                 -0                 -0        109.9460607        136.7914484        3.957973605        3.658285531      -0.7241126327        16.80070651 "MONITOR"                            0                  0      0.03091115058       0.2757163628    0.0003898822389      0.01840801437
 "BPM.21R8.B2"              831.1874986        171.8393942       -2.343112794        42.22694586      -0.7461982796        2.176560207        2.254454548        2.151180511     0.002251789308      0.02981816916    0.0003090252095    -0.001302023472   -3.616235747e-06       -64.91369614       -3.642909464                 -0                 -0                 -0                 -0                 -0        108.4804456        134.0667718        4.227472216        4.146388112       -11.81551131      -0.7884803563 "MONITOR"                            0                  0      -0.0131607457        1.462870533    -0.000761755575      0.04959585685
 "BPM.22R8.B2"              884.6389827        33.52447429       0.5278665447        563.6892439        -8.08404069        2.290324815        2.314930362        1.107487754      0.02301813248     -0.01412772025    0.0003931229836    -0.000445770615    4.657802732e-06       -16.47006204       -19.76358117                 -0                 -0                 -0                 -0                 -0        133.4147446        121.0687971        4.456111874        4.265471855       -4.225502408       -3.026181107 "MONITOR"                            0                  0      0.09825860878        1.547787066     0.001380704918      0.02644390902
 "BPM.23R8.B2"              938.0904667        171.3681042       -2.350120491        80.28599178        2.662670606        2.426515564         2.35249417        2.197404787       0.0115389176      0.03033929993   -0.0002478696368   -4.007803501e-05    5.881930434e-06         19.2604096       -8.607519756                 -0                 -0                 -0                 -0                 -0        134.9984082        211.2787543          4.7333201        4.331959387        8.760070799      -0.8732873458 "MONITOR"                            0                  0      0.01600293601       -0.126962378   -0.0009757552545      0.03651022524
 "BPM.24R8.B2"              991.5419508        33.43623753       0.5249123406        59.93171086      -0.4413872073        2.540596991        2.506977448        1.108196494       0.0133535686     -0.01507030548    4.945344982e-05    0.0003638697672    1.494798664e-05        25.49600048       -6.982673462                 -0                 -0                 -0                 -0                 -0        127.7751928        208.4821905        4.962629298        4.641555073       0.9639849607        26.29595074 "MONITOR"                            0                  0      0.03118049103       0.2552490856    0.0003857996414      0.01792335975
 "BPM.25R8.B2"              1044.993435          172.10023       -2.362910358        41.27916707      -0.7490096452        2.676692899        2.753831667        2.148523067    -0.002229543068      0.02942550813   -0.0003103143213     0.001302533846    3.623734549e-06         64.4840528        3.391709679                 -0                 -0                 -0                 -0                 -0        126.2984978        205.6664922        5.234899532        5.135648138        -11.6706989        1.117065549 "MONITOR"                            0                  0     -0.01302442449        1.439506121   -0.0007761853485      0.05044693661
 "BPM.26R8.B2"              1098.444919        33.02493206       0.5252233556        565.1443599       -8.143281783        2.791282665        2.814998213        1.071478485     -0.02307269556     -0.01481260963   -0.0003945946407    0.0004430143533   -4.683981348e-06        9.591995536        19.74364356                 -0                 -0                 -0                 -0                 -0        151.2298875        192.8684117         5.46382803        5.256230299       -2.443780832       -3.026605445 "MONITOR"                            0                  0      0.09901039083        1.522191088      0.00139937029      0.02616607851
 "BPM.27R8.B2"              1151.896403        171.4892627       -2.367943526        79.51389756        2.663814386         2.92888235        2.852678228        2.079230713     -0.01146191621      0.02874392108    0.0002506468142    3.042042079e-05   -5.873066212e-06       -39.99983294        8.698606747                 -0                 -0                 -0                 -0                 -0        152.9989533        280.0153037         5.74287258        5.328155091        11.86245079      -0.4090213159 "MONITOR"                            0                  0      0.01634289326      -0.1584752848    -0.000997933235      0.03791566025
 "BPM.28R8.B2"              1205.347887        33.97822789       0.5317832707        58.67946481       -0.451193671        3.041808192        3.010830361        1.070839814     -0.01301009189     -0.01340465635   -4.434435995e-05   -0.0003670343477   -1.488419609e-05       -31.73051603        7.309297355                 -0                 -0                 -0                 -0                 -0        146.2746104        277.3347073        5.970179494        5.644813894        2.355843064        36.32799816 "MONITOR"                            0                  0      0.03090924144       0.2755493227    0.0003898748389       0.0184067798
 "BPM.29R8.B2"              1258.799371         171.846704       -2.343133486        42.22273624      -0.7462623762        3.176556169         3.25445185        2.155066519     0.002343981215      0.03016320532    0.0003055011904    -0.001302032322   -3.616267182e-06       -64.86496622       -3.272102721                 -0                 -0                 -0                 -0                 -0        144.8138317        274.5762341        6.239801706        6.132364589       -11.57302073        2.779832921 "MONITOR"                            0                  0     -0.01316033821        1.462845868   -0.0007617985336      0.04960121294
 "BPM.30R8.B2"              1312.250855        33.00222753       0.5226286972        565.1974911       -8.110060755        3.291353321        3.314869351        1.113676682       0.0230730419     -0.01410853147    0.0003926063037   -0.0004428582947    4.645883317e-06       -8.172122372       -19.71322309                 -0                 -0                 -0                 -0                 -0        143.4507602        268.7803507        6.467929906        6.254188359       -2.515824541       -2.935740804 "MONITOR"                            0                  0      0.09896548444        1.521325677     0.001391916664      0.02606144319
 "BPM.31R8.B2"               1365.70234        171.2634657       -2.364657136        80.62732911        2.671555246        3.429053544         3.35230098         2.21327389        0.011493458      0.03052938582   -0.0002498214062   -2.971118415e-05    5.873813116e-06        48.75219282       -8.905709102                 -0                 -0                 -0                 -0                 -0         145.339721        360.1311899        6.747576993        6.326799422        10.74669955        0.322362493 "MONITOR"                            0                  0      0.01660618628      -0.1682907809   -0.0009943031816      0.03782117301
 "BPM.32R8.B2"              1419.153824        33.96480674       0.5303024825         59.9773681      -0.4368861741        3.542096414        3.506204869        1.112093646       0.0131335679     -0.01531701035    4.611537738e-05    0.0003674038531    1.493373377e-05        35.52618023       -8.070073724                 -0                 -0                 -0                 -0                 -0        138.1502205        357.2773703        6.975455448        6.634949072        1.399777719        46.67713132 "MONITOR"                            0                  0      0.03090346582       0.2446609509    0.0003900474952      0.01799653073
 "BPM.33R8.B2"              1472.605308        172.2432308       -2.348941219        41.24079337      -0.7531234958        3.676695137        3.753827344        2.143713447    -0.002318706925      0.02926704612   -0.0003075508771     0.001302804576    3.622384713e-06        65.17114274        3.015323625                 -0                 -0                 -0                 -0                 -0        136.6810282        354.4401005        7.244793224        7.130363441       -11.42370076        4.779034593 "MONITOR"                            0                  0     -0.01289431407        1.439406049   -0.0007736000424      0.05063446642
 "BPM.34R8.B2"              1526.056792        33.02507909       0.5252244947        565.1748335        -8.14369842        3.791282909        3.814998373        1.074874034      -0.0231300242     -0.01463472028   -0.0003941185323    0.0004430144958   -4.684154838e-06        9.458278744        19.70321502                 -0                 -0                 -0                 -0                 -0        135.2728242        348.5853392        7.472464565        7.253463523        -2.56450479       -2.835804741 "MONITOR"                            0                  0      0.09901329923        1.522225004     0.001399403879      0.02616654303
 "BPM.33L1.B2"              1579.508276        171.4893455       -2.367940084        79.51689839         2.66395951        3.928882135        3.852676627        2.097529293     -0.01141790926      0.02902830309     0.000252619735    3.042101071e-05   -5.873007537e-06        -40.3482619        9.003694417                 -0                 -0                 -0                 -0                 -0        137.2454255        436.1736443        7.751859437        7.327162775        9.639329495        1.149963884 "MONITOR"                            0                  0      0.01634328152      -0.1584855822    -0.000997970212      0.03791718784
 "BPM.32L1.B2"               1632.95976        33.97760037        0.531777516        58.67647945      -0.4511527617        4.041809156        4.010830452        1.078588033     -0.01277814733     -0.01362834188   -4.073239391e-05   -0.0003670341397   -1.488381808e-05       -29.42813183         8.43333544                 -0                 -0                 -0                 -0                 -0        138.6758008        435.8680764        7.979089151        7.643075085     0.008951388676         58.9041652 "MONITOR"                            0                  0      0.03090333837       0.2759023087     0.000389751461      0.01841422126
 "BPM.31L1.B2"              1686.411244        171.8463984       -2.343148145        42.22481687      -0.7463211208        4.176558955        4.254455118        2.160748149     0.002442992133      0.03013454897     0.000302681972    -0.001302032285   -3.616098804e-06       -56.25923371       -2.876575711                 -0                 -0                 -0                 -0                 -0        137.2225506        433.0907938        8.248806945        8.130501076       -12.61732714        6.583050395 "MONITOR"                            0                  0     -0.01317147842        1.463668877   -0.0007616843956      0.04959281506
 "BPM.30L1.B2"              1739.862728        33.52267338       0.5278869854        563.7309474       -8.084789802        4.290324458        4.314930183        1.119928908       0.0231104673     -0.01408834504    0.0003915158272   -0.0004457669068    4.657923689e-06       -13.40204303       -19.59349185                 -0                 -0                 -0                 -0                 -0        162.1992068        420.2652443        8.473969535        8.250416711       -1.854859796        -2.80163014 "MONITOR"                            0                  0      0.09828450781        1.548260791     0.001380995157      0.02644828565
 "BPM.29L1.B2"              1793.314212        171.3611196        -2.35008474        80.29678005        2.662927914        4.426523867        4.352490004        2.229312242      0.01142647954      0.03072117291   -0.0002518208346   -4.005510688e-05    5.881882314e-06         19.9699727        -9.17654408                 -0                 -0                 -0                 -0                 -0        164.2253576        512.0174824        8.750208033        8.324622442        12.72126305        1.583231225 "MONITOR"                            0                  0      0.01600734513      -0.1271473398   -0.0009759728104      0.03651387628
 "BPM.28L1.B2"              1846.765696        33.43727874       0.5248844634        59.93489208      -0.4412470579         4.54060588        4.506951611         1.11603737      0.01284427291     -0.01556593174    4.182583626e-05    0.0003638799576    1.494772214e-05        25.93452045       -9.169328647                 -0                 -0                 -0                 -0                 -0        165.6606015         511.763769         8.97954523        8.633217455        1.185548568        68.07541065 "MONITOR"                            0                  0      0.03117951257       0.2550848438    0.0003858079104      0.01792239136
 "BPM.27L1.B2"               1900.21718        172.1070242       -2.362966661        41.27671186      -0.7491264683        4.676695324         4.75383169        2.138868949    -0.002430837864      0.02910721699   -0.0003038220555     0.001302542643    3.623625031e-06        65.46900448         2.60639929                 -0                 -0                 -0                 -0                 -0        164.1977461        508.9143432         9.25192901         9.12707752       -13.83382897        8.851526306 "MONITOR"                            0                  0     -0.01302387006        1.439485245   -0.0007762442612      0.05045330604
 "BPM.26L1.B2"              1953.668665        33.02388805       0.5252507339        565.1836059       -8.144004674        4.791284541        4.814997916        1.059065741     -0.02318232584     -0.01484954243   -0.0003931390427    0.0004430106109   -4.684055386e-06        9.846459239        19.54554233                 -0                 -0                 -0                 -0                 -0        188.8551092        496.2777406        9.478672204        9.248515947      -0.8531378846       -2.756398339 "MONITOR"                            0                  0      0.09901690378        1.522181516     0.001399493389      0.02616625191
 "BPM.25L1.B2"              2007.120149        171.4826655        -2.36789058        79.52453433        2.664061918        4.928890765        4.852674029        2.047456677     -0.01135147638      0.02836393062    0.0002549076335    3.039735602e-05   -5.873014414e-06       -40.33183573        9.263333869                 -0                 -0                 -0                 -0                 -0        190.9372125        582.4021265          9.7567656        9.323374566         15.7719561        2.066590951 "MONITOR"                            0                  0      0.01634668495       -0.158665959   -0.0009980087802       0.0379200701
 "BPM.24L1.B2"              2060.571633        33.97931475       0.5317564664        58.68212669       -0.451047799        5.041817049         5.01080427        1.063031336     -0.01250240981     -0.01291113695   -3.673707748e-05   -0.0003670445915   -1.488393188e-05       -32.12619943         9.48746088                 -0                 -0                 -0                 -0                 -0        184.4816954         579.740664        9.984262092        9.639781856        2.519130188        78.74889583 "MONITOR"                            0                  0      0.03090822456       0.2753851549    0.0003898830205       0.0184058278
 "BPM.23L1.B2"              2114.023117        171.8535037       -2.343189098        42.22026613       -0.746380874        5.176558589        5.254451898        2.164686053     0.002545284651      0.03048029607    0.0002990423784    -0.001302041133   -3.616157647e-06       -65.84550148       -2.487165189                 -0                 -0                 -0                 -0                 -0        183.0381177        576.9761999        10.25396264        10.12719451        -13.7511689        10.35317682 "MONITOR"                            0                  0     -0.01315978808        1.462825751   -0.0007618565419      0.04960754279
 "BPM.22L1.B2"              2167.474601        33.52101555       0.5279096629        563.7413418       -8.085114719        5.290324652        5.314929802        1.135772182      0.02314579122       -0.013872453    0.0003903916424   -0.0004457630392    4.657851797e-06       -16.74264594        -19.4631822                 -0                 -0                 -0                 -0                 -0        207.9950137        564.1925498        10.47902817        10.24730172       0.5850948754       -2.766756755 "MONITOR"                            0                  0      0.09827026616        1.547767593     0.001380929156      0.02644410457
 "BPM.21L1.B2"              2220.926085        171.3540362        -2.35004341        80.30450235        2.663036183        5.426532383        5.352487431        2.279430644      0.01135765529      0.03138562483   -0.0002538139869   -4.003158825e-05    5.881891012e-06        19.59295656       -9.441550607                 -0                 -0                 -0                 -0                 -0        210.1494763        657.5222261        10.75445963        10.32214082        18.87536218        2.495778606 "MONITOR"                            0                  0      0.01601012914      -0.1273301585   -0.0009758838217      0.03651771818
 "BPM.20L1.B2"              2274.377569        33.43969348       0.5248694535         59.9405889      -0.4411478041        5.540612335        5.506926692        1.131605239       0.0125812645      -0.0162838059    3.811405808e-05    0.0003638903565    1.494779434e-05        25.86022007       -10.20789686                 -0                 -0                 -0                 -0                 -0        202.8025246         654.582429        10.98410346        10.63120068        4.315366198        87.41738508 "MONITOR"                            0                  0      0.03117763466       0.2549178985    0.0003858005692      0.01792114541
 "BPM.19L1.B2"              2327.829053        172.1143194       -2.362987958        41.27256411       -0.749188572        5.676691293        5.753828942        2.134938547    -0.002523751018      0.02876144863    -0.000300264255     0.001302551481    3.623655971e-06        65.35314782        2.231969824                 -0                 -0                 -0                 -0                 -0        201.3432844        651.7061587        11.25644932         11.1250681       -13.56861707        12.52117075 "MONITOR"                            0                  0     -0.01302345948        1.439460072    -0.000776287893      0.05045868979
 "BPM.18L1.B2"              2381.280537        33.02148544       0.5252648469        565.1967669       -8.144362964        5.791282628        5.814997652        1.043265621     -0.02320079908     -0.01506469421   -0.0003918636418     0.000443006711   -4.684031506e-06        9.876797771        19.44648691                 -0                 -0                 -0                 -0                 -0        225.8516715        639.1211257        11.48310891        11.24667436        2.454840704       -2.763708041 "MONITOR"                            0                  0      0.09902212698        1.522169126     0.001399596588      0.02616622105
 "BPM.17L1.B2"              2434.732021        171.4757692       -2.367875452        79.53231402        2.664182636        5.928899393        5.852671441        1.997384719     -0.01128223056      0.02769942778    0.0002565675381    3.037370015e-05   -5.873027568e-06       -40.20059975         9.52771166                 -0                 -0                 -0                 -0                 -0        228.0060565        723.7174902        11.76065528         11.3218425        21.90561376        2.978705302 "MONITOR"                            0                  0      0.01635015255      -0.1588478954    -0.000998064018      0.03792329284
 "BPM.16L1.B2"              2488.183506        33.98180183       0.5317435054        58.68731283      -0.4509416363        6.041823424        6.010778932        1.047459599      -0.0122417994       -0.012194241   -3.305091083e-05   -0.0003670550444   -1.488400464e-05       -32.04466182        10.51461393                 -0                 -0                 -0                 -0                 -0        221.7917951        721.1096462        11.98796569        11.63816365         5.59836553        98.26574103 "MONITOR"                            0                  0      0.03090631477       0.2752180738    0.0003898756113       0.0184045928
 "BPM.15L1.B2"               2541.63499         171.860816        -2.34320982        42.21605653        -0.74644495        6.176554551          6.2544492        2.168570389     0.002637471743      0.03082529983    0.0002955187294    -0.001302049985   -3.616189085e-06       -65.71243195       -2.115510546                 -0                 -0                 -0                 -0                 -0        220.3575479        718.3633758         12.2576434        12.12559288       -13.50875937        13.92285008 "MONITOR"                            0                  0     -0.01315938063        1.462801081   -0.0007618995097      0.04961290001
 "BPM.14L1.B2"              2595.086474        33.51859852       0.5279248135        563.7543792       -8.085470759        6.290322657        6.314929538        1.151596983      0.02316368123     -0.01365582893    0.0003891165912   -0.0004457972445    4.657827183e-06       -16.76842638       -19.36318862                 -0                 -0                 -0                 -0                 -0        245.3014391        705.5930989        12.48271171         12.2458436        3.845158067       -2.776693123 "MONITOR"                            0                  0      0.09827545484        1.547756363     0.001381031466      0.02644409849
 "BPM.13L1.B2"              2648.537958         171.346711       -2.350021785        80.31244773        2.663156579        6.426540911        6.352484832        2.329546643      0.01128737445      0.03205035196   -0.0002554837878   -4.014401298e-05    5.881905321e-06        19.47160981       -9.708953945                 -0                 -0                 -0                 -0                 -0        247.5577805        800.4722997        12.75773075        12.32090079        25.03029215        3.405839242 "MONITOR"                            0                  0      0.01601359083      -0.1275107007   -0.0009759377241      0.03652086865
 "BPM.12L1.B2"              2701.989442        34.70491573       0.5385128558        59.03418738      -0.4400891179         6.53811156        6.508667268        1.172805064      0.01218628287     -0.01652348829    3.189041055e-05   -2.040156041e-06    1.487770472e-05        25.95187021       -11.13221066                 -0                 -0                 -0                 -0                 -0        239.9880439        797.4438092        12.98222747        12.63341655        8.049975862        107.7043395 "MONITOR"                            0                  0      0.03067312003       0.2827102543    0.0003758237753       0.0184733243
 "BPM.11L1.B2"              2755.440926         173.544225       -2.344304443        41.89007072      -0.7669626818        6.670156422        6.756567234        2.233120501    -0.002814632903      0.02986987813   -0.0002977653739   -5.274398693e-06    3.436318754e-06        66.09956928        2.033582085                 -0                 -0                 -0                 -0                 -0        238.4876092        794.5051618        13.24633161        13.12926788       -13.32162622        14.66851213 "MONITOR"                            0                  0     -0.01426383259        1.519296945   -0.0007721292962      0.04997453164
 "BPM.10L1.B2"              2808.223615        39.39649506       0.5889773519        543.5696927         -7.8272332        6.772606351        6.817066956        1.000920981     -0.02317593966     -0.01900958915   -0.0003902881464   -1.621931591e-06   -5.196823664e-06        14.55708234         19.3421126                 -0                 -0                 -0                 -0                 -0        262.9529404        780.8031001        13.44984312        13.24964477        1.068826864       -2.782477198 "MONITOR"                            0                  0       0.0904243587        1.959007997     0.001262095622      0.03243620127
 "BPM.9L1.B2"               2847.290605        123.8689067       -1.880189489        148.7108456        4.072800912        6.876028507        6.837247078        1.406656559     -0.01405826868      0.01856748425    0.0002880515211   -1.166899168e-07   -5.763258203e-06       -17.09211242        11.90512692                 -0                 -0                 -0                 -0                 -0        264.0985412        776.6865962        13.65632842        13.28982496        24.92383178      -0.8676171843 "MONITOR"                            0                  0      0.01563008896       0.4656090218   -0.0007623676143     0.006756327415
 "BPM.8L1.B2"               2887.755594        15.39344138       0.3530138487        220.9774322       -1.719756101         7.02607528        6.877927868       0.3575404603     -0.02101584502     -0.02493271102    -0.000220969373    1.287951813e-06   -1.410582845e-05       -20.68358828        18.18281194                 -0                 -0                 -0                 -0                 -0        265.1228219        776.5859122        13.95779644        13.37128639        12.76423788        14.23554195 "MONITOR"                            0                  0        0.055025921       -0.585103224     0.000720525029     0.000708501122
 "BPM.7L1.B2"               2926.823584        150.9366504       -3.412130635        5.671422845      -0.2918709911         7.20341789        7.151388043     -0.06586236168    -0.001526657093    -0.004023226635    0.0005618144519    4.549197419e-06    -3.81864657e-06       -50.41617955         1.47668116                 -0                 -0                 -0                 -0                 -0        263.5132779         770.702097        14.31410429        13.91885406       -12.31227472        88.34117744 "MONITOR"                            0                  0      0.00242985956      0.08303200421    -0.002335716979       0.1097296433
 "BPMSX.7L1.B2"             2957.502084        20.31289217        1.307243304        336.5193347       -10.67004615        7.279159854        7.307881295     -0.08576297593      0.01675939813   -7.618672614e-05    0.0006067307792    1.103773489e-06    1.977718914e-06       -8.742248066       -13.98486189                 -0                 -0                 -0                 -0                 -0         260.244523        761.1335508        14.46574586        14.23205244        2.287109119       -2.545128316 "MONITOR"                            0                  0       0.1348988693       0.9703165589     0.004383771175      0.03494627249
 "BPMR.6L1.B2"              2970.007584        8.542515107      -0.3712141995        650.9283399       -13.93272157        7.479949547        7.312119868     -0.08713511618       0.0242373628   -0.0002102488818    0.0005720310875   -7.095326031e-07    4.107242632e-06        12.72734294       -20.29417685                 -0                 -0                 -0                 -0                 -0        258.5798356        757.0075758        14.86736775        14.24059605        21.80838768       -2.825676176 "MONITOR"                            0                  0       0.1894453526      -0.9620996544     0.004120276904     -0.01849372419
 "BPMSA.A6L1.B2"            2977.035084        20.33774902       -1.307225348        861.5564984       -16.03926825        7.569447124        7.313613415      -0.0886116189      0.02825614402   -0.0002102488818    0.0005720310875    -1.73082787e-06    5.274492276e-06        24.85536527       -23.68596624                 -0                 -0                 -0                 -0                 -0        257.6441769        754.9085455        15.04637242        14.24362053       0.6132898715        -2.88314594 "MONITOR"                            0                  0       0.2184005986       -2.626874508     0.004120276904     -0.04744897013
 "BPM.5L1.B2"               3001.907584        163.3621712        -3.85211352        1897.226718       -32.28788835        7.639506128        7.316748779     -0.09255468265      0.04307654622     0.000225720186    0.0007637082152    8.298225136e-05    9.535701604e-06        66.87588624       -36.19247128                 -0                 -0                 -0                 -0                 -0        254.4483965        746.7302623        15.18655946         14.2500309       -12.41253226       -2.933524384 "MONITOR"                            0                  0       0.2742738916       -11.79620871     0.004702394958      -0.2005654463
 "BPMYA.4L1.B2"             3023.025584        369.2990498       -5.899609115        3506.229195       -43.90315611        7.653206886         7.31805194     -0.08808402294      0.05920014477     0.000225720186    0.0007637082152    0.0003790807899    1.392723463e-05        97.15315852       -49.78925269                 -0                 -0                 -0                 -0                 -0        252.4132894        735.1379047        15.21410233        14.25279336       -13.49217488       -2.926326187 "MONITOR"                            0                  0       0.3735790683       -23.92099257     0.004702394958       -0.299870623
 "BPMWB.4L1.B2"             3044.082084        816.7117458       -13.29657132        4371.529894       -17.68976554        7.659419568         7.31889274     -0.08904057882      0.06656357099    0.0006709527087    0.0002893803261     0.001117145481    1.624506155e-05        141.8372869       -56.00728997                 -0                 -0                 -0                 -0                 -0        248.1696585        732.4859803        15.22655485        14.25453501       -13.78715889       -2.912954307 "MONITOR"                            0                  0       0.6350997519       -39.50443005     0.002594151073      -0.1606360143
 "BPMSY.4L1.B2"             3136.998084        5167.133905       -33.52445897        8278.820955       -24.36172201         7.66662068        7.321350993     -0.04625238338      0.09344266125   -0.0004580984182    0.0002893747226     0.005166490169    2.514414205e-05        348.3371643       -78.71731364                 -0                 -0                 -0                 -0                 -0        227.9423272        725.8804241        15.24099729        14.25965782       -13.97204335        -2.83564773 "MONITOR"                            0                  0       0.8761372504        -135.837198     0.002594098552      -0.4016659621
 "BPMS.2L1.B2"              3163.723584        1469.330911       -22.48479282        12952.65658         831.014174        7.668272776        7.321692813     -0.02556649841       0.1171991739   -0.0005067507015    -0.007506838981     0.002882922699    3.193522575e-05        184.6518924        -98.7412089                 -0                 -0                 -0                 -0                 -0        130.8433144         359.697643        15.23677072        14.27093234       -13.99333833       -2.820317307 "MONITOR"                            0                  0        1.371322823       -90.43916975     -0.08796249922        5.801490232
 "BPMWF.A1L1.B2"            3173.486584        1187.042506        54.51676276        3944.549276        181.2206478         7.66931834         7.32193586     -0.02367365518      0.06482765561    0.0009764276842    -0.002954567584     0.002598107154    1.781340507e-05        165.3354928       -54.50229095                 -0                 -0                 -0                 -0                 -0        122.9278762        78.42195327        15.23783006        14.35075225       -14.00484567       -2.809216079 "MONITOR"                            0                  0       -2.065763211       -44.80659309      0.09484606504        2.056996878
 "BPMSW.1L1.B2"             3173.673584         1166.74082        54.04840087        3877.063902        179.6637044         7.66934363        7.321943471     -0.02346874233      0.06427529861    0.0009764276842    -0.002954567584      0.00257578633    1.766626561e-05        163.9001059       -54.03484816                 -0                 -0                 -0                 -0                 -0        122.4625305        77.16195966        15.23781192        14.35263865       -14.00510818       -2.808870643 "MONITOR"                            0                  0       -2.048026997       -44.03895363      0.09484606504        2.039260664
 "BPMSW.1L1.B2_DOROS"         3173.673584         1166.74082        54.04840087        3877.063902        179.6637044         7.66934363        7.321943471     -0.02346874233      0.06427529861    0.0009764276842    -0.002954567584      0.00257578633    1.766626561e-05        163.9001059       -54.03484816                 -0                 -0                 -0                 -0                 -0        122.4625305        77.16195966        15.23781192        14.35263865       -14.00510818       -2.808870643 "MONITOR"                            0                  0       -2.048026997       -44.03895363      0.09484606504        2.039260664
 "BPMSW.1R1.B2"             3216.816584        1164.995566        -54.0079481        3871.752943       -179.5406031        8.163452748        7.820171183       0.0238069532     -0.06315966386    0.0009764276842    -0.002954567584    -0.002573878423   -1.628045967e-05       -167.2597752          53.809454                 -0                 -0                 -0                 -0                 -0        19.44550784        300.5165233        16.11760161        14.72393308       -13.92924679       -2.891626223 "MONITOR"                            0                  0        2.043916787       -44.23983275      0.09484606504        -2.05268312
 "BPMSW.1R1.B2_DOROS"         3216.816584        1164.995566        -54.0079481        3871.752943       -179.5406031        8.163452748        7.820171183       0.0238069532     -0.06315966386    0.0009764276842    -0.002954567584    -0.002573878423   -1.628045967e-05       -167.2597752          53.809454                 -0                 -0                 -0                 -0                 -0        19.44550784        300.5165233        16.11760161        14.72393308       -13.92924679       -2.891626223 "MONITOR"                            0                  0        2.043916787       -44.23983275      0.09484606504        -2.05268312
 "BPMWF.A1R1.B2"            3216.949584        1179.405985       -54.34106111         3919.65802       -180.6479478        8.163470806        7.820176617      0.02395269335      -0.0635525167    0.0009764276842    -0.002954567584    -0.002589753661   -1.638510965e-05       -168.2806654        54.14191331                 -0                 -0                 -0                 -0                 -0        19.21367556        301.6110252        16.11566822        14.72403279       -13.92952429       -2.891365425 "MONITOR"                            0                  0        2.056531314       -44.78635827      0.09484606504       -2.065297647
 "BPMS.2R1.B2"              3226.781584        3896.938992       -250.0082065        4883.645528        74.69368596        8.164287877        7.820494015      0.04442653931     -0.07115980803      0.00267388339     0.001065372837    -0.004699920024   -1.856578119e-05       -305.0396818        60.45188656                 -0                 -0                 -0                 -0                 -0        76.61929905        328.3602653        15.77766654        14.72667765       -13.94171152       -2.876259668 "MONITOR"                            0                  0        5.821121454       -90.80332984     -0.08889788905        1.386792042
 "BPMSY.4R1.B2"             3253.627084        2488.736277        7.330433381        17149.92862         111.347635        8.165431761        7.820992145      0.02828475509      -0.1339956111   -0.0004736321608    0.0008570572723    -0.003533183312   -3.560425901e-05       -242.7336833        113.3547595                 -0                 -0                 -0                 -0                 -0        186.5797038        650.8311136         15.7636357        14.73859801       -13.95928005       -2.853217808 "MONITOR"                            0                  0      -0.4105843751        -135.846106     0.002666450447       0.8811010965
 "BPMWB.4R1.B2"             3346.423084        1317.652178        5.289553372        2710.408315        44.25656456        8.173591003        7.823158422      0.07116360649     -0.05448355988    0.0006554189683    0.0008570649413   -0.0009609896172   -1.555789292e-05       -171.0402321        44.78679206                 -0                 -0                 -0                 -0                 -0        188.5859269        717.6790796        15.78027224        14.74426201       -14.17822685       -2.776899429 "MONITOR"                            0                  0      -0.1631465644        -38.9434834     0.002666473836       0.6336707921
 "BPMYA.4R1.B2"             3367.479584        1058.708167        13.19801749        1220.158051        19.73901551        8.176378159         7.82503418      0.06690918528      -0.0372555429    -0.001013039018    0.0005544209084   -0.0005296845339    -1.12524746e-05       -151.4999094         29.8852311                 -0                 -0                 -0                 -0                 -0        189.3883627        731.7243206        15.78588826        14.74826898       -14.28967579       -2.747080637 "MONITOR"                            0                  0       -0.296537517       -23.36924781     0.004777798245       0.3749710502
 "BPMR.5R1.B2"              3394.887584        479.3889937        5.688301789        362.1787149        13.26443927        8.182608148        7.831485567      0.03969946775     -0.02158501672   -0.0007457108011    0.0007041511166   -0.0002338291351   -7.648793139e-06       -99.07955199         15.9631868                 -0                 -0                 -0                 -0                 -0        193.5922384        740.9708578        15.79811573         14.7613855       -14.60763249        -2.89867347 "MONITOR"                            0                  0      -0.1055481885       -8.544920922     0.003872244591       0.3091237977
 "BPM.6R1.B2"               3426.787584         185.338242        3.755384421        13.11159717        -2.33189332        8.199600015        8.254529712       0.0155824799    0.0008631291983   -0.0007735722429    0.0007020686117    5.099725065e-06   -2.011782503e-06       -56.28161366       -3.418096695                 -0                 -0                 -0                 -0                 -0        195.8473289        756.5120698        15.83217598        15.60773447       -15.94081475        -25.2434191 "MONITOR"                            0                  0      0.01922948714       0.7389589636     0.004187496669       0.1848699936
 "BPMRA.7R1.B2"             3454.511584        39.74329568        1.496200715        519.7989524       -15.94423405        8.251950575        8.309036906    -0.005860816006      0.02032247888   -0.0007735722429    0.0007020686117    1.878770412e-06     2.78871308e-06       -16.74061508       -20.32188567                 -0                 -0                 -0                 -0                 -0        198.1064526        770.0774884        15.93688854        15.71698332       -23.58509311       -4.069330497 "MONITOR"                            0                  0       0.1353236448        2.112581938     0.004187496669      0.06877583593
 "BPM.8R1.B2"               3495.948594        115.2026777       -1.928340981        30.88941915        2.907014945        8.383450471        8.351852532        0.108319008     0.007426575501     0.008926533089   -0.0004302734344   -9.399694735e-08    3.606027912e-06        20.14995102       -4.277052217                 -0                 -0                 -0                 -0                 -0        197.2195709        781.0666792        16.20070126         15.8033311       -44.76049822       -6.259015988 "MONITOR"                            0                  0      0.00613079722       0.2642445113    -0.001366591306      0.01622183202
 "BPM.9R1.B2"               3535.013605        18.81843959       0.4048571168        148.1348417       -5.030391989         8.51854747        8.741180901        0.442069247   -0.0008500967158      0.01411472844   -0.0001932233591   -1.370778851e-06    8.698628413e-06        22.56822869        11.57408992                 -0                 -0                 -0                 -0                 -0        196.0286796        786.9702495        16.46947603        15.58284338        -32.9628787       -34.39186473 "MONITOR"                            0                  0     0.009648536101        1.131288904   -9.883994636e-05      0.03614542315
 "BPM.10R1.B2"              3575.476615        154.1136434       -3.260545998        109.9632374       0.8230016557        8.681462872        8.785634254        1.909287892    -0.006479979282      0.04439760969    -0.000132973266   -4.867072517e-06    1.800111973e-06        54.46825342        9.760617847                 -0                 -0                 -0                 -0                 -0        197.6598885        787.0229499        16.79342096        15.67187402       -15.07695782       -10.38117899 "MONITOR"                            0                  0     -0.04279921816        2.446598931   -5.171192478e-05    -0.007805014361
 "BPM.11R1.B2"              3628.257326        35.97360205       0.5250731897        607.7245918        -7.25852906        8.791968422        8.821705051        1.204071335     -0.02537569054     -0.01297122338   -0.0003727637508   -1.303675719e-06   -6.921172944e-06        9.687125688        21.24116593                 -0                 -0                 -0                 -0                 -0        199.2011279        791.1603337        17.01502194        15.74380907       -31.86527276       -3.048447842 "MONITOR"                            0                  0      0.09768087788        1.743731627     0.001135357401      0.02498263469
 "BPM.12R1.B2"              3682.980842        166.7629266       -2.155567584        83.38354216        2.704478215        8.925486335         8.85869907        2.364313756     -0.01270235152      0.03098561549    0.0002579561808    1.502400224e-06   -6.662617167e-06       -30.23012113        6.974435315                 -0                 -0                 -0                 -0                 -0         195.906311        699.8280145        17.27885733        15.81768715       -46.33819712       -7.977218565 "MONITOR"                            0                  0      0.01480045065    -0.008575880425   -0.0008976508509      0.03172404893
 "BPM.13R1.B2"              3736.429358        33.40003211       0.4959129489        59.04918317      -0.3989874451        9.041633543        9.010411317        1.176820537     -0.01501109292     -0.01713746538   -6.012782328e-05   -0.0004438733013   -1.492126737e-05        -26.7472402       0.1889386623                 -0                 -0                 -0                 -0                 -0        203.0378684        703.0538241        17.50875782        16.12095218       -29.55848805       -97.62630946 "MONITOR"                            0                  0      0.03097168964       0.2738614066    0.0003459523846      0.01797003755
 "BPM.14R1.B2"              3789.877874         171.925819       -2.360203096        42.00066825      -0.7450663257        9.177770336        9.254491591        2.138311339     0.001603237179      0.02798099511    0.0003317601005    -0.001566449154   -3.603634886e-06       -57.59521775       -5.940681441                 -0                 -0                 -0                 -0                 -0        204.4570363        706.0128839        17.78070573        16.60909312       -14.74783166       -23.48160142 "MONITOR"                            0                  0     -0.01309681187         1.45186816   -0.0007671967111       0.0497781918
 "BPM.15R1.B2"               3843.32639         34.2408674       0.5362138056        562.0668795        -8.06548034        9.290064754        9.315218923        1.023619426      0.02276641053     -0.01542302505     0.000399740628   -0.0005397756479    4.736690365e-06       -17.26543324       -20.66243575                 -0                 -0                 -0                 -0                 -0        178.1515975         718.950894        18.01241213        16.73162569       -29.67064751       -3.412332383 "MONITOR"                            0                  0      0.09745170273        1.570315548     0.001370378172      0.02681841608
 "BPM.16R1.B2"              3896.774906        171.3568661       -2.328678129        80.36331267        2.657076833        9.424333844        9.352818164        1.923002989      0.01196850391      0.02665318341   -0.0002347990761   -6.077590023e-05    5.919248319e-06        7.008127101       -7.107678697                 -0                 -0                 -0                 -0                 -0        175.6627087        646.5814661        18.27866838        16.80535464       -42.83308511        -6.10601575 "MONITOR"                            0                  0      0.01547234607     -0.08820954138   -0.0009559864827      0.03522745119
 "BPM.17R1.B2"              3950.223421        32.74216307       0.5166961696        60.36554261      -0.4407271891        9.539880485        9.506343756         1.02064466      0.01512480539     -0.01118218535    7.522044618e-05     0.000433438754    1.498560125e-05        19.16828142      -0.7687862411                 -0                 -0                 -0                 -0                 -0        181.2857426        649.1234021        18.50740037        17.11237685       -27.97518429       -88.31362134 "MONITOR"                            0                  0       0.0315608186       0.2553722871    0.0003835352192      0.01770140454
 "BPM.18R1.B2"              4003.671937        172.1856661       -2.385327352        40.97133038      -0.7471279404        9.677865346        9.753804195        2.161964721    -0.001567023371       0.0312125752   -0.0003336132609      0.00156657307    3.612319763e-06        56.75120084        5.720084379                 -0                 -0                 -0                 -0                 -0        182.6461767        651.8689376         18.7828269        17.60726083       -14.67670689       -22.40773443 "MONITOR"                            0                  0     -0.01298884427        1.427187887   -0.0007837208872      0.05065055272
 "BPM.19R1.B2"              4057.120453        33.55493868       0.5322892175        564.0237534       -8.136733008        9.791291251         9.81528079        1.152548148     -0.02282407067     -0.01358385316   -0.0004015215901    0.0005354077396   -4.763298037e-06        9.491059715        20.64850688                 -0                 -0                 -0                 -0                 -0         155.978629        664.8335187        19.01831637        17.73139011         -28.135252       -3.437897562 "MONITOR"                            0                  0        0.098448022         1.53690194     0.001393374453      0.02643485818
 "BPM.20R1.B2"              4110.568969        171.3222631        -2.34979984         79.6466471        2.660897927        9.927501847        9.852964002        2.343560185     -0.01189011247      0.03229303717    0.0002376939847    4.541062422e-05   -5.908238031e-06       -31.47161074        7.194629928                 -0                 -0                 -0                 -0                 -0        153.1877308        581.0476413        19.28776213        17.80477387        -39.1181776       -5.774859888 "MONITOR"                            0                  0       0.0160002757      -0.1328424296   -0.0009840105285      0.03703213894
 "BPM.21R1.B2"              4164.017485        33.44698689       0.5248459128        59.03529124      -0.4494061427        10.04157171        10.01016603        1.155226641     -0.01477520827     -0.01715150296    -7.00268947e-05   -0.0004385157611   -1.491376074e-05       -26.91641874        1.069331638                 -0                 -0                 -0                 -0                 -0        160.2640216         584.115228        19.51245877        18.11908594       -25.70493953        -81.2908968 "MONITOR"                            0                  0      0.03117133693       0.2728941723    0.0003884490694      0.01821591653
 "BPM.22R1.B2"              4217.466001         171.933672       -2.360191065         41.9518311      -0.7453005726        10.17769164        10.25442946        2.141898142     0.001680482927      0.02843885575    0.0003286526999    -0.001565970406   -3.606399525e-06       -58.07058491       -5.618048545                 -0                 -0                 -0                 -0                 -0        161.6644406        587.0424715         19.7842355        18.60759416       -14.40122524       -20.40189135 "MONITOR"                            0                  0     -0.01309231365        1.451245943   -0.0007677004807      0.04981551241
 "BPM.23R1.B2"              4270.914517        34.23704396       0.5362182028        562.0223937       -8.066442094        10.28999053        10.31519648        1.045168498      0.02277241142     -0.01509379861    0.0003985030014   -0.0005399658053    4.729847373e-06       -17.45478836       -20.56316904                 -0                 -0                 -0                 -0                 -0        135.5628964        599.9524285        20.01889821        18.73045351       -26.09159636       -3.447327296 "MONITOR"                            0                  0      0.09745228787        1.570990679     0.001370604364      0.02683127952
 "BPM.24R1.B2"              4324.363033        171.3479878       -2.328675698        80.41677993        2.657368076        10.42427422        10.35278451        1.993198112      0.01190411597      0.02759503342    -0.000236120262   -6.144328888e-05    5.917634287e-06         7.02667598       -7.333481012                 -0                 -0                 -0                 -0                 -0        132.9371867        525.7803301        20.28445654        18.80360004       -35.66838295        -5.42611978 "MONITOR"                            0                  0      0.01547320172     -0.08787519028   -0.0009556134486      0.03520203923
 "BPM.25R1.B2"              4377.811549        32.74588933        0.516689066        60.43497076      -0.4400944616        10.53981649        10.50610208        1.042991591      0.01489598753     -0.01217760196     7.20478592e-05    0.0004332134975    1.498789951e-05        19.30271004        -1.66219211                 -0                 -0                 -0                 -0                 -0        138.7326588        528.4139125        20.51214346        19.11019102       -24.03865496       -72.08431876 "MONITOR"                            0                  0      0.03156497596       0.2544397119    0.0003834440055      0.01768667006
 "BPM.26R1.B2"              4431.260065        172.1936442       -2.385314852         40.9228525      -0.7473459105        10.67778633        10.75374086        2.158333113    -0.001645214547      0.03075398084   -0.0003304688611     0.001566563428    3.615069199e-06        57.19052393        5.394007494                 -0                 -0                 -0                 -0                 -0        140.0825136        531.1901158        20.78735272        19.60544447       -14.29751788       -19.22188136 "MONITOR"                            0                  0     -0.01298414328        1.426559801   -0.0007842365655      0.05068841373
 "BPM.27R1.B2"               4484.70858        33.55107633       0.5322916358        563.9798579       -8.137715709        10.79121697        10.81525831        1.131042893     -0.02283110721      -0.0139112511   -0.0004002884366    0.0005355977327   -4.756433415e-06        9.668849715        20.54907679                 -0                 -0                 -0                 -0                 -0        113.8791671        544.0822029        21.02708507        19.72995247       -24.48671973       -3.468800377 "MONITOR"                            0                  0      0.09844887697        1.537575138     0.001393607576      0.02644769802
 "BPM.28R1.B2"              4538.157096        171.3143922       -2.349814943        79.69924087        2.661195998        10.92744235        10.85293034        2.273428139     -0.01182716406      0.03135135617     0.000239006234     4.60783008e-05   -5.906622003e-06       -31.50661639        7.416060679                 -0                 -0                 -0                 -0                 -0        110.9859477         462.256749        21.29579455        19.80261438       -31.97187522       -5.098259674 "MONITOR"                            0                  0      0.01600134458      -0.1325280205   -0.0009836372651      0.03700659038
 "BPM.29R1.B2"              4591.605612        33.45076873       0.5248433786        59.09927955      -0.4487127448        11.04150755        11.00992233        1.132867776     -0.01454939982     -0.01615757394   -6.688410296e-05   -0.0004382900996    -1.49160889e-05       -27.02516322        1.948847938                 -0                 -0                 -0                 -0                 -0        117.6439279        465.2421404        21.51888543        20.11650827       -21.84921373       -64.99439011 "MONITOR"                            0                  0      0.03117457177       0.2719516425    0.0003883464607      0.01820105314
 "BPM.30R1.B2"              4645.054128        171.9415397       -2.360178525        41.90301438      -0.7455331708        11.17761294        11.25436726        2.145449317     0.001757670214      0.02889620502    0.0003255490447     -0.00156596004   -3.609163222e-06        -58.4023228        -5.29555529                 -0                 -0                 -0                 -0                 -0        119.0162925        468.1391009        21.79036575        20.60538489       -14.05501968        -17.3131546 "MONITOR"                            0                  0     -0.01308779464        1.450622877   -0.0007682042636      0.04985283928
 "BPM.31R1.B2"              4698.502644        33.52686303       0.5294106836        563.9661022        -8.10154256        11.29126838        11.31509265        1.053912202      0.02282022271     -0.01502615215    0.0003981228678   -0.0005354800981    4.707172242e-06       -8.496309985       -20.52808969                 -0                 -0                 -0                 -0                 -0        120.7149736        474.1375871        22.01878069        20.72660254       -24.51084843        -3.37610067 "MONITOR"                            0                  0       0.0983892312        1.536319258     0.001385677579      0.02633168043
 "BPM.32R1.B2"               4751.95116        171.0749707       -2.346301041        80.91405153        2.669305763        11.42759639        11.35249684        2.017930348      0.01186769002      0.02790704196   -0.0002377614696   -4.548385312e-05    5.905178526e-06        39.32638979       -7.600043285                 -0                 -0                 -0                 -0                 -0        118.1091655        399.1961484        22.28818959        20.79796711       -33.03027923       -4.369484162 "MONITOR"                            0                  0      0.01627833758      -0.1427487063   -0.0009798701319      0.03691832885
 "BPM.33R1.B2"              4805.399676        33.43801574       0.5232822825        60.56311523      -0.4336877103        11.54178523        11.50487256        1.049854181       0.0147154575     -0.01254741584    6.929348383e-05    0.0004386534968    1.497107867e-05        30.40133559       -2.622651355                 -0                 -0                 -0                 -0                 -0        123.9604335        401.8857524        22.51256402        21.10268278       -22.65690047         -54.265787 "MONITOR"                            0                  0      0.03118910569       0.2393104385    0.0003888653999      0.01776738502
 "BPM.34R1.B2"              4858.848192        172.3849525       -2.366632172        40.82952343      -0.7529258928        11.67771726        11.75367594        2.153561498    -0.001719259272      0.03054439224   -0.0003282175071     0.001566978351    3.615948673e-06        58.33529987        5.064226435                 -0                 -0                 -0                 -0                 -0        125.3326081        404.6685369        22.78370719        21.60030889       -13.94330676       -16.03696731 "MONITOR"                            0                  0     -0.01280801614        1.425836128   -0.0007811571209      0.05096860509
 "BPM.33L2.B2"              4912.296708        33.55131473        0.532293317        563.9607826       -8.138789462        11.79114517        11.81523654        1.135203257     -0.02288126824      -0.0137136604   -0.0003999410053    0.0005357965926   -4.749885866e-06        9.928874326        20.50532081                 -0                 -0                 -0                 -0                 -0        126.9999103        410.7392894        23.01169906        21.72321128       -24.59346786       -3.279297604 "MONITOR"                            0                  0      0.09844655487        1.538336021     0.001393746998      0.02646153395
 "BPM.32L2.B2"              4965.745224        171.3147472        -2.34981263        79.74524023         2.66153144        11.92736974        11.85289814        2.294683553      -0.0117920661      0.03167794871    0.0002406690933    4.678916349e-05   -5.904914201e-06       -30.90478525        7.677165698                 -0                 -0                 -0                 -0                 -0        124.3670844        329.0369537        23.28043602        21.79306038       -34.12054274       -3.707783514 "MONITOR"                            0                  0      0.01599808679      -0.1319660318   -0.0009832274802       0.0369777783
 "BPM.31L2.B2"               5019.19374        33.45118711       0.5248492665        59.15090185      -0.4481064629          12.041434        12.00971578         1.14170549     -0.01435498111     -0.01642041244   -6.381873201e-05   -0.0004380468719   -1.491769569e-05       -24.04393096        2.928191905                 -0                 -0                 -0                 -0                 -0        122.7347969        329.0904794        23.50734096        22.10725973       -24.11042663       -45.38426176 "MONITOR"                            0                  0      0.03117392921       0.2716193899    0.0003881139066      0.01819599106
 "BPM.30L2.B2"              5072.642255        171.9413975       -2.360164131        41.86365388       -0.745768227        12.17753833        12.25431462        2.151488729     0.001842642534      0.02885522647    0.0003232228558    -0.001565938754   -3.611580163e-06       -48.49722512       -4.946005787                 -0                 -0                 -0                 -0                 -0        124.1457604        331.9950287        23.77898998        22.59652895       -15.11130605       -13.94917881 "MONITOR"                            0                  0      -0.0130962868        1.450948282   -0.0007685311529       0.0498740971
 "BPM.29L2.B2"              5126.090771        34.23279556       0.5362171393        561.9603695       -8.068477728        12.28984258        12.31515244        1.062592626      0.02284757541     -0.01496205838    0.0003970801601   -0.0005403546978     4.71652393e-06       -14.36745775       -20.38494767                 -0                 -0                 -0                 -0                 -0        97.66716846        344.5845152        24.01620189        22.72092681        -23.4491643       -3.244638833 "MONITOR"                            0                  0      0.09746953318        1.572917412     0.001371130523      0.02686222786
 "BPM.28L2.B2"              5179.539287        171.3389844       -2.328683881        80.51719103        2.657997438        12.42414203        12.35271869        2.042260434      0.01180682753      0.02821203009   -0.0002394440631    -6.28209713e-05    5.914316745e-06        6.758858035       -7.816254261                 -0                 -0                 -0                 -0                 -0        95.06579091        269.6982115        24.28038826        22.78934258       -30.61650781       -3.368919448 "MONITOR"                            0                  0      0.01547124188        -0.08695492   -0.0009549668848      0.03514677598
 "BPM.27L2.B2"              5232.987803        32.74737432       0.5166583315         60.5630652      -0.4389179086        12.53968453        12.50565245        1.056509522      0.01446025803     -0.01291254892     6.55397665e-05    0.0004327455733    1.499191828e-05        18.71080796       -3.558985897                 -0                 -0                 -0                 -0                 -0        93.40617962        269.6952568        24.50985701        23.09587287       -22.88760162       -36.43806821 "MONITOR"                            0                  0      0.03157699352       0.2527886462    0.0003832868802      0.01765891922
 "BPM.26L2.B2"              5286.436319        172.2015023       -2.385370109        40.83396324      -0.7477674237        12.67764583        12.75362175        2.148533114    -0.001816653881        0.030333766    -0.000324899706     0.001566533432     3.62032132e-06        55.69492569        4.703174971                 -0                 -0                 -0                 -0                 -0        94.77018192        272.4797103        24.78475261        23.59192858       -16.24529625       -12.41769907 "MONITOR"                            0                  0     -0.01297506954          1.4253309   -0.0007852362557      0.05075862802
 "BPM.25L2.B2"              5339.884835        33.54951626       0.5323198181        563.9090621       -8.139677827        12.79107653        12.81521374        1.113631681     -0.02292242303     -0.01403829474   -0.0003990102754    0.0005359866334   -4.742892399e-06        9.394124081        20.34301543                 -0                 -0                 -0                 -0                 -0        68.74788658        284.9024474        25.03186001        23.71849738       -22.52017657       -3.222815731 "MONITOR"                            0                  0      0.09844484821        1.538959305     0.001393958616      0.02647397019
 "BPM.24L2.B2"              5393.333351        171.3068658       -2.349765478        79.79756631        2.661795552        12.92731024         12.8528645        2.224551155     -0.01173214573       0.0307374193    0.0002426112102    4.745680144e-05   -5.903284981e-06       -30.83689335        7.893253169                 -0                 -0                 -0                 -0                 -0        65.83166378        205.6697705        25.29841111        23.78342606       -26.97500565       -3.031351149 "MONITOR"                            0                  0      0.01599904478      -0.1316480442   -0.0009828283955      0.03695174534
 "BPM.23L2.B2"              5446.781867        33.45217336       0.5248155398         59.2171732      -0.4474259756        13.04137556        13.00946946        1.119389532     -0.01411596784     -0.01542570425   -6.040171962e-05   -0.0004378212737   -1.492016637e-05       -26.35294458        3.834070106                 -0                 -0                 -0                 -0                 -0        72.28969202        208.6073783        25.51825082        24.09670997       -20.78808258       -28.86793714 "MONITOR"                            0                  0       0.0311847807       0.2702813515    0.0003881665351      0.01817303645
 "BPM.22L2.B2"              5500.230383        171.9491087       -2.360233975        41.81360847      -0.7459810171        13.17747309        13.25425031        2.155186839     0.001928870619      0.02931458585    0.0003200220783    -0.001565928562     -3.6144422e-06       -56.84921221       -4.605826773                 -0                 -0                 -0                 -0                 -0        73.66028106        211.4675043         25.7892532        24.58651271       -16.02655676       -10.65690491 "MONITOR"                            0                  0     -0.01307908481        1.449403759   -0.0007691807286      0.04992199791
 "BPM.21L2.B2"              5553.678899        34.23182595       0.5362519268        561.9052773       -8.069312087        13.28977623        13.31512956        1.084178347      0.02286961063     -0.01463437655    0.0003959867179   -0.0005405447849    4.709504835e-06       -17.33862376       -20.25430748                 -0                 -0                 -0                 -0                 -0        48.29069831        223.7240741        26.04522647        24.71302215        -20.6144364       -3.237952195 "MONITOR"                            0                  0      0.09744825365        1.573050205     0.001371167427      0.02687041213
 "BPM.20L2.B2"              5607.127414        171.3308816       -2.328607552         80.5702813        2.658242108        13.42408242        13.35268508        2.112454344      0.01174406639      0.02915321658   -0.0002410572775   -6.348829748e-05    5.912683796e-06        6.249153205       -8.038866515                 -0                 -0                 -0                 -0                 -0        45.21434976        148.2363862         26.3060756        24.77146284       -23.45223068       -2.693446873 "MONITOR"                            0                  0       0.0154713396     -0.08662209581   -0.0009544330476      0.03512216641
 "BPM.19L2.B2"               5660.57593        32.75110153       0.5166513233        60.63330759      -0.4382974535        13.53962053        13.50541159        1.078873024      0.01423221284     -0.01390754069    6.237655069e-05    0.0004325200498    1.499420524e-05        18.66701361        -4.45245351                 -0                 -0                 -0                 -0                 -0        51.09690323        151.0216268        26.52501867        25.07723916       -18.94565594       -20.32834398 "MONITOR"                            0                  0      0.03158124421       0.2518576476    0.0003831971041      0.01764419418
 "BPM.18L2.B2"              5714.024446         172.209471       -2.385357489        40.78555144      -0.7479800782        13.67756683        13.75355821        2.144965359    -0.001894650753      0.02987608141   -0.0003217672284     0.001566522771    3.623067973e-06        55.88298146        4.376455882                 -0                 -0                 -0                 -0                 -0        52.40935629        153.7863034        26.79872983        25.57411474       -15.86742839       -9.203413641 "MONITOR"                            0                  0     -0.01297032451        1.424700391   -0.0007857522629      0.05079647559
 "BPM.17L2.B2"              5767.472962         33.5456552       0.5323221728        563.8644422       -8.140649477        13.79100226        13.81519125        1.092149015     -0.02292967718     -0.01436655675   -0.0003977846021    0.0005361762681   -4.736024397e-06        9.580471819        20.24144505                 -0                 -0                 -0                 -0                 -0        28.93556307        165.5394953        27.08761612        25.70447228       -18.87892416       -3.253203986 "MONITOR"                            0                  0      0.09844560718        1.539630553     0.001394190356      0.02648679652
 "BPM.16L2.B2"              5820.921478         171.299013       -2.349780804        79.85011223        2.662088621        13.92725075         13.8528309        2.154423446     -0.01166948674      0.02979542494    0.0002439224574    4.812441446e-05   -5.901664641e-06       -30.54604447        8.113989245                 -0                 -0                 -0                 -0                 -0        25.42207932        91.35431683        27.35253174        25.74488424       -19.82794246       -2.361206006 "MONITOR"                            0                  0      0.01600007593       -0.131331616   -0.0009824548316      0.03692621747
 "BPM.15L2.B2"              5874.369994        33.45596841       0.5248132215        59.28195305      -0.4467447823        14.04131138        14.00922657        1.096574388     -0.01389090621     -0.01443217155   -5.726793429e-05    2.084351998e-06   -1.492248323e-05       -26.28694908        4.713625349                 -0                 -0                 -0                 -0                 -0        30.45460969        94.09352761        27.55178663        26.05902595       -16.92684501       -12.68488467 "MONITOR"                            0                  0      0.03118810299       0.2693406369    0.0003880653304       0.0181581877
 "BPM.14L2.B2"               5927.81851         172.058231       -2.361699014        41.75538695      -0.7470676816        14.17735416        14.25435361        2.157418359     0.002017824495      0.02977795783    0.0003171751361    5.223583781e-06   -3.603865525e-06       -56.97840977       -4.286469352                 -0                 -0                 -0                 -0                 -0        31.67789928        96.78049076        27.81962943        26.55084418       -15.68098288        -7.52602011 "MONITOR"                            0                  0     -0.01311113093        1.450382484   -0.0007703576551      0.04998841885
 "BPM.13L2.B2"              5981.267026        33.52503938       0.5300778644        564.1611798       -8.109810541        14.29096638        14.31518086        1.094625249      0.02294002562     -0.01452792251    0.0003957915435    1.245537923e-06    4.734195716e-06       -17.15680731       -20.19723975                 -0                 -0                 -0                 -0                 -0        16.20116822        107.5834853        28.21904025        26.68618155       -17.05188141       -3.268671901 "MONITOR"                            0                  0      0.09842785593        1.542102308     0.001386899386      0.02641824068
 "BPM.12L2.B2"              6034.715542        167.8038723       -2.304079738        93.66084061        2.766204323        14.42905237        14.34990349        2.109250522      0.01237312675       0.0288981325   -0.0002306667558   -1.754209766e-06    6.054355509e-06        7.679937974       -8.872346068                 -0                 -0                 -0                 -0                 -0        13.08449221        44.06026199        28.51612937        26.64210945       -16.21359531       -2.095677194 "MONITOR"                            0                  0      0.01859879206      -0.2224113317   -0.0009523284689      0.03615999187
 "BPM.11L2.B2"              6088.164058        38.66959982       0.5529000586        74.38893665      -0.3347862452         14.5350249        14.47007577        1.159709271      0.01574476696     -0.01231916556    7.966281636e-05   -2.186481836e-06    1.516558382e-05        19.60114732       -6.983346751                 -0                 -0                 -0                 -0                 -0        12.71534154        46.45996403        28.63995266         26.8904109       -15.03495617       -2.844037749 "MONITOR"                            0                  0      0.02974818868      0.07352202844    0.0003577801747      0.01637109493
 "BPM.10L2.B2"              6140.002768        165.4975322       -2.144184506         32.0953817      -0.6785207658        14.65554865        14.72985054        2.142291531   -0.0002239476755      0.02736227502   -0.0003274139052   -5.305707159e-06    4.791968141e-06        55.44124891        2.972407799                 -0                 -0                 -0                 -0                 -0        14.04727645        47.29490302         28.8696003        27.41966998       -15.27234387       -6.968906578 "MONITOR"                            0                  0    -0.009975523036        1.248673763   -0.0008009316351      0.05407181046
 "BPM.9L2.B2"               6179.067779        16.94170104       0.6916731013        385.1559837       -7.571217528        14.77152335        14.79305141       0.6620513912     -0.01458665866     -0.03796890626   -0.0003719163982   -1.059426152e-06    1.542359918e-06        15.43491272        15.40703725                 -0                 -0                 -0                 -0                 -0        16.95919621        50.50051437        29.09362056        27.56058884        -17.0826671        -4.09559881 "MONITOR"                            0                  0       0.1243961194       0.8885751741     0.002438575211      0.02112256534
 "BPM.8L2.B2"               6219.530789        134.5118055       -3.132134593        25.43051677        2.040339636        14.98278648        14.85037126       0.1072853594    -0.006474284259    -0.005529004244    0.0002614891679    3.006204765e-06   -3.182917903e-06       -16.06845102        4.598682527                 -0                 -0                 -0                 -0                 -0        19.34863473        52.44956918        29.53378458        27.69681114        -16.2666997       -2.225585934 "MONITOR"                            0                  0       0.0198794353      -0.4980106314    -0.002575910565      0.08770564597
 "BPM.7L2.B2"                 6258.5968        57.92043436       0.8295671449        107.1487284       -3.457571612        15.04818334        15.19628136     -0.05390050764    -0.003550986206     0.001628800348    5.852161608e-05    2.810334525e-06    -1.24920959e-05       -22.79442402       -3.691696294                 -0                 -0                 -0                 -0                 -0        18.82575198        52.27303256        29.67148381        28.40353589       -15.36380773       -8.931749063 "MONITOR"                            0                  0      0.03102480666        1.725169361    0.0007822821399      0.05834935127
 "BPM.6L2.B2"                 6290.7028        186.0743906        2.282149456        43.76148882      -0.3220966138         15.0996631        15.26897236      -0.0633298977     0.003179087085     0.001395056332    0.0002891216143    5.637025779e-06   -2.507693335e-06       -53.63821525       -4.635650784                 -0                 -0                 -0                 -0                 -0        20.61466719        51.03813907        29.76602845        28.55067403       -15.23523019       -5.428460674 "MONITOR"                            0                  0      0.02507315709        1.955925189   -4.103964734e-05      0.01517310648
 "BPMYB.5L2.B2"               6362.9018         37.9093785      -0.9923291117        176.5041894        2.727527935        15.30089463        15.40040347      0.04086813843      0.02116761063     0.002202271731   -0.0002636100932    2.748196147e-05    0.0003472737876       -20.99878048       -12.34369247                 -0                 -0                 -0                 -0                 -0        22.27023239        51.63991891        30.18077696        28.80889142       -18.67053732       -3.009979796 "MONITOR"                            0                  0     -0.01677782861        1.467526045   -0.0001105735885     -0.01778767373
 "BPMYB.4L2.B2"               6383.4718        100.8861848       -2.069256027        84.52507356        1.743989605        15.35486054        15.42733485       0.0861107107      0.01520229432     0.002202271731   -0.0002636100932    8.563906773e-05    0.0008901293057       -22.14631989       -8.259244613                 -0                 -0                 -0                 -0                 -0        21.84598205        52.57044215        30.29585372        28.86372935       -18.81582702        -3.75947021 "MONITOR"                            0                  0     -0.01905232733         1.49353997   -0.0001105735885     -0.01551317501
 "BPMWB.4L2.B2"               6407.8633        104.7624612       0.3102710847        83.39500871      -0.4938838199         15.3897404        15.47844597      0.08506856475      0.01389432498    -0.001579208954    7.971793776e-05    0.0001057251815     0.002582518971       -13.06871171        -7.04537119                 -0                 -0                 -0                 -0                 -0        21.88323058        52.47386943        30.36557702        28.96665613       -18.48051607       -6.087449677 "MONITOR"                            0                  0      0.01442390157        1.671983855   -6.951448551e-05      0.02388300706
 "BPMSX.4L2.B2"               6458.1563        100.0218423      -0.2160110703        170.8011647       -1.244054978        15.47148164        15.54767613     0.005632024071       0.0133745211    -0.001579208954    7.971793776e-05    0.0001191098825     0.007111567251        10.62293415       -6.245314698                 -0                 -0                 -0                 -0                 -0        22.01576443        51.79733497        30.52536194        29.10610832       -16.94232516       -9.564565449 "MONITOR"                            0                  0      0.01092780956        2.323539603   -6.951448551e-05      0.02737909908
 "BPMS.2L2.B2"                6496.0078        173.1476308        10.81938502         63.4446936       -1.298909605        15.51500088        15.59798943    -0.006433576273      0.01224975901    0.0003870763279    0.0004470104132    0.0001928271213     0.004819167042        29.33966046       -1.620924225                 -0                 -0                 -0                 -0                 -0        25.44168841        49.67690537        30.63405803        29.19744229       -16.11657752       -11.07964703 "MONITOR"                            0                  0       0.1291307067         1.95100643      0.00376892462      0.06051159433
 "BPMSW.1L2.B2"               6505.9418        56.56659756        2.154939768        56.66562742        2.161104741         15.5329721        15.62140022    -0.003766040901      0.01370832992    0.0001290638131   -0.0003199946182    0.0001473776659      0.00433254511        20.05850024      -0.5058631432                 -0                 -0                 -0                 -0                 -0        27.65244898        49.50019317        30.68772759        29.24383497       -15.88865515       -11.31276548 "MONITOR"                            0                  0      0.05267307147        1.078943502    -0.001870355548      -0.0295653766
 "BPMSW.1L2.B2_DOROS"           6505.9418        56.56659756        2.154939768        56.66562742        2.161104741         15.5329721        15.62140022    -0.003766040901      0.01370832992    0.0001290638131   -0.0003199946182    0.0001473776659      0.00433254511        20.05850024      -0.5058631432                 -0                 -0                 -0                 -0                 -0        27.65244898        49.50019317        30.68772759        29.24383497       -15.88865515       -11.31276548 "MONITOR"                            0                  0      0.05267307147        1.078943502    -0.001870355548      -0.0295653766
 "BPMSW.1R2.B2"               6549.1318        56.53529806       -2.154215075        56.65246287       -2.160799935        15.89465353        15.98344044     0.001805248028     0.008553117577    0.0001290638131   -0.0003199946182    0.0001503548173    -0.004332791276        8.480362023        5.711009919                 -0                 -0                 -0                 -0                 -0        29.25866677        46.95553111        31.43349248         29.9563817       -19.21068033       -6.709260204 "MONITOR"                            0                  0     -0.02810758463        1.015981467    -0.001870355548      0.05121527951
 "BPMSW.1R2.B2_DOROS"           6549.1318        56.53529806       -2.154215075        56.65246287       -2.160799935        15.89465353        15.98344044     0.001805248028     0.008553117577    0.0001290638131   -0.0003199946182    0.0001503548173    -0.004332791276        8.480362023        5.711009919                 -0                 -0                 -0                 -0                 -0        29.25866677        46.95553111        31.43349248         29.9563817       -19.21068033       -6.709260204 "MONITOR"                            0                  0     -0.02810758463        1.015981467    -0.001870355548      0.05121527951
 "BPMS.2R2.B2"                6559.0658        63.26974737        1.296496434        173.5041871       -10.84384941        15.91812411        16.00137943     0.002457706742      0.01154407382    1.896129657e-06    0.0001726156591     0.000109614842    -0.007902077051        3.679010381        9.104535196                 -0                 -0                 -0                 -0                 -0        29.30141402         46.3357927        31.48160522        29.97981758        -18.5711728       -7.550524263 "MONITOR"                            0                  0      0.05674532676        1.863760769     0.003540434223       0.1244019831
 "BPMSX.4R2.B2"               6597.0373        170.0066952        1.237910509        100.2594814       0.2146119401        15.96869771        16.04497885    -0.004202831257     -0.02062803166    -0.001549363309   -0.0009658886258     7.30105795e-05    -0.004941888353       -12.84605961        4.964483628                 -0                 -0                 -0                 -0                 -0         31.3070628        47.34531212        31.59865735        30.05137918        -17.1787463        -9.61990262 "MONITOR"                            0                  0      0.02622977609        2.318491114    -5.34155893e-05      0.01284302424
 "BPMWB.4R2.B2"               6647.1343        83.36016084       0.4916648024        104.9417305      -0.3080756019        16.03782703        16.12618833     -0.08175348766     -0.07236914484    -0.001549363309   -0.0009658886258    5.213415789e-06    -0.001588904953       -25.27718997       0.4862002162                 -0                 -0                 -0                 -0                 -0        30.80933255        47.70143159        31.73976022        30.21507597       -16.23879045       -12.17116579 "MONITOR"                            0                  0      0.02355381531        1.781912613    -5.34155893e-05      0.01551898501
 "BPMYB.4R2.B2"               6671.6018        84.57387409       -1.747966804        100.9938608        2.074281149        16.08910286        16.16112633      -0.1029634641     -0.08715927231    -0.002308213217     0.001196521703   -6.719047868e-06   -0.0005070734243        -34.7297964       -1.580267533                 -0                 -0                 -0                 -0                 -0         30.5592907        47.73625266        31.84246183        30.28490174       -16.68910304       -12.20346475 "MONITOR"                            0                  0     -0.01844328434        1.627615098   -3.749357898e-05     -0.02167097758
 "BPM.5R2.B2"                 6701.1358        179.0986185        2.618222803        31.95486104      -0.3050087135        16.12362321         16.2587687      -0.1511063115     -0.06007183155     0.002268331222   -0.0005628223932    5.610035808e-06   -2.850100452e-06       -56.73896569        -3.78298899                 -0                 -0                 -0                 -0                 -0        30.58882812        46.83205593        31.90581735        30.47690022        -17.4595182       -9.148255198 "MONITOR"                            0                  0       0.0258977996        1.575329139    0.0001453922469      0.02663352758
 "BPMR.6R2.B2"                6774.4318        41.70229521       -1.858239491        183.1722021        4.546429689        16.39598826        16.40806787       0.0152959805      -0.0844140531     0.002395488057     0.002731282502   -3.272516935e-07    1.710177932e-05       -7.337581664       -12.67798861                 -0                 -0                 -0                 -0                 -0        33.83381113        48.62782279        32.44880791        30.77052837       -19.94328733       -4.975461229 "MONITOR"                            0                  0    -0.002045117997       0.8859145559   -0.0004906313643      -0.0127384579
 "BPM_A.7R2.B2"               6787.3068        107.2527452       -3.233057593        85.71239102        3.023264373        16.42682035        16.42445048      0.04613890678     -0.04924480199     0.002395488057     0.002731282502   -1.344796222e-06    1.311289697e-05       -2.691291677       -8.535192113                 -0                 -0                 -0                 -0                 -0        34.69981127        50.08315086        32.51543112        30.80474409       -18.93423099       -5.182163653 "MONITOR"                            0                  0    -0.008361996813       0.8295676194   -0.0004906313643    -0.006421579088
 "BPM.8R2.B2"               6828.745789        21.46030945       0.4906246648        147.3775167       -1.594338569        16.55246758        16.49675972       0.2133147676    -0.008987305037     0.009984053818    0.0007765408494   -1.734818531e-06    2.298242732e-05         14.1345184       -8.957353909                 -0                 -0                 -0                 -0                 -0        33.86094216        49.74458429        32.77530273        30.94811491       -16.72048711       -7.760827539 "MONITOR"                            0                  0      0.05808080821       0.1579199864    0.0007967213154      0.01009846448
 "BPM.9R2.B2"               6867.812779        101.0198677       -2.116500238          48.764213       0.8688180682        16.73027229        16.56728206       0.9893435741      0.02709774004       0.0263633603    0.0009351516429   -3.352901248e-06    1.388559404e-05        43.44534082       -2.887884995                 -0                 -0                 -0                 -0                 -0        31.84195232        50.85215238        33.13302916        31.08757157       -21.42918513       -11.24750378 "MONITOR"                            0                  0      0.02938218007      -0.7811074488   -0.0008679768418      0.03875452028
 "BPM.10R2.B2"              6908.277768        31.11420629       0.4735161334        167.5712765       -2.501355564        16.83905217        16.65175274       0.7898023784       0.1081957652    -0.002586212968     0.002123109002   -5.481471071e-07    2.072110609e-05        15.14691418       0.9041749171                 -0                 -0                 -0                 -0                 -0         31.8653238        49.93319014        33.34407747        31.26010283        -21.7735951       -13.22844333 "MONITOR"                            0                  0       0.0227703483       -1.070052314     0.000631319765    -0.009434910531
 "BPM.11R2.B2"              6960.118458        179.9095924       -2.615658771        31.93814328       0.5585097046         16.9745507        16.76429386        2.077223101      0.06007441558      0.03075809256    -0.001126277525    3.243692457e-06    2.467760934e-06        -12.9767913        3.886087247                 -0                 -0                 -0                 -0                 -0        33.99513957        48.37366452        33.61559907        31.48151167       -18.04821986       -9.869710091 "MONITOR"                            0                  0      0.02469741335         -1.3132006   -0.0007168474869      0.05677007262
 "BPM.12R2.B2"              7014.844942         31.9799852       0.5190507433        174.3751529       -2.407169757        17.09191241        16.90777984         1.04335699      0.08267395061     -0.01311766263    0.0004895695802     2.31462571e-06   -1.664894838e-05       -22.06628646        12.97699044                 -0                 -0                 -0                 -0                 -0        26.29372341        50.13278299        33.81052285         31.7699289       -17.10474098       -5.809642116 "MONITOR"                            0                  0      0.01980069624       -1.007487476    0.0005868295263    -0.006591956265
 "BPM.13R2.B2"              7068.296426        169.7036847       -2.375134343        34.93923327       0.5568099183        17.23336599        17.01785895        2.099963026    -0.003888177624      0.02960841654    -0.001732875087    4.280130204e-06   -1.159885925e-05       -61.71737054        3.949329816                 -0                 -0                 -0                 -0                 -0        26.05703991        39.44547015        34.08341607        32.00315621       -20.42479715       -8.984675894 "MONITOR"                            0                  0      0.02357745278       -1.239959901   -0.0005389682353      0.04782747572
 "BPM.14R2.B2"               7121.74791        32.99534342       0.5108979038        171.6965319       -2.314669403        17.34899205        17.15030966        1.069626261      -0.1086247773     -0.01385768067    -0.001972775005    4.170481782e-07   -2.111641061e-05        -17.2602968       -1.269175244                 -0                 -0                 -0                 -0                 -0        34.14654018         37.7168549        34.35428353        32.26500769       -20.72393113       -12.25739572 "MONITOR"                            0                  0      0.01738669283        -1.19629801    0.0005287381738    -0.009935407982
 "BPM.15R2.B2"              7175.199394        172.4511063       -2.378539485        33.39463153       0.5239592831        17.48593115        17.26450183        2.115952465     -0.06169588713      0.02944822443      0.00103960365   -3.489844468e-06    0.0003424663224        10.94947782       -3.950915989                 -0                 -0                 -0                 -0                 -0        34.79710489        48.75671106        34.63599757        32.48378575       -16.82840281       -8.815917456 "MONITOR"                            0                  0      0.02429618971       -1.377085279   -0.0005748522285      0.05142791279
 "BPM.16R2.B2"              7228.650878        32.24518647       0.5177791714        173.6978295       -2.386038282        17.60205661        17.39994133         1.06175797     -0.08823248429     -0.01432399739   -0.0005606291049   -2.225904724e-06     0.001254087023        19.79772981       -12.32927341                 -0                 -0                 -0                 -0                 -0        25.90135629         50.4431484        34.83232769        32.75707111       -16.29066724       -4.757821156 "MONITOR"                            0                  0      0.01315854374       -1.101501665    0.0004997821453    -0.008284286864
 "BPM.17R2.B2"              7282.102362        169.9840884       -2.370095927        34.94482996       0.5529068225        17.74252928        17.51026725        2.070951096    -0.001951053183      0.02874128221     0.001719546003    -6.30667628e-06    0.0008174471919        54.90488156       -3.834744777                 -0                 -0                 -0                 -0                 -0        25.49311037        39.34897042        35.10308087        32.98730462       -19.64849291       -7.663675051 "MONITOR"                            0                  0      0.02721078378        -1.46659892   -0.0003697733604       0.0399961406
 "BPM.18R2.B2"              7335.553846        33.02577668       0.5127967338        172.0504283       -2.319044283        17.85798221        17.64251969        1.043016807      0.09595508674     -0.01376750085     0.001852883526   -1.350612994e-06     0.001437519241        12.74539297         0.98342851                 -0                 -0                 -0                 -0                 -0        34.20832137        37.70290952        35.36847968         33.2481336        -19.6217578       -11.25770579 "MONITOR"                            0                  0     0.006452273205       -1.684185541    0.0003675496414     -0.01721102026
 "BPM.19R2.B2"               7389.00533        172.2024017        -2.37424935        33.38977168       0.5261624143        17.99495992         17.7565674        2.057406316      0.05617531888      0.02881329277   -0.0009141422469    -6.89015992e-07     0.000146546714       -20.01624414        3.682316811                 -0                 -0                 -0                 -0                 -0        35.02902419        48.62833319        35.64970013        33.47050411        -15.7102134       -8.147029375 "MONITOR"                            0                  0      0.02979029865       -1.831688336   -0.0004938814196      0.05326760781
 "BPM.20R2.B2"              7442.456814        32.21242218       0.5159293877        173.3076597       -2.381107502        18.11125962        17.89222332        1.051495856      0.08407105948     -0.01333723889    0.0005743016122    4.956024777e-07    -0.001145215773       -23.82865756        11.71672241                 -0                 -0                 -0                 -0                 -0        25.75591036        50.23265019         35.8527436        33.74444368       -15.51892797       -3.780352865 "MONITOR"                            0                  0     0.003738622928       -1.658593292    0.0004484383576     -0.01691207735
 "BPM.21R2.B2"              7495.908299        170.2121158       -2.374250269        34.94729144       0.5503874427        18.25171473        18.00270915        2.102963717     0.003836379279      0.02952197228    -0.001603297387    1.249705395e-07   -0.0008102961481        -59.5976611        3.520727734                 -0                 -0                 -0                 -0                 -0         25.1253519        39.03873342        36.12374645        33.97139139       -18.90016018       -6.372783908 "MONITOR"                            0                  0      0.02624535403       -1.675714041   -0.0005033046994      0.05259856401
 "BPM.22R2.B2"              7549.359783        33.06410475       0.5146813118        172.4836646       -2.324497689        18.36698621        18.13473071        1.070174197     -0.08474135114     -0.01390594179    -0.001676409868   -2.458967128e-08    -0.001493338497       -14.70295974       -1.230132996                 -0                 -0                 -0                 -0                 -0        34.68077812        37.48141262        36.38391489        34.23094146       -18.51480435       -10.23729207 "MONITOR"                            0                  0     0.005763744858       -1.397364059    0.0004729144111     -0.01420608725
 "BPM.23R2.B2"              7602.811267        170.5049454       -2.351105059        34.91434576       0.5447924301        18.50476042        18.24562206        2.098972352     -0.05196073916      0.02911542636    0.0007676363072   -3.812875463e-06   -0.0002053976984        17.52000472       -3.672451027                 -0                 -0                 -0                 -0                 -0         35.6046172        48.92441467        36.66633476        34.45106801       -14.57089141       -7.596604044 "MONITOR"                            0                  0      0.02511898571       -1.593879483    -0.000419525623       0.0436518265
 "BPM.24R2.B2"              7656.262751        33.16805726        0.517336771        172.3527479       -2.323530345        18.61971158        18.37777246        1.069828732     -0.08197618441     -0.01382643707   -0.0006102869983   -2.490519654e-06     0.001006741299        21.49708601       -11.37655828                 -0                 -0                 -0                 -0                 -0        25.56093269        50.36312394        36.87235675        34.71931013       -14.73793125       -2.832150983 "MONITOR"                            0                  0    -0.001556622827       -1.334685154    0.0003086107295      -0.0131450445
 "BPM.25R2.B2"              7709.714235        170.2691214       -2.344685328        34.93656374       0.5445125291        18.75730766        18.48865609        2.103409855    -0.007102547072      0.02920602569     0.001503084589   -6.007498395e-06    0.0007920921265        52.92071174       -3.652792403                 -0                 -0                 -0                 -0                 -0        24.84774728        38.92257912        37.13730074        34.93974916       -18.04792381       -4.763725413 "MONITOR"                            0                  0      0.02645566803       -1.597433989   -0.0001874198518      0.03145621028
 "BPM.26R2.B2"              7763.165719        33.05742414       0.5145890233        172.4508767       -2.324211514        18.87259384        18.62070472        1.072754768      0.07107166411     -0.01386113997     0.001478636667   -9.451061053e-07       0.0015821155         10.5085991       0.5323645859                 -0                 -0                 -0                 -0                 -0        34.77830588        37.61567008         37.3937509        35.19808376       -17.43729598       -9.091792023 "MONITOR"                            0                  0    -0.006628627617       -1.832820487    0.0001908840695     -0.02124299905
 "BPM.27R2.B2"              7816.617203        170.5377852       -2.351423975        34.91798385       0.5450029338        19.01034833        18.73157932        2.107668406      0.04625067369      0.02923376492   -0.0006004629104   -3.889183138e-07    0.0002752354339       -25.48602046        3.313743718                 -0                 -0                 -0                 -0                 -0        35.79069322        48.98693067        37.67587574        35.42588613       -13.52569416        -7.14624575 "MONITOR"                            0                  0      0.03012370457       -2.009464631   -0.0002754501728      0.04144176996
 "BPM.28R2.B2"              7870.068687        33.16350542       0.5174635338        172.3258993       -2.323095074        19.12529651        18.86373534        1.072621293      0.07806598535     -0.01394938129    0.0006382878886    2.669019341e-07   -0.0008672628825       -25.34514512        10.91252502                 -0                 -0                 -0                 -0                 -0        25.40647381        50.21501973        37.88557186        35.69483432       -13.91302922       -1.985542554 "MONITOR"                            0                  0     -0.01318885977       -1.922646473    0.0002023934316     -0.02238308467
 "BPM.29R2.B2"              7923.520171        170.2263337       -2.344477987        34.93256503        0.544083613        19.26294255        18.97465104        2.102935274     0.009408376799      0.02914826565    -0.001384654061   -3.898385901e-08   -0.0007678243068       -58.14078652        3.526571145                 -0                 -0                 -0                 -0                 -0         24.5616093        38.98785681          38.150852        35.90811762       -17.17842239       -3.191232542 "MONITOR"                            0                  0       0.0254939591       -1.825232346   -0.0002838747596      0.04233044754
 "BPM.30R2.B2"              7976.971655        33.06889392       0.5145145474        172.5163034       -2.325132898        19.37821919        19.10667396        1.070036686     -0.05588517685     -0.01390234746    -0.001230770483   -3.744897351e-07    -0.001658568632       -9.405592258      -0.3896422033                 -0                 -0                 -0                 -0                 -0        24.19037145        37.24897679         38.3693214        36.17519774       -17.15705657       -7.684016951 "MONITOR"                            0                  0     -0.01049177103       -1.535177301    0.0002423985149      -0.0180051051
 "BPM.31R2.B2"               8030.42314        170.5485101       -2.351556371        34.92107918       0.5450297912        19.51595878        19.21754143        2.098964136     -0.03860447266       0.0291178343    0.0004385632144   -5.788698861e-06   -0.0003429270844        34.39105864       -3.210573169                 -0                 -0                 -0                 -0                 -0        24.98893519        48.29220344        38.65508779        36.40831993        -14.4489061        -6.27696522 "MONITOR"                            0                  0      0.02178132069        -1.55304137   -0.0002066357016      0.03233812296
 "BPM.32R2.B2"              8083.874624        33.16462272        0.517560337        172.3267332       -2.322991951        19.63089887        19.34968768        1.069964095     -0.06920255073     -0.01382370463   -0.0006072090249    -3.37081505e-06    0.0007210392702        26.66146874       -10.73630869                 -0                 -0                 -0                 -0                 -0        15.62594709         49.3579036          38.838046        36.67771299       -14.21431009       -1.001347194 "MONITOR"                            0                  0     -0.01213370045       -1.359821723    0.0001452273154     -0.01628090767
 "BPM.33R2.B2"              8137.326108        170.2198429       -2.344176254        34.93060722       0.5442663045        19.76853278         19.4605946        2.103774437     -0.01035093354      0.02921033491      0.00119222921   -5.881976424e-06    0.0007375993857        51.20585729       -3.678772147                 -0                 -0                 -0                 -0                 -0        15.31925593        38.52809871        39.09532783        36.88598487       -16.30563421       -1.660416345 "MONITOR"                            0                  0      0.02445276409       -1.632792885   -1.193613559e-05      0.01992898416
 "BPM.34R2.B2"              8190.777592        33.06177385       0.5143918134        172.4805325       -2.324725381        19.88382726        19.59264043        1.072819167      0.04250946177     -0.01386730759    0.0009977333441   -5.600833163e-07     0.001722167168        8.694169212      -0.3559915456                 -0                 -0                 -0                 -0                 -0        15.64665574        36.70476794         39.3067627        37.15202983         -16.942243       -6.215169843 "MONITOR"                            0                  0     -0.02035397872       -1.893832228   -1.580214832e-05     -0.02445565038
 "BPM.33L3.B2"              8244.229076        170.5718299       -2.351695107        34.92447944       0.5452642921         20.0215484        19.70349005         2.10760044      0.03110726985       0.0292315877   -0.0003100410162   -8.746611273e-08    0.0004079639566       -29.32842862        2.861717436                 -0                 -0                 -0                 -0                 -0        15.81395134        47.30754557        39.60017799         37.3906721       -15.38124063       -5.357230875 "MONITOR"                            0                  0      0.02813642553       -2.031939719   -4.845303982e-05      0.02811152158
 "BPM.32L3.B2"               8297.68056        33.15792245       0.5176095145        172.2954536       -2.322502921         20.1364937        19.83564456        1.072524399      0.05774068296     -0.01394985346    0.0005231043086    1.589097644e-08   -0.0005692125423       -22.31418144        10.24950613                 -0                 -0                 -0                 -0                 -0         15.7717117        49.12064343        39.84909803         37.6533099       -15.25961761      0.08293363996 "MONITOR"                            0                  0     -0.02712566944       -2.055556131   -1.632591686e-05     -0.02676609261
 "BPM.31L3.B2"              8351.132044        170.1964103       -2.344236099        34.92474102       0.5438603572           20.27417         19.9465846        2.102561386     0.009488758845      0.02914273214   -0.0009812558287   -4.861015106e-07   -0.0007016331461       -42.94986102        3.581844394                 -0                 -0                 -0                 -0                 -0        15.34534015        39.07077381        40.10674489        37.85502865       -17.38451647       0.1889920976 "MONITOR"                            0                  0      0.02436770244       -1.923771639   -7.424609134e-05      0.03071103268
 "BPM.30L3.B2"              8404.583528        33.07401957       0.5144453219        172.5375517         -2.3255862        20.38944501        20.07861326        1.069888573     -0.03496423814     -0.01389757667   -0.0008469450239    9.955016596e-08    -0.001772347496       -6.911419039        0.644089464                 -0                 -0                 -0                 -0                 -0        24.67571246        38.65443638        40.38532321        38.11152499       -17.09981908       -4.598435997 "MONITOR"                            0                  0     -0.02474430778       -1.737366672    4.094937516e-05     -0.02349118704
 "BPM.29L3.B2"              8458.035012        170.5764461       -2.351803095        34.92510565       0.5451676182        20.52715806        20.18946666        2.098991731     -0.02587769588      0.02912114326    0.0002560241812   -4.303089952e-06   -0.0004698177351        25.08430735       -2.664412634                 -0                 -0                 -0                 -0                 -0        25.62616992        47.94756835        40.67026799        38.35800368       -14.36161595       -4.727744619 "MONITOR"                            0                  0      0.02116052383       -1.714769039   -2.075263648e-05      0.02258877823
 "BPM.28L3.B2"              8511.486496        33.15949525       0.5176553498        172.3134489       -2.322718061        20.64209813        20.32161052        1.070084889     -0.04822645824     -0.01382209704   -0.0004374870767    -3.02588941e-06    0.0004129684236        22.75135169       -9.913308941                 -0                 -0                 -0                 -0                 -0        26.34882998        49.82405165        40.91082859        38.62186731       -15.19312411       0.8336551989 "MONITOR"                            0                  0       -0.029283669       -1.461645631   -9.206135159e-05     -0.01970304626
 "BPM.27L3.B2"               8564.93798        170.1907639       -2.343981327        34.92705664       0.5441218686        20.77976383        20.43253112        2.104050709    -0.007891581019       0.0292132327    0.0008231099117   -5.778669727e-06    0.0006602204259        48.89230698       -3.653239393                 -0                 -0                 -0                 -0                 -0        25.26059336        41.22023477        41.17751986        38.81715261       -18.45872016        1.935571362 "MONITOR"                            0                  0      0.02043040389       -1.550957941    0.0002261288596     0.006683093729
 "BPM.26L3.B2"              8618.389465        33.06865309       0.5142609406        172.4933038       -2.325025376        20.89505834        20.56458137        1.072879807      0.02953465778     -0.01387170596      0.00071832854     -3.3442924e-07     0.001808764511        7.082775323       -1.179930295                 -0                 -0                 -0                 -0                 -0        35.97147712        41.25256627        41.42177509        39.07391008       -17.18236473       -2.875099957 "MONITOR"                            0                  0     -0.03282837179       -1.837253111   -0.0002252666017     -0.02628218389
 "BPM.25L3.B2"              8671.840949        170.5973909       -2.351798292        34.93108137       0.5454048456        21.03274488        20.67541373        2.107561033      0.02106234593       0.0292299032    -0.000236570861    4.782697168e-08    0.0005280220865       -32.57526999        2.379265008                 -0                 -0                 -0                 -0                 -0        37.22091919        48.89644077        41.70270352        39.32606831       -13.34591648        -3.99915183 "MONITOR"                            0                  0      0.02455978493        -1.94198477    0.0001851161592      0.01274729851
 "BPM.24L3.B2"              8725.292433        33.15025063       0.5176414115        172.2842516       -2.322193954        21.14769778        20.80755909          1.0724693      0.03919615304     -0.01395006241    0.0003563837635   -1.126292625e-09   -0.0002535207235       -26.47013384        9.594697637                 -0                 -0                 -0                 -0                 -0        26.27767875        49.04825629        41.92412482        39.59649607       -14.39233118        1.331977328 "MONITOR"                            0                  0     -0.04111345746       -2.025522178   -0.0002644196409     -0.02869271445
 "BPM.23L3.B2"              8778.743917        170.1795513        -2.34421166        34.91907021       0.5437821931        21.28540206        20.91851138        2.102340031     0.006352180723      0.02913940906   -0.0006735837167   -1.967244431e-07   -0.0006136724928        -53.8593306        3.667407122                 -0                 -0                 -0                 -0                 -0        25.07504358        41.87839675        42.19139474        39.78685383       -17.55988746        3.210512154 "MONITOR"                            0                  0      0.01989324154       -1.779326369    0.0001621768046      0.01582395497
 "BPM.22L3.B2"              8832.195401        33.08005042       0.5144109546        172.5399572       -2.325789735        21.40067159        21.05055357        1.069803567     -0.02444613346     -0.01389470699   -0.0005969200325    2.427982368e-07    -0.001831114496       -9.615233799        1.704462292                 -0                 -0                 -0                 -0                 -0        35.93451697        42.26583173        42.43150617        40.04392658       -16.07018801       -1.297354295 "MONITOR"                            0                  0     -0.03577774749         -1.6929351   -0.0001615579356     -0.02563757994
 "BPM.21L3.B2"              8885.646885        170.6013724       -2.351949775        34.92903065        0.545229243        21.53835491        21.16139817        2.099015804     -0.01657398692      0.02912317808    0.0002175239198   -4.561549968e-06   -0.0005821208253        28.37342559        -2.13047077                 -0                 -0                 -0                 -0                 -0        37.25887676        48.26893602         42.7120394        40.30005096       -12.34222239       -3.176027971 "MONITOR"                            0                  0      0.01723223124       -1.619606853     0.000167502632     0.009608878311
 "BPM.20L3.B2"              8939.098369        32.17434416       0.5060849133        173.3353161       -2.336098798        21.65540686        21.29303946        1.051808199     -0.02978974177     -0.01416844789   -0.0002605673547   -3.101341587e-06    8.668736977e-05         23.1315284       -9.403163211                 -0                 -0                 -0                 -0                 -0        26.33147453        48.11839186        42.94184239        40.56963446       -13.65727726        1.751169366 "MONITOR"                            0                  0     -0.04180436627       -1.359634154   -0.0003021655832     -0.02092156997
 "BPM.19L3.B2"              8992.549853        171.8128917       -2.395850642        33.41864336       0.5338430178        21.79506531        21.40652451        2.055847376    -0.003775173539      0.02863104097    0.0005359850986   -5.434676859e-06    0.0005577660848        46.27988411       -3.709520912                 -0                 -0                 -0                 -0                 -0         24.9183135        42.73916588        43.21493877        40.76206784       -16.68309271        4.357084588 "MONITOR"                            0                  0      0.01527401303       -1.352133186    0.0004459039992    -0.008347369694
 "BPM.18L3.B2"              9046.001337        33.07968486       0.5242281469        172.0470696       -2.363947044        21.90965249        21.54276975        1.043010306        0.022420292     -0.01346379118    0.0005146065595   -8.730033252e-08     0.001834985981        4.953567532       -2.000494014                 -0                 -0                 -0                 -0                 -0        35.73759442        43.15424684        43.44638606         41.0281777       -14.88090693      0.02076702199 "MONITOR"                            0                  0     -0.04357638685       -1.689933016   -0.0004324642871      -0.0269791371
 "BPM.17L3.B2"              9099.452821        170.3385634       -2.348531163        34.91140011       0.5429421693        22.04748508        21.65378768        2.075088072      0.01295217395      0.02914603863   -0.0002437069952    2.860522382e-07     0.000609307274       -36.86686876        1.985675225                 -0                 -0                 -0                 -0                 -0        37.16084962        48.06746295         43.7264473        41.28522502       -11.35757154       -2.274656608 "MONITOR"                            0                  0       0.0197988381       -1.744398183     0.000398966639    -0.002436334948
 "BPM.16L3.B2"              9152.904306        32.17543032       0.5044907116        173.6861022       -2.341218812        22.16464963        21.78530117        1.061619092      0.01961257585     -0.01350445844    0.0001339553991    -2.83535362e-08     2.75159785e-06       -26.69941855        9.173140217                 -0                 -0                 -0                 -0                 -0        26.35123136        47.76288792        43.96251689         41.5544954       -12.98753267        2.387092479 "MONITOR"                            0                  0     -0.05205688041       -1.885846166   -0.0004804744811     -0.02923414382
 "BPM.15L3.B2"               9206.35579        172.0867974       -2.399362102        33.43982907       0.5361174464        22.30415403        21.89860462         2.11713072    0.0004504201437      0.02961045521   -0.0003910265998   -4.068359555e-07   -0.0003049906992       -50.10978524        3.698543118                 -0                 -0                 -0                 -0                 -0         24.8114259        43.36792537        44.23628309        41.74425217       -15.78848981        5.411778927 "MONITOR"                            0                  0      0.01526328836       -1.573507072    0.0003788602263    0.0009244837517
 "BPM.14L3.B2"              9259.807274        33.07522331       0.5258343684        171.7086804       -2.358900044        22.41863611        22.03496983        1.069423329     -0.02175630154     -0.01420492452   -0.0004322433447   -1.109203563e-07    -0.001033983412        -6.82412489        2.296531943                 -0                 -0                 -0                 -0                 -0        35.98928998         44.0362001         44.4611966        42.01090615       -13.67528734        1.377666253 "MONITOR"                            0                  0     -0.04560162933       -1.574489284   -0.0003637103526     -0.02635451062
 "BPM.13L3.B2"              9313.258758        170.0800213        -2.34569623        34.87771556       0.5402866133        22.55664784        22.14620243        2.095538863     -0.01118012083      0.02906831488    0.0002479815373   -1.715668031e-06    -0.000367128492        33.52322222       -1.809153009                 -0                 -0                 -0                 -0                 -0        37.49677953        47.96937418        44.74118709        42.27050639       -10.35011362       -1.315419335 "MONITOR"                            0                  0      0.01481318734       -1.528989203    0.0003947672542    -0.005393020419
 "BPM.12L3.B2"              9366.710242        43.60045387       0.5998252943        163.7467083       -2.212070667        22.65473526        22.28282074        1.240761413     -0.01301633342     -0.01052214119   -4.499190871e-05   -1.111434857e-06   -5.040747222e-05        26.48143183       -8.765202507                 -0                 -0                 -0                 -0                 -0        26.06709579        47.51347995        44.94407442        42.54919927       -11.75229884        3.279129283 "MONITOR"                            0                  0     -0.04335129215       -1.799975437   -0.0003803302718     -0.02826822839
 "BPM.11L3.B2"              9420.161726        180.9684329       -2.209279035        36.55370917       0.5077653794        22.76600148        22.39413948        2.675739071     0.001875608436      0.03695986791    0.0002974437011   -1.812227243e-06    1.752564198e-06        51.69481342       -3.862779701                 -0                 -0                 -0                 -0                 -0        25.21414355         43.3208684        45.14760146        42.72771353       -14.49755255         6.53878679 "MONITOR"                            0                  0      0.01658914639       -1.673195176    0.0002833372925     0.003863202339
 "BPM.10L3.B2"              9472.944415        54.31006604       0.6676181799         153.677329       -1.997288426        22.85084905        22.52586136        1.643329251      0.02044699713     -0.01494413689    0.0003545582582   -4.755530097e-07    2.789932999e-05        15.37267328       -2.560821073                 -0                 -0                 -0                 -0                 -0        38.70887405        45.30453027        45.34678403        42.98540836        -14.3029013        3.053982539 "MONITOR"                            0                  0     -0.02755226116       -2.101969133    -0.000125346969     -0.02908563041
 "BPM.9L3.B2"               9512.011405        133.7550062       -1.614584996        67.32339757       0.8352786292        22.93083274        22.58528352         2.64043609      0.01590263812      0.03373511707   -0.0001455803923    2.134172243e-07    2.220481047e-05       -3.611007471       0.4700916111                 -0                 -0                 -0                 -0                 -0        39.61090787        46.07343566        45.50814151         43.1027379        -11.6964931       0.4409487968 "MONITOR"                            0                  0      0.02374008524       -2.215934939     3.39084269e-05      0.01949279566
 "BPM.8L3.B2"               9552.476394         37.0195051        0.654879214        180.6204316        -2.12870721        23.02132871         22.6491765        1.405641819      0.02619054114     -0.02897770994    0.0002815657463    6.435202403e-07    3.735511007e-05       -15.39676131        4.435954513                 -0                 -0                 -0                 -0                 -0        38.63951308        45.31027268        45.69325709        43.23329628       -9.093793817       -1.034510806 "MONITOR"                            0                  0     -0.05202709767       -1.840616622   -0.0004298525205     -0.02554618099
 "BPM.7L3.B2"               9591.542384        94.61016749       -1.390085462        66.99670574        1.081351118        23.14329181        22.70394023        1.614796788      0.01402771777      0.01318344488   -0.0003483248015    1.626509788e-06    2.037327126e-05       -41.93824658        4.307397885                 -0                 -0                 -0                 -0                 -0        37.72091118        44.57315079         45.9342315        43.33965664       -10.86700182      -0.5451158658 "MONITOR"                            0                  0     0.004310282136       -1.305126544     0.000404539732     0.002302478901
 "BPMR.6L3.B2"              9664.181384        57.73938479       -1.614775214           243.0795        2.469917127        23.37889932        22.79795591       -0.662083779       0.0135282496     -0.04149374407   -0.0002517964644    2.752766373e-07    2.099856614e-05         -6.3459836        11.04991608                 -0                 -0                 -0                 -0                 -0         39.6083868        45.77383356        46.40684823        43.53085383        -13.9822112        3.017695185 "MONITOR"                            0                  0     -0.05955308934       0.4531842173    0.0009057064637     -0.01592447615
 "BPMWJ.A5L3.B2"            9705.809884        300.4525821       -4.215682236        88.06122927        1.253929401        23.43007902        22.84387424       -2.404405548     0.003061779247     -0.04149374407   -0.0002517969693   -3.061051561e-07    5.546595046e-06        9.986012406        6.685937378                 -0                 -0                 -0                 -0                 -0        40.97128685        45.12357115        46.51797971        43.62627634       -12.08037724        4.778562424 "MONITOR"                            0                  0     -0.02184982739       0.6998473708    0.0009057089655     -0.05362778836
 "BPMW.5L3.B2"              9734.779884        347.8844156        3.681556762        77.57128941      -0.9806939997        23.44283443        22.90772625       -2.779719743    -0.004063089261      0.02282640999   -0.0002700571214   -5.786385338e-07   -4.638991026e-06        16.44530717         5.46586054                 -0                 -0                 -0                 -0                 -0        41.19520296         44.7438061        46.54515089        43.75396908       -11.57864979        5.734529656 "MONITOR"                            0                  0     -0.01649366593       -0.578862024   -0.0007180704627     -0.05781392725
 "BPMWE.4L3.B2"             9809.907884        30.83609179       0.5385519034        367.6674287       -2.880664473        23.57199819         22.9810996       -1.064817006     -0.02432403256      0.02282640999   -0.0002700571214   -7.859405438e-07   -3.254704468e-05        15.76111131        7.575775329                 -0                 -0                 -0                 -0                 -0        40.54203626        44.69962665        46.81544561        43.89395523       -9.788998138        4.222426271 "MONITOR"                            0                  0     -0.07044086365       0.3697744541   -0.0007180704627    -0.003866729529
 "BPMW.4L3.B2"              9837.452884        44.24259716       -1.128737452        356.3647989        3.467011943         23.7194471        22.99238187      -0.6412426597     -0.02592282137     0.008809568094    0.0001764113396   -1.052310303e-06   -3.494842407e-05        19.41310822         6.63230565                 -0                 -0                 -0                 -0                 -0        39.93429335        44.81587732        47.11392256        43.91609651       -14.92165438         3.79450969 "MONITOR"                            0                  0     -0.09568548683         2.40290863    0.0008659375771     -0.02736746026
 "BPMW.4R3.B2"              9882.417884        249.6721377       -3.439916847        118.4469274        1.824167231        23.78980766        23.02749868      -0.2451196164     -0.01800075426     0.008809568094    0.0001764113396   -1.866280226e-06   -2.467966497e-05        32.79296406        2.218716461                 -0                 -0                 -0                 -0                 -0        38.04282927        46.27784527        47.26006667        43.98371798       -16.04145897        2.245647363 "MONITOR"                            0                  0     -0.05674860367        3.724031744    0.0008659375771     -0.06630434341
 "BPMWE.4R3.B2"             9909.962884        271.6348705        2.303761298        97.16149775      -0.7198153019        23.80506817          23.073086      0.04934375546     -0.01869356921      0.01130165836   -0.0001978783982   -1.747938971e-06   -2.604003724e-05        30.15309384    -0.005942517812                 -0                 -0                 -0                 -0                 -0        37.81778969        46.53018624        47.29105874        44.07537265       -15.96294757       0.1445253133 "MONITOR"                            0                  0      0.02072198806        3.294651488   -0.0001161363652     0.007493056744
 "BPMW.5R3.B2"              9985.090884        56.53867036       0.5593017428        293.5081141       -1.893679219         23.9087273        23.14646316       0.8984130334     -0.03353809541      0.01130165836   -0.0001978783982   -3.699921431e-08   -4.772208512e-05       -1.215038629        -5.51199057                 -0                 -0                 -0                 -0                 -0        36.35266124        45.71725093        47.49435201        44.22506752       -13.29455478       -1.853670235 "MONITOR"                            0                  0      0.01199689522        2.956287112   -0.0001161363652      0.01621814959
 "BPMWE.A5R3.B2"            10013.80888        67.92579717       -1.028482622        259.9190903        2.902625946        23.99141713         23.1619037        1.475976622     -0.03092088957      0.03113901361    0.0003766046178    6.542441466e-07   -4.418107409e-05       -14.63519973       -6.179924572                 -0                 -0                 -0                 -0                 -0        36.29013545        45.61093156        47.65731133        44.25553727       -10.82935918       -1.911003097 "MONITOR"                            0                  0     -0.04309891279        3.194896946      0.00029495966     -0.03434577584
 "BPMWC.6R3.B2"             10053.62688        197.8611179       -2.234748106        86.25798812        1.458741859        24.04721738        23.20474252         2.73086878      -0.0159463379      0.03113901361    0.0003766060865    1.767083389e-06   -2.305626742e-05       -37.32490651       -4.968089326                 -0                 -0                 -0                 -0                 -0        36.99518637        44.45149693        47.76465244        44.33817662       -10.40568623       -1.406674903 "MONITOR"                            0                  0     -0.03135415917        3.075773205    0.0002949619983     -0.04609073031
 "BPM.6R3.B2"               10065.78138         209.642161        2.105301427        70.25274935      -0.3258758005        24.05624614        23.23098583        2.809880021     -0.01283412734      -0.0286918036    9.092644964e-05    1.908267861e-06   -1.872847029e-05       -39.77163975       -5.105918712                 -0                 -0                 -0                 -0                 -0        37.08809105        44.35548744         47.7824048        44.38993631       -10.46350986      -0.6723969332 "MONITOR"                            0                  0      0.03055968956        2.881787435   -2.159448297e-05      0.01556524888
 "BPM_A.7R3.B2"             10121.60538        55.34021463       0.6587775773        155.7054784       -1.204876727        24.14295917        23.32059454        1.208189442    -0.007764693993      -0.0286918036    9.092644964e-05    1.243632566e-06   -1.228370378e-05       -21.49800284       -9.096719656                 -0                 -0                 -0                 -0                 -0        38.22080831        45.20794247        47.95960049        44.56837144        -12.7052434        3.007021291 "MONITOR"                            0                  0      0.02935419914        2.112033076   -2.159448297e-05      0.01677073929
 "BPM.8R3.B2"               10160.67137        175.9946536       -2.419297471         14.9785837       0.5110729443        24.21321771         23.4547105        1.509244451     0.003824189674      0.01619913141    0.0003129811161    2.127397849e-06    5.052671445e-06       -33.09693025       -1.925002456                 -0                 -0                 -0                 -0                 -0        36.88299972        45.05616755        48.09946547         44.8469967       -15.30158301        4.209623925 "MONITOR"                            0                  0     -0.01704724262        1.076859684    0.0004849723894     -0.06218879574
 "BPM.9R3.B2"               10199.73836        57.73319227        1.094278364        120.2990993       -2.885355276        24.27239624        23.67201205        0.803370753      0.02061384986     -0.01474525256    0.0004387322969    9.918377146e-07    2.957970779e-05       -12.54904287        4.607161961                 -0                 -0                 -0                 -0                 -0         37.0071012        43.28222304        48.21204382        45.29036601       -16.55905066       -2.306026486 "MONITOR"                            0                  0     -0.02447700301       0.4949749581   -0.0009346066936    -0.003076100841
 "BPM.10R3.B2"              10240.20335        174.7661892       -2.382031523        46.21539494       0.6878160663        24.34654801        23.75221084        1.435080822     0.009201317871      0.02417129583   -0.0003488072885     9.08388035e-07    1.352245777e-05       -5.285136802        4.483672736                 -0                 -0                 -0                 -0                 -0        36.99769788        42.36413306        48.36590354        45.44859244       -16.01190597      -0.1439492644 "MONITOR"                            0                  0     -0.01884397899       0.5146687369    0.0008320873029     -0.05127098823
 "BPM.11R3.B2"              10292.98604        27.24636911       0.4730098346        186.7274631       -2.247850232        24.47260047        23.85632891       0.9289734768     0.002710125725     -0.00724071261   -0.0001113780437   -3.199148006e-07    5.122804262e-06        10.57991465        9.856331428                 -0                 -0                 -0                 -0                 -0        34.80541377        43.87915272         48.6188089        45.65507485       -12.11432875        3.680726279 "MONITOR"                            0                  0     -0.04459608982       0.5894445814   -0.0007922116085    -0.001590616424
 "BPM.12R3.B2"              10347.71253        170.5933351       -2.503725874        33.74660999       0.5543888761        24.63407279        23.96894303        2.108491447    -0.006547112987      0.03116710648   -0.0001720616125   -2.164391436e-06   -8.841789766e-06        41.41918343        2.643030483                 -0                 -0                 -0                 -0                 -0        34.69183467        39.56701107        48.93374718        45.87637316       -13.13342181        3.286568506 "MONITOR"                            0                  0     -0.02271912288       0.9970915429    0.0007925529804     -0.05845474226
 "BPM.13R3.B2"              10401.16401        33.01333969       0.5174019639        173.3029843        -2.37141291        24.74922055        24.10373459        1.072842173     -0.02585557193     -0.01399083338   -0.0003719936739   -8.309072307e-07   -3.651086311e-05        10.64601728       -1.749243222                 -0                 -0                 -0                 -0                 -0        33.75757651        38.79606136        49.21566642        46.13915126        -16.0453123        -1.63557137 "MONITOR"                            0                  0     -0.03450465324       0.8647339938   -0.0007610011472     0.003494029724
 "BPM.14R3.B2"              10454.61549        171.0785004       -2.360211508        34.94873958       0.5504398728        24.88684388        24.21421582        2.112748994    -0.009791032912      0.02933114679    0.0003374747982   -3.665776744e-07   -1.419062706e-05       -12.67932111       -3.337260481                 -0                 -0                 -0                 -0                 -0        34.08892725        43.43790702        49.49770907        46.36693729       -13.71081484       -1.498353035 "MONITOR"                            0                  0     -0.02513270863        1.229292274    0.0007464599562     -0.05794804877
 "BPM.15R3.B2"              10508.06698        32.23677224       0.5096517254        172.4816208       -2.324478614        25.00355769        24.34623804        1.057129734    -0.004244178954     -0.01434569236    9.129957284e-05    5.132655146e-07   -7.226906786e-06        -18.0110797       -9.578422539                 -0                 -0                 -0                 -0                 -0        34.14617419        44.06424275         49.6792485        46.63751259       -10.39163024        3.384330309 "MONITOR"                            0                  0     -0.02612328035        1.007783405    -0.000661479374     0.004911493183
 "BPM.16R3.B2"              10561.51846        171.3186133       -2.387542283        33.38985287       0.5285119398        25.14330761        24.46012378        2.058351512     0.005979610938      0.02858508656    0.0001969251339     2.18797655e-06    8.027330694e-06       -49.01201981       -2.811800865                 -0                 -0                 -0                 -0                 -0        34.12203219        39.65444224         49.9516814          46.858175       -12.28308918        3.490492208 "MONITOR"                            0                  0     -0.02323874978        1.147016303    0.0006800964613     -0.05674340587
 "BPM.17R3.B2"              10614.96995        33.01945788       0.5206409586         172.905152       -2.375889444        25.25822151        24.59599131        1.039799276      0.02564452623     -0.01357413254    0.0003778782612    8.016743248e-07    3.615708928e-05       -13.71016544        1.279189295                 -0                 -0                 -0                 -0                 -0        34.43604344        39.01587286         50.2319255        47.12316831       -15.01085687       -1.475005129 "MONITOR"                            0                  0     -0.02892481728        1.019079154   -0.0007061594488     0.006248814253
 "BPM.18R3.B2"              10668.42143        170.8434469        -2.35708684        34.94248424       0.5481204051        25.39596355        24.70663143        2.061292318       0.0100853617      0.02894332463   -0.0003277571916    2.405408087e-07    1.458194529e-05        7.599359678         3.20219709                 -0                 -0                 -0                 -0                 -0        34.94621926         43.3190476        50.51381811        47.35246487       -12.29471629       -1.744049312 "MONITOR"                            0                  0     -0.02624297197        1.365714563    0.0006908598618     -0.05643322755
 "BPM.19R3.B2"              10721.87291         32.2359365        0.508260004        172.8663096       -2.329646881        25.51277779        24.83847566        1.056544532     0.005506829107     -0.01332144729   -7.269464417e-05   -5.596153772e-07    8.989439284e-06        14.82463493        9.651331828                 -0                 -0                 -0                 -0                 -0        33.79022842        43.81561033        50.69764948        47.62275553       -9.188601081        3.099069235 "MONITOR"                            0                  0     -0.02044003649        1.150115025   -0.0006008893129     0.007490239218
 "BPM.20R3.B2"               10775.3244        171.5514164       -2.390559421        33.40001794       0.5308791281        25.65240009        24.95218651        2.115535062    -0.005483136317      0.02966919472    -0.000213064468   -2.202533951e-06   -7.316505913e-06        40.67198445        2.971952092                 -0                 -0                 -0                 -0                 -0         33.6005679        39.58570638        50.96977448        47.84133241       -11.47917637        3.635257257 "MONITOR"                            0                  0     -0.02422009808        1.274004118    0.0006168557699     -0.05464576871
 "BPM.21R3.B2"              10828.77588         33.0185252       0.5219969074        172.5198537       -2.370596344        25.76722098           25.08823        1.072927267     -0.02537457423     -0.01410754357   -0.0003814795249   -7.695556774e-07   -3.571879552e-05        8.771540475       -0.808912534                 -0                 -0                 -0                 -0                 -0        35.19782724         39.1744821        51.25082298        48.10628725       -13.94960447       -1.286750909 "MONITOR"                            0                  0     -0.02299917839        1.160317434   -0.0006385433277     0.008852873307
 "BPM.22R3.B2"              10882.22737        170.6135717       -2.354159907        34.92882479       0.5457129776        25.90509145        25.19904416        2.109507994     -0.01035420984      0.02926956368    0.0003173148986   -1.153706996e-07   -1.493862498e-05       -18.21942217       -3.058815328                 -0                 -0                 -0                 -0                 -0        35.83673287        43.37242035        51.53254117        48.33801968       -10.81988086       -1.961112028 "MONITOR"                            0                  0     -0.02712017574        1.488055808    0.0006234787052     -0.05407915204
 "BPM.23R3.B2"              10935.67885        33.22113281       0.5185985948        172.2282582       -2.321508178        26.01988626        25.33122185        1.073735767    -0.006654506979     -0.01396565347    5.582656675e-05    6.022610626e-07   -1.059020544e-05       -19.71748418       -9.665865854                 -0                 -0                 -0                 -0                 -0        33.40667495         43.6666138        51.71215648        48.60921867       -7.987128635        2.829303778 "MONITOR"                            0                  0     -0.01461181617        1.285341828   -0.0005302940091     0.009811044234
 "BPM.24R3.B2"              10989.13033        170.1464644       -2.341581169        34.91993698       0.5435025567        26.15740641         25.4421916        2.104400074     0.004949240572      0.02915591544    0.0002261673658    2.196448787e-06     6.53804439e-06       -48.21057732       -3.230559717                 -0                 -0                 -0                 -0                 -0        33.18055586        39.59789782        51.98026547        48.82040995       -10.49397701        3.806902673 "MONITOR"                            0                  0     -0.02512301575        1.402371794    0.0005407308212     -0.05162620118
 "BPM.25R3.B2"              11042.58182         33.0076731       0.5133161347        172.5882625       -2.326429123        26.27284665        25.57420972        1.069891245      0.02479067043     -0.01393455513    0.0003798150691    7.482749433e-07     3.47922477e-05       -12.30290255     -0.04576847695                 -0                 -0                 -0                 -0                 -0        35.46220343        39.59423953        52.26139362         49.0768163       -12.81260718      -0.8513059216 "MONITOR"                            0                  0     -0.01633483979        1.307993553    -0.000555031354      0.01144293524
 "BPM.26R3.B2"               11096.0333        170.6496422       -2.354570754        34.93519392       0.5457813006        26.41069314         25.6850115        2.097098078      0.01079204689      0.02908597501   -0.0002973031406    3.710332567e-08    1.551501039e-05        11.68963432         2.77489963                 -0                 -0                 -0                 -0                 -0        36.18979673        43.25689712        52.54281449        49.31111331       -9.482374193       -2.249958016 "MONITOR"                            0                  0     -0.02775585508        1.611681971    0.0005412026134     -0.05078690397
 "BPM.27R3.B2"              11149.48479        33.21920641       0.5187904341        172.2306504       -2.321354529        26.52547712          25.817172         1.06901044     0.008847552661     -0.01380404979   -2.222808683e-05   -6.290631528e-07    1.365736032e-05        15.95107076        9.668728551                 -0                 -0                 -0                 -0                 -0        33.03115818        43.24180364        52.72359442        49.58237764       -6.832824534        2.297035083 "MONITOR"                            0                  0    -0.007487492521        1.425649887   -0.0004439549008      0.01266402523
 "BPM.28R3.B2"              11202.93627        170.1103377        -2.34117685        34.91392559       0.5434521848         26.6630225        25.92815239        2.102479052    -0.003994497803      0.02920241996   -0.0002524663068   -2.198453896e-06   -5.170283999e-06        39.62276209        3.478017668                 -0                 -0                 -0                 -0                 -0        32.69715184        39.74062749        52.99176549        49.79105611       -9.540121211        3.981978616 "MONITOR"                            0                  0     -0.02555292762         1.51513139    0.0004548751237      -0.0480045252
 "BPM.29R3.B2"              11256.38775        33.01069116       0.5131361055        172.5826809        -2.32652903         26.7784714        26.06018825        1.072896639     -0.02400774042     -0.01383986604   -0.0003817774436   -7.260574067e-07   -3.358815454e-05        7.547480458       0.8987811315                 -0                 -0                 -0                 -0                 -0        35.73339998        40.08290163        53.27215291        50.04768356       -11.66897592       -0.365185601 "MONITOR"                            0                  0    -0.009064651444        1.433096537    -0.000464083871       0.0141156281
 "BPM.30R3.B2"              11309.83924        170.6855877       -2.354936761        34.94122624       0.5458146936        26.91628943         26.1709805        2.109607289     -0.01114514795       0.0292683646     0.000274969523    3.941160665e-08   -1.597081485e-05       -21.30025573        -2.46949284                 -0                 -0                 -0                 -0                 -0        36.54086625        43.12056464        53.55325466        50.28424242       -8.148238079       -2.443854094 "MONITOR"                            0                  0       -0.028029274        1.711710371    0.0004466421035     -0.04650060738
 "BPM.31R3.B2"              11363.29072        33.21579628       0.5189621037        172.2384861       -2.321283519         27.0310659        26.30312206        1.073640645     -0.01091915907     -0.01396942479   -1.048104792e-05    6.540542046e-07   -1.661854482e-05       -16.74812616        -9.55823094                 -0                 -0                 -0                 -0                 -0        35.88834962        44.86235074        53.79061392        50.55106778       -6.496739336        1.877824662 "MONITOR"                            0                  0   -0.0001310863446        1.554330045   -0.0003479846736      0.01546130011
 "BPM.32R3.B2"              11416.74221        170.0757019        -2.34083571        34.90783304       0.5434366059        27.16863979        26.41411093        2.103959724     0.003044631128      0.02914930797     0.000276414688    2.195779872e-06    3.762294294e-06       -34.09754717       -3.673294236                 -0                 -0                 -0                 -0                 -0        35.00070224        42.11939718        54.06052623        50.75797274        -10.5437804        4.431012789 "MONITOR"                            0                  0     -0.02565804705        1.611173469    0.0003636429697     -0.04386911264
 "BPM.33R3.B2"              11470.19369        33.01351028       0.5129665001        172.5725212       -2.326573151        27.28409691        26.54616714         1.06971892      0.02310203133     -0.01392890742     0.000381344099    7.028123161e-07    3.212316614e-05       -6.711498085       -1.703757984                 -0                 -0                 -0                 -0                 -0        41.84747939        42.83625982        54.32741795        51.01549457       -11.63159397       0.4041044061 "MONITOR"                            0                  0    -0.001688869833        1.540897838   -0.0003686906634      0.01664600918
 "BPM.34R3.B2"              11523.64518        170.7190668       -2.355283571        34.94687024       0.5458106353        27.42188882        26.65695276        2.097014156       0.0114195867      0.02908741097   -0.0002516314658   -1.177834835e-07    1.630250137e-05        14.61937432        2.149426674                 -0                 -0                 -0                 -0                 -0        43.02214014        45.03677121         54.6063802        51.25306635       -6.815996841       -2.517297003 "MONITOR"                            0                  0     -0.02784518127        1.786994708    0.0003493918091     -0.04175268555
 "BPM.33L4.B2"              11577.09666        33.21284013       0.5191251656        172.2518163       -2.321294045         27.5366578        26.78907352        1.069111174      0.01290943912      -0.0138004845    4.312058843e-05   -6.793785985e-07    1.945040549e-05        16.43235555        9.376467373                 -0                 -0                 -0                 -0                 -0        42.98231042        46.61060476        54.84292142        51.52086799       -6.240914416        1.394315235 "MONITOR"                            0                  0     0.007197379357        1.649006383   -0.0002484304021        0.017865739
 "BPM.32L4.B2"              11630.54814        170.0425375       -2.340501683        34.90279752       0.5434600614        27.67425826          26.900067        2.102920507    -0.002071413193      0.02920894945   -0.0002982911445    -2.19290997e-06   -2.325095614e-06         38.2924976        3.839297588                 -0                 -0                 -0                 -0                 -0        41.76119906          44.706692        55.11508971        51.72701151       -11.54324519        4.759768305 "MONITOR"                            0                  0     -0.02523315081         1.67155713    0.0002647175439     -0.03882571209
 "BPM.31L4.B2"              11683.99963        33.01716437        0.512812537        172.5568148       -2.326513976        27.78972139        27.03214364        1.073056947     -0.02200624801      -0.0138457743   -0.0003777170388    -6.79148252e-07   -3.040836042e-05        10.02534695        2.500616302                 -0                 -0                 -0                 -0                 -0        41.78436867        43.35515874        55.33879995        51.98643188       -12.32213252        1.376102738 "MONITOR"                            0                  0     0.005593106206          1.6178798   -0.0002669321076      0.01883400884
 "BPM.30L4.B2"              11737.45111        170.7516319       -2.355586444        34.95177653       0.5457726306        27.92748488        27.14292578        2.109648335     -0.01159694441      0.02926633422    0.0002262820504     1.93939136e-07   -1.650747959e-05       -10.88691063       -1.806551502                 -0                 -0                 -0                 -0                 -0         43.0159423        44.73619949        55.61740554        52.22519959       -7.449337617       -2.102248328 "MONITOR"                            0                  0     -0.02730873038        1.836073886    0.0002437100107     -0.03611997939
 "BPM.29L4.B2"               11790.9026          33.208768       0.5192688211        172.2693849       -2.321381775        28.04224916        27.27502553        1.073524668     -0.01483767455     -0.01397241318   -7.638372436e-05    7.029672082e-07   -2.213127867e-05       -16.56301905       -9.144544141                 -0                 -0                 -0                 -0                 -0        34.93683718        43.72817685        55.81562937        52.49520336       -6.375597988       0.9613310339 "MONITOR"                            0                  0      0.01456365666        1.728781814   -0.0001415911908      0.02013182226
 "BPM.28L4.B2"              11844.35408        170.0114135        -2.34022508        34.89799715       0.5435161683        28.17987803         27.3860212        2.103514815     0.001047128928       0.0291429794    0.0003179674273     2.18552927e-06    8.698019236e-07       -45.83428123       -3.999716137                 -0                 -0                 -0                 -0                 -0        33.87700837        42.60740865        56.08622056        52.69942019       -10.56248209        4.618549749 "MONITOR"                            0                  0     -0.02449664945        1.712918297    0.0001625239963     -0.03337600261
 "BPM.27L4.B2"              11897.80556        33.02141836        0.512678707         172.536436       -2.326387843        28.29534499        27.51812008        1.069569704      0.02068285199     -0.01392272331    0.0003707369653    6.543078697e-07    2.845737574e-05       -9.999408015       -3.320730588                 -0                 -0                 -0                 -0                 -0        34.24986476        41.50682802        56.30848505         52.9578364       -11.87312426        2.105744774 "MONITOR"                            0                  0      0.01278828044        1.675455036   -0.0001629838076      0.02081105756
 "BPM.26L4.B2"              11951.25705        170.7818229       -2.355847247        34.95592756       0.5456928821        28.43308015        27.62890237        2.097015536      0.01168214397      0.02909004496   -0.0001980749101   -2.720353977e-07    1.658416738e-05        17.24313494        1.447647197                 -0                 -0                 -0                 -0                 -0        35.31473829        42.04211963        56.58866482        53.19809015       -8.093711352       -1.597909428 "MONITOR"                            0                  0     -0.02631412513        1.857742844    0.0001383284008     -0.03019464591
 "BPM.25L4.B2"              12004.70853        33.20453169       0.5193990864        172.2922559       -2.321556715        28.54784087        27.76098009        1.069242963        0.016654684     -0.01379805344    0.0001090731442   -7.262992125e-07    2.463995546e-05        17.16415795         8.84749837                 -0                 -0                 -0                 -0                 -0        29.15786103        40.78711198        56.77264536        53.46770235       -6.459584836       0.5698660224 "MONITOR"                            0                  0       0.0215784316        1.774323073   -3.610529153e-05      0.02198925537
 "BPM.24L4.B2"              12058.16002        169.9814948       -2.339972668        34.89452994       0.5436114968        28.68549821        27.87197374        2.103370412   -1.472117594e-05      0.02921509456   -0.0003352543137   -2.176455468e-06    5.922350933e-07         37.3926317        4.129090102                 -0                 -0                 -0                 -0                 -0        28.40748374        40.53018858        57.04101095        53.67041962       -9.581896925        4.384361918 "MONITOR"                            0                  0     -0.02332576487        1.723209782    5.777527009e-05     -0.02729660479
 "BPM.23L4.B2"               12111.6115        33.02636292       0.5125594061        172.5118835       -2.326168703        28.80096707         28.0040936         1.07321045     -0.01920924582     -0.01385195079   -0.0003610831426   -6.288392729e-07      -2.628504e-05        5.199403124         4.10242429                 -0                 -0                 -0                 -0                 -0        34.48164802         42.0521149        57.31883643        53.93026723       -10.67551068        2.625746744 "MONITOR"                            0                  0      0.01978994559        1.702084712   -5.518993968e-05      0.02239126705
 "BPM.22L4.B2"              12165.06298        170.8107383       -2.356063829        34.95912349       0.5455845369         28.9386722         28.1148791        2.109658027     -0.01168314528      0.02926383402    0.0001684176597    3.476008848e-07   -1.653193781e-05       -26.78169077       -1.084271315                 -0                 -0                 -0                 -0                 -0        35.60589619         41.7282481        57.59862129        54.17063284       -6.789055313       -1.377944073 "MONITOR"                            0                  0     -0.02497256694         1.85110893    2.653688425e-05     -0.02353405998
 "BPM.21L4.B2"              12218.51447        33.19909132       0.5195041093        172.3181179       -2.321802235        29.05343265        28.24693596        1.073396529     -0.01835360915     -0.01397499725   -0.0001410141603    7.482310508e-07   -2.695729614e-05       -21.57097926       -8.488941339                 -0                 -0                 -0                 -0                 -0        28.79652655        40.23006355        57.78440298         54.4393212       -5.367201354    -0.001387599476 "MONITOR"                            0                  0      0.02844227086        1.800810831    7.432123234e-05      0.02360616964
 "BPM.20L4.B2"              12271.96595          171.36951       -2.358360856        33.36980887       0.5273226607        29.19038412        28.36092883        2.118205481   -0.0007814609124      0.02942472184    0.0003546446952    2.174461159e-06   -1.700651811e-06       -45.03549773       -4.117059191                 -0                 -0                 -0                 -0                 -0        27.96374464        40.80691229        58.05140144        54.64820454       -8.562348884        4.121831179 "MONITOR"                            0                  0     -0.02175535659        1.684271824   -3.708373834e-05     -0.02190975098
 "BPM.19L4.B2"              12325.41744        32.05451243       0.5090557805        173.0688297       -2.378615438          29.307383        28.49676484        1.059792616      0.01840623534     -0.01440593833    0.0003598952151    5.896047268e-07    2.510923194e-05       -8.470319905       -4.511809114                 -0                 -0                 -0                 -0                 -0        34.65894326        42.32261133         58.3309601        54.91593334       -9.434522481        2.867315494 "MONITOR"                            0                  0       0.0246884624        1.689329582    2.477316726e-05      0.02353323526
 "BPM.18L4.B2"              12378.86892        171.1159884       -2.390716608        34.96482063       0.5493159624        29.44779294        28.60729981         2.06123607      0.01164689935      0.02859264238   -0.0001530144045   -4.731690146e-07    1.645119684e-05        21.04305743       0.8831916146                 -0                 -0                 -0                 -0                 -0        35.94101799        41.57848198        58.61540641        55.15531055       -5.379082365       -1.243946041 "MONITOR"                            0                  0     -0.02388172916        1.829661757   -5.633366746e-05     -0.01819991803
 "BPM.17L4.B2"              12432.32041        33.21203977       0.5217253316        172.7113529       -2.326994393         29.5623829        28.73916638        1.039135252      0.01925724971     -0.01364449001     0.000158669824   -7.821676149e-07    2.818127716e-05        17.94209979         8.27504878                 -0                 -0                 -0                 -0                 -0         28.2808205         40.0195673        58.80623729        55.42313402       -4.356889268      -0.3269841275 "MONITOR"                            0                  0        0.034013731        1.795226649    0.0001660202975      0.02460098582
 "BPM.16L4.B2"              12485.77189        171.0176156       -2.353439553        33.37715391       0.5297062234         29.6994888        28.85298654         2.05568978     0.001354154287      0.02884969892   -0.0003621371566   -2.147859014e-06    2.502641159e-06        35.92647093        4.163494873                 -0                 -0                 -0                 -0                 -0        27.25783533        40.98422038        59.07429165        55.63263743       -7.692051837        3.877810856 "MONITOR"                            0                  0     -0.02018931904        1.649151916    -0.000130989325     -0.01590538171
 "BPM.15L4.B2"              12539.22337        32.04625945       0.5068835755        172.6745674        -2.37328842        29.81665439        28.98901064        1.053931107     -0.01745748372     -0.01325734547   -0.0003520585466   -5.450433246e-07    -2.37352988e-05         3.47717574        4.919894901                 -0                 -0                 -0                 -0                 -0        34.78179407        42.52377447        59.34837726        55.90123376       -8.171605381        3.090555599 "MONITOR"                            0                  0      0.03016862074        1.675373574    0.0001188912286      0.02440735422
 "BPM.14L4.B2"              12592.67486        171.4674771       -2.395486421        34.95386162       0.5468855045        29.95689077         29.0997176        2.112987241     -0.01157929836      0.02966709687    0.0001351895085    5.948840644e-07   -1.632916741e-05       -30.96504257      -0.6801326511                 -0                 -0                 -0                 -0                 -0        36.14500662         41.3391478        59.63185321         56.1405769       -4.046838618       -1.094317306 "MONITOR"                            0                  0     -0.02223408342        1.786499539   -0.0001516224388      -0.0120357474
 "BPM.13L4.B2"              12646.12634        33.21612579       0.5238416082        173.1052029       -2.332423267        30.07132918        29.23141407         1.07374008     -0.02011572069     -0.01404119286   -0.0001760022017    8.131899934e-07   -2.933842985e-05       -22.21287732        -8.03981011                 -0                 -0                 -0                 -0                 -0        27.43494644        39.62522887          59.825322        56.40742281       -3.388759232      -0.6339034376 "MONITOR"                            0                  0      0.03938160621        1.776584265    0.0002605704752      0.02540283324
 "BPM.12L4.B2"              12699.57783        166.5332848       -2.294890657        38.08895915       0.5777977211        30.21081958        29.33653151        2.070385352     -0.00269358585       0.0285099473    0.0003541913915    2.078940263e-06   -4.424438549e-06       -41.45609939       -4.509877183                 -0                 -0                 -0                 -0                 -0        26.32814541        41.33127536        60.09921009        56.59889699       -6.802338562        3.356167447 "MONITOR"                            0                  0     -0.01808456552        1.643841917    -0.000246120014    -0.007438265843
 "BPM.11L4.B2"              12753.02931        31.81405225       0.4773202266         175.964383       -2.283828989        30.33045831        29.45983852        1.026670968      0.01377509295     -0.01406222034    0.0003061988189     4.73218641e-07    1.836997955e-05       -5.651471226       -6.412021336                 -0                 -0                 -0                 -0                 -0        34.70027412        43.46994998        60.37231233         56.8450656       -6.781955858        3.947252245 "MONITOR"                            0                  0      0.04167644613        1.572344759    0.0003022333856      0.02433481573
 "BPMCS.10L4.B2"              12804.678        154.6445923       -2.189032228        49.11220071       0.6690363487        30.47186592        29.54797709        1.662981676      0.01239161605         0.02046154   -4.260504343e-05   -7.530070559e-07    1.724514513e-05         25.9681474      -0.8561246718                 -0                 -0                 -0                 -0                 -0        36.03517156        40.49742067        60.65708011        57.03655173       -2.645004056       0.6929780696 "MONITOR"                            0                  0     -0.01449903449        1.597585749   -0.0003936735808     0.006267482711
 "BPM.10L4.B2"                 12804.87        155.4865613       -2.196223152        48.85637734       0.6633770411        30.47206299        29.54860092        1.666910296      0.01238344409         0.02046154   -4.260504343e-05   -7.574823069e-07    1.723693041e-05        26.08367156      -0.8341248638                 -0                 -0                 -0                 -0                 -0        36.04209665         40.5030065         60.6574657        57.03780314       -2.641293295       0.6677717875 "MONITOR"                            0                  0     -0.01457461982        1.601587432   -0.0003936735808     0.006343068038
 "BPMCS.9L4.B2"             12843.74499        23.06015534        0.791212814        173.4831969       -2.595311681        30.57198955        29.62535816       0.5736772955      0.02601380733     -0.02673583854     0.000386092467   -6.795981569e-07    3.694277406e-05        18.16842534        3.000752524                 -0                 -0                 -0                 -0                 -0        37.16658443        39.13008225        60.86659091        57.19387918       -3.037169686       -1.626419002 "MONITOR"                            0                  0      0.08399055235        1.027153693      0.00124363819      0.02161506749
 "BPM.9L4.B2"               12843.93699        22.75892897       0.7776745096        174.4814404        -2.60387299        30.57332344         29.6255338       0.5685440137      0.02608783038     -0.02673583854     0.000386092467   -6.787820305e-07    3.704947786e-05        18.11456973        3.019459843                 -0                 -0                 -0                 -0                 -0        37.17308183        39.12214153        60.86930908        57.19424351        -3.07196906       -1.628960836 "MONITOR"                            0                  0      0.08422933089        1.015131754      0.00124363819      0.02137628896
 "BPMCS.8L4.B2"             12884.20998        92.70124009       -2.049660275        59.82808698        1.154481578        30.77991558        29.68357939       0.1483953407      0.01417148693    -0.003010121406    -0.000369316691   -1.206969596e-06    2.037160986e-05        24.14866421        3.587110897                 -0                 -0                 -0                 -0                 -0        36.45187101        38.41720692        61.29150281        57.30571335        -8.22192208       -1.691093039 "MONITOR"                            0                  0      0.02796290546      -0.4090538168    -0.001075665536      0.03497703915
 "BPM.8L4.B2"               12884.40198        93.49037793       -2.060432651        59.38620347        1.146995078        30.78024382        29.68409205       0.1478174003      0.01410067756    -0.003010121406    -0.000369316691   -1.209846394e-06    2.027217097e-05        24.18514588        3.588079617                 -0                 -0                 -0                 -0                 -0        36.44765773        38.41366437        61.29220263        57.30671137       -8.219139978       -1.684793506 "MONITOR"                            0                  0      0.02775637768      -0.4076674498    -0.001075665536      0.03518356693
 "BPMCS.7L4.B2"             12923.27597        24.19499173       0.3370442143        195.6766935       -2.820697224        30.90924607        29.75013452    -0.001604482161      0.01920265095     0.001744656903    0.0001753187139   -2.155440393e-08    2.818335709e-05       -3.317455926        9.171293065                 -0                 -0                 -0                 -0                 -0        35.16292554        38.92361349        61.54655791        57.44461416       -4.747633015    -0.009998687522 "MONITOR"                            0                  0       0.0398906988      -0.9893881698    0.0008487978208     -0.00756407586
 "BPM.7L4.B2"               12923.46797        24.06726345       0.3282072214        196.7615286       -2.829485271        30.91051241        29.75029026    -0.001269514671      0.01923626093     0.001744656903    0.0001753187139   -1.491957143e-08    2.823457138e-05        -3.46942317        9.201244007                 -0                 -0                 -0                 -0                 -0        35.15577625        38.92649004        61.54906754        57.44495956       -4.706362517    -0.004454096352 "MONITOR"                            0                  0      0.04005366798      -0.9985307766    0.0008487978208    -0.007727045042
 "BPMYA.6L4.B2"             13020.07197        456.0303018       -4.437642233        163.3670463     -0.03118296468         31.1157439        29.83668314       0.1723130031     0.005646186554      0.00179861263   -0.0001495371876    3.439466101e-06    9.130030702e-06       -88.62026602        9.402097386                 -0                 -0                 -0                 -0                 -0        34.52199683        38.61640758        61.93981285        57.61620584       -4.889588591        3.042546004 "MONITOR"                            0                  0      0.06172778323       -6.113643619    5.670650873e-06     0.008154932604
 "BPMYB.5L4.B2"             13057.07197        210.1287826         3.08511764        475.9418103       -5.807254865        31.13387918        29.85891872       0.1204977632     0.003697074483    -0.001654112579   -4.510943989e-05    2.401513461e-06    7.190739809e-06       -60.41194254        15.73482306                 -0                 -0                 -0                 -0                 -0        35.70234615        41.02392182        61.97050134        57.66263821        -5.51850062        3.580541678 "MONITOR"                            0                  0     -0.09570708119       -6.973390423    -0.001035473622     -0.08106835978
 "BPMWA.B5L4.B2"            13159.46247        203.8792133      -0.3202148269        341.1375801        0.633095673        31.21961594        29.89827824     0.001098265646    -0.005850470363   -1.921100216e-05   -9.468805166e-05    2.258106398e-06   -6.692044401e-06       -50.49869134        12.22612773                 -0                 -0                 -0                 -0                 -0        35.94497023        40.97783626        62.14392814        57.74279541       -8.342324172        4.009127641 "MONITOR"                            0                  0     0.007066935468       -5.854554957    8.000956517e-05     0.009853472658
 "BPMWA.A5L4.B2"            13168.34747        209.9963397      -0.3682631092        330.2116339       0.5966112786         31.2264522        29.90249198    0.0009275806719    -0.006690545955   -1.921100216e-05   -9.468805166e-05    2.253326253e-06   -7.919789366e-06       -49.84084284        11.86843076                 -0                 -0                 -0                 -0                 -0        35.95849959        40.96077309        62.15780387        57.75134749       -8.492484696         4.00808995 "MONITOR"                            0                  0     0.007777820455       -5.836112787    8.000956517e-05     0.009142587672
 "BPMWA.A5R4.B2"            13216.39647        257.8707051      -0.6281023797        282.3587032       0.3993081085        31.25955258        29.92764074    4.537079572e-06     -0.01123357264   -1.921100216e-05   -9.468805166e-05    2.227475809e-06    -1.45592849e-05       -46.28327812        9.934049024                 -0                 -0                 -0                 -0                 -0        36.03268645        40.86893854        62.22510475        57.80232142       -8.950894259        3.811033243 "MONITOR"                            0                  0      0.01162220005       -5.955255683    8.000956517e-05     0.005298208075
 "BPMWA.B5R4.B2"            13225.28147        269.4589934       -0.676150662         275.587162       0.3628237141        31.26491811        29.93271089   -0.0001661478945     -0.01207364823   -1.921100216e-05   -9.468805166e-05    2.222695664e-06   -1.578702986e-05       -45.62542962        9.576352054                 -0                 -0                 -0                 -0                 -0        36.04659314        40.85203871         62.2360393        57.81258734       -8.979802944        3.732805115 "MONITOR"                            0                  0      0.01233308504       -6.017760564    8.000956517e-05     0.004587323088
 "BPMWI.A5R4.B2"            13251.14547        308.0524358      -0.8160179201         259.564953       0.2566863736         31.2792249        29.94812584      0.01026359324     -0.01451906147     0.001552396845   -9.468443361e-05    2.208780786e-06   -1.936093035e-05       -43.72137698         8.53508936                 -0                 -0                 -0                 -0                 -0        36.08741043        40.80304971        62.26524492        57.84378389       -8.992043725        3.420989511 "MONITOR"                            0                  0      0.01440242796         -6.2716076    8.000594621e-05     0.002519600006
 "BPMYA.5R4.B2"             13327.74797        422.8859968        6.339188924         267.907475       -4.510186647        31.31171969        29.99722634       0.1057038793     -0.02277270642    -0.001912398611   -0.0004689488731    2.066625058e-06    -3.13378327e-05       -36.36070362        5.714938752                 -0                 -0                 -0                 -0                 -0         36.0130461        40.63243341        62.33199398        57.94235265       -8.674201434        1.829343008 "MONITOR"                            0                  0      -0.1142645156       -7.641898159     -0.00187807563      -0.1303126948
 "BPMYB.6R4.B2"             13359.31197        119.7350391        3.265137452        631.9917075       -7.024607185        31.33411848        30.00944689      0.04534211509     -0.03755400303    -0.001912398611   -0.0004689488731    8.810869015e-07   -5.194340198e-05       -13.30227903        7.510963664                 -0                 -0                 -0                 -0                 -0        33.00770515        40.52364792        62.37977609        57.95694274       -8.225724273        1.345356538 "MONITOR"                            0                  0      -0.1735440948       -6.277342248     -0.00187807563     -0.07103311558
 "BPMCS.7R4.B2"             13455.63597        90.71720667      -0.7158866515        18.66487452       0.4554972545        31.54851268        30.16783659     -0.05993258773    -0.008250755097     -0.00106946641    0.0003271102797   -1.205112724e-06   -1.173475666e-05         34.7265255       -1.793014811                 -0                 -0                 -0                 -0                 -0        31.78823395         44.0361126        62.80280198        58.25503003       -4.176352613       -3.505387053 "MONITOR"                            0                  0     0.002475425601      -0.9023234009     0.000592678344      0.00131965654
 "BPM.7R4.B2"               13455.82797        90.99272177      -0.7190877949        18.49234839       0.4430762908        31.54884901        30.16948142     -0.06013792121    -0.008188036041     -0.00106946641    0.0003271102797   -1.209183633e-06   -1.164863898e-05        34.82099203       -1.812414988                 -0                 -0                 -0                 -0                 -0        31.78627215         44.0439679         62.8034619        58.25828509       -4.180191664       -3.504002596 "MONITOR"                            0                  0     0.002589219843       -0.902567157     0.000592678344     0.001205862298
 "BPMCS.8R4.B2"             13493.42696         65.6134146       0.1444645942          89.097683       -2.086855494        31.62651745        30.37455803      0.09596833544    8.641358532e-05      0.01009335873    0.0002126331364   -1.328884783e-06   -5.165669039e-07        33.77672246       -6.736055141                 -0                 -0                 -0                 -0                 -0        31.76741936         46.1134055        62.96135353        58.66525846        -6.00625311        2.977288265 "MONITOR"                            0                  0      0.00539872039       -1.607094571    0.0004346710476     -0.02972984808
 "BPM.8R4.B2"               13493.61896        65.55851375       0.1414772929        89.90125112       -2.098395115        31.62698337        30.37489946      0.09790626067    0.0001271844236      0.01009335873    0.0002126331364    -1.32924024e-06   -4.618430736e-07        33.76295463       -6.761629526                 -0                 -0                 -0                 -0                 -0        31.76755147        46.12420069        62.96230013        58.66592718       -6.021093305        2.984911027 "MONITOR"                            0                  0     0.005482177231        -1.61385528    0.0004346710476     -0.02981330492
 "BPMCS.9R4.B2"             13532.49395        378.1429418       -6.322405619        34.86191346       0.3782404714        31.67118028        30.48144592       0.8335300723     0.007336671949      0.02537304332    0.0001829427276   -3.273821255e-06    1.005078624e-05        77.68282407        -2.44531227                 -0                 -0                 -0                 -0                 -0        29.62801295        46.16770725        63.03457579        58.88263812       -7.427568337        2.185625785 "MONITOR"                            0                  0      0.03520414986       -1.813278064    -0.001108488269      0.07237929583
 "BPM.9R4.B2"               13532.68595        380.5747399        -6.34320934        34.71787783       0.3719451014        31.67126084        30.48232427        0.838401707     0.007371745389      0.02537304332    0.0001829427276   -3.284249276e-06    1.010234951e-05          77.919157       -2.419866635                 -0                 -0                 -0                 -0                 -0        29.61748328        46.16761955        63.03464045        58.88441664        -7.42997844        2.154576947 "MONITOR"                            0                  0      0.03499132011       -1.806099573    -0.001108488269      0.07259212558
 "BPMCS.10R4.B2"            13572.95894        45.43470269        2.467383441        180.1432007       -3.110853638        31.71467112        30.57948475       0.8453656405      0.02560540067     0.003175128511    0.0004833775743   -1.077684539e-06    3.593728092e-05        24.49867607       0.3051341007                 -0                 -0                 -0                 -0                 -0        30.08080451        44.21985438        63.09212446        59.07595496       -8.672602295       -2.078744334 "MONITOR"                            0                  0    -0.005358708741      -0.8886990618    0.0005733473509    -0.005322324962
 "BPM.10R4.B2"              13573.15094        44.49297837        2.437430733        181.3399535       -3.122233822        31.71535077        30.57965382       0.8459752524      0.02569807804     0.003175128511    0.0004833775743   -1.064927214e-06     3.60683972e-05        24.19047897        0.316853809                 -0                 -0                 -0                 -0                 -0        30.08651111        44.20971695        63.09332805        59.07627454       -8.690353612       -2.085551045 "MONITOR"                            0                  0    -0.005248626049       -0.888713212    0.0005733473509    -0.005432407653
 "BPM.11R4.B2"              13624.99162        87.27586997        -2.16149017        39.11455779       0.7217225965        32.03491599        30.67469311        2.589019526      0.01182838688      0.03975111518    -0.000316538627    1.088948048e-06    1.678309396e-05       -31.75626221         2.79198714                 -0                 -0                 -0                 -0                 -0        32.59780815        44.55758515         63.7196806        59.25990703       -5.106417202       -4.156600621 "MONITOR"                            0                  0      0.02835381889       -1.345577956    8.602397296e-05      0.01489401659
 "BPM.12R4.B2"              13679.71811        88.37372217      -0.2025977052        165.1203246       -2.090712475        32.13336165        30.80476809        1.248199177      0.01091274953     -0.01950397449   -1.559330379e-06    1.556586253e-06    1.593799959e-05       -39.59786689        9.701497271                 -0                 -0                 -0                 -0                 -0        26.76037073        44.05002254        63.91591139        59.52579657       -6.205375636      -0.3664116684 "MONITOR"                            0                  0      0.00154399543       -2.755358429    0.0002152921133     -0.03603866079
 "BPM.13R4.B2"              13733.16959        571.3567169       -6.931818872         33.4230456       0.4855783287        32.17432456        30.92161709        2.156604112    -0.003322403776      0.02709538822   -0.0002815715572    4.019777446e-06   -4.421931978e-06       -99.12288665        3.608197416                 -0                 -0                 -0                 -0                 -0        28.52097131        41.85377123          63.952038        59.73773884       -7.296897134        2.825415687 "MONITOR"                            0                  0      0.03669532314       -2.863668557    -0.000802301157      0.07730415156
 "BPM.14R4.B2"              13786.62108        61.31726996         2.48305088        171.8757374       -2.358863745        32.21716482        31.05770228         1.09403535     -0.02383518257     -0.01448105475   -0.0003902565534    1.245401367e-06   -3.327896999e-05       -37.04751933        1.027387776                 -0                 -0                 -0                 -0                 -0        94.42214556        46.05086614        64.28397168        60.00161279       -7.531202714       -1.156380555 "MONITOR"                            0                  0     -0.02012455226        -1.31349587    0.0003018310406    -0.007162913126
 "BPM.15R4.B2"              13840.07256        53.72567814       -0.935721981        33.49389744       0.5284106481         32.4555129        31.17146574        2.148629326     -0.01087713654      0.02965591452    0.0002774485134   -3.265816966e-07   -1.562315737e-05       -13.45906043       -2.416416661                 -0                 -0                 -0                 -0                 -0        88.16378711        53.77831822        64.76158335        60.29838787        6.147452755       -3.437453398 "MONITOR"                            0                  0       0.0206810219       -1.006835997    9.738655657e-05      0.02113510748
 "BPM.16R4.B2"              13893.52405        60.40049104      -0.5660763031        171.5351014       -2.354161913        32.62442361        31.30770148        1.091597937     -0.01011053156     -0.01440619889    3.835469078e-08   -1.273219027e-06   -1.563432939e-05        24.20953965       -9.519884839                 -0                 -0                 -0                 -0                 -0        85.06143335        54.38406691        65.10230133        60.57486514       -4.785087956        2.322902721 "MONITOR"                            0                  0      0.01914432179       -2.316105613    0.0004930386266     -0.03167824118
 "BPM.17R4.B2"              13946.97553        570.2968921       -7.626946472        33.48458104       0.5263024657        32.67432409        31.42162115        2.147093688     0.003239738437      0.02966962297    0.0002696659012   -4.020035011e-06    0.0003052628607        97.68655758       -3.465802886                 -0                 -0                 -0                 -0                 -0        77.82355682        50.68742153         65.1976973        60.78981517       -7.236200132        4.656824138 "MONITOR"                            0                  0      0.04012308087       -2.849613223   -0.0009405263431      0.08010892525
 "BPM.18R4.B2"              14000.42701        61.31717544        2.482884075         171.879131       -2.358965841        32.71716634        31.55770462        1.092852129      0.02539302668     -0.01435181413    0.0004406554144   -9.977734394e-07     0.001108485178        28.89134357      -0.8354375827                 -0                 -0                 -0                 -0                 -0        173.5142505        53.93414536        65.30986296        61.05137862       -6.463909373       -1.235199114 "MONITOR"                            0                  0     -0.02151721343       -1.242678391    0.0002687643268    -0.005741772365
 "BPM.19R4.B2"               14053.8785        53.72179863      -0.9352429394        33.49039515       0.5285752742        32.95545233        31.67146203        2.153015069     0.006296348682      0.02975863243   -0.0004208391624   -2.693163641e-06    0.0003832852795       -12.23129568         2.24242921                 -0                 -0                 -0                 -0                 -0        167.4234434        66.78078245         65.7879717        61.32911853         18.6626705        -2.78069198 "MONITOR"                            0                  0      0.02534245094       -1.180430667     0.000266610641      0.01225319383
 "BPM.20R4.B2"              14107.32998        60.38186836      -0.5661874726         171.499639       -2.353818616        33.12441848        31.80772687         1.09517975    -0.007909441215     -0.01442762696   -0.0002634987365   -9.825904069e-07    4.739693529e-05       -32.36143598         8.66831946                 -0                 -0                 -0                 -0                 -0        164.6153149        67.63081882        66.12780624        61.60448539       -3.585180355         4.89048709 "MONITOR"                            0                  0      0.01349829666       -3.011062029    0.0003916278865     -0.04171023337
 "BPM.21R4.B2"              14160.78147         570.252088       -7.626758375        33.48828787        0.526140241         33.1743289        31.92165294        2.154413041     -0.01004819003      0.02974458765   -3.475837699e-05   -2.864887423e-07   -0.0003052577105       -99.03449626        3.129341493                 -0                 -0                 -0                 -0                 -0        157.0938909        63.15058674        66.22661861         61.8239161       -7.174671561         6.48796535 "MONITOR"                            0                  0      0.04388951075       -3.288253951     -0.00113045658      0.09878540298
 "BPM.22R4.B2"              14214.23295        61.33083468        2.483233805        171.9025593       -2.358971612        33.21716456        32.05770108        1.094002986     -0.02820424481     -0.01447764388   -0.0003745422014    9.340213282e-07    -0.001108485409       -37.10493452       0.8925848507                 -0                 -0                 -0                 -0                 -0        254.6485153         65.5898851        66.31945545        62.08592079       -5.392388819       -1.311936049 "MONITOR"                            0                  0     -0.01985886101       -1.294266529    0.0004478040562    -0.006344677955
 "BPM.23R4.B2"              14267.68443        53.72147289      -0.9355307959        33.49176721       0.5283596849        33.45549272        32.17147001        2.148554374    -0.002022332839      0.02965474887    0.0005569741473   -3.212306783e-07   -0.0003832775207        -13.6474244       -2.276506058                 -0                 -0                 -0                 -0                 -0        248.6554749         81.4418745        66.79733526        62.34930507        31.22933991       -2.123816029 "MONITOR"                            0                  0      0.02071528385       -1.007035536    9.031221249e-05      0.02112242149
 "BPM.24R4.B2"              14321.13592        60.39683101       -0.566163444         171.539469       -2.354275221        33.62442235        32.30770875        1.091565799       0.0259038714     -0.01440529094    0.0005268427853   -1.273199504e-06   -4.736932153e-05        24.15047741       -8.888112682                 -0                 -0                 -0                 -0                 -0        245.9756662        82.44012519        67.13661827        62.62392497       -2.380769308        7.459002274 "MONITOR"                            0                  0      0.01914999812       -2.316074005    0.0004932625767     -0.03167717567
 "BPM.25R4.B2"               14374.5874        570.3093872       -7.627247669        33.48646645       0.5263495758        33.67432384        32.42162279          2.1470701      0.01686217586      0.02966974338   -0.0002001647694    -4.02003125e-06    0.0003052670369        97.69895297       -3.235372233                 -0                 -0                 -0                 -0                 -0        238.4183808        77.56650179        67.23604667         62.8461364       -7.113991823         8.31922898 "MONITOR"                            0                  0      0.04012527961       -2.849719712   -0.0009406022177      0.08011250271
 "BPM.26R4.B2"              14428.03889        61.32254419        2.482997583        171.8748135       -2.358853255        33.71716369        32.55770341        1.092883352      0.03100702869     -0.01435072655     0.000308138124   -9.977929914e-07     0.001108480417          28.950793      -0.6838840061                 -0                 -0                 -0                 -0                 -0        335.9233711        79.37949885        67.32439279        63.10937312       -4.325396881       -1.390769225 "MONITOR"                            0                  0     -0.02151770177       -1.242705496    0.0002687690542    -0.005741019647
 "BPM.27R4.B2"              14481.49037        53.71796525      -0.9350605981        33.48850765       0.5285281297        33.95543221        32.67146644        2.153118967    -0.002254321689      0.02975998206   -0.0006929717441   -2.693198447e-06    0.0003832788658        -12.0417784        2.113861385                 -0                 -0                 -0                 -0                 -0        329.9921482        97.00718091        67.80201662        63.36321292        43.74714537       -1.467000117 "MONITOR"                            0                  0      0.02534157157       -1.180340363    0.0002665898508      0.01225561743
 "BPM.28R4.B2"              14534.94185        60.37818845      -0.5662743851        171.5039497       -2.353931127        34.12441722        32.80773414        1.095206977     -0.04389338009     -0.01442921597   -0.0007900419414   -9.825930935e-07    4.738027252e-05       -32.30248843        8.036166248                 -0                 -0                 -0                 -0                 -0        327.3719043        98.09527215        68.14103297        63.63734303       -1.180440059        10.02668602 "MONITOR"                            0                  0      0.01350468384       -3.011022466     0.000391720127     -0.04170970423
 "BPM.29R4.B2"              14588.39334        570.2645837       -7.627059581        33.49017393       0.5261873617        34.17432865        32.92165458        2.154388258     -0.02367091414      0.02974364863    0.0004350857509   -2.864576639e-07   -0.0003052618866       -99.05085432         2.88968612                 -0                 -0                 -0                 -0                 -0        319.7937243        92.97166883        68.24066064        63.86118393       -7.052450186        10.15045351 "MONITOR"                            0                  0      0.04389167363        -3.28835761    -0.001130532668        0.098788928
 "BPM.30R4.B2"              14641.84482        61.33086229        2.483107746        171.9058992        -2.35905899        34.21716561        33.05770278        1.093948247     -0.03074960733     -0.01447820115   -0.0001791305485    6.858164674e-07    -0.001108480955       -27.67807426       0.7638662543                 -0                 -0                 -0                 -0                 -0        314.0652358        91.04603963         68.3255117        64.13379012       -4.355563765       -1.074293074 "MONITOR"                            0                  0     -0.02126408522       -1.225546033    0.0004189455684    -0.004936827463
 "BPM.31R4.B2"              14695.29631        53.72237606       -0.935388199        33.49394697       0.5284152621        34.45546864        33.17146517        2.148379956     0.008584126144      0.02965239584    0.0008056891603   -1.204733269e-06   -0.0003832732972        19.93172702       -2.064169424                 -0                 -0                 -0                 -0                 -0        308.1468573        110.4091948        68.80322751        64.38053185        40.37725384      0.09568021241 "MONITOR"                            0                  0      0.01844107261      -0.8431529367    0.0001161177115      0.01926071918
 "BPM.32R4.B2"              14748.74779        60.38826609      -0.5661524395        171.5341602          -2.354142        34.62441628        33.30770085         1.09150676      0.06545345834     -0.01440287654     0.001084450024   -1.574449467e-06   -4.735976306e-05        35.60590419       -7.997051654                 -0                 -0                 -0                 -0                 -0        305.5503595        111.6027304        69.14233243        64.65428302       -1.623655274        13.12713262 "MONITOR"                            0                  0      0.02306245838       -2.218928161    0.0005273711689      -0.0308290113
 "BPM.33R4.B2"              14802.19927        570.2668758       -7.626817624         33.4843735       0.5262941623        34.67432334        33.42162135        2.147067911      0.03078494981       0.0296707403   -0.0007361174216   -4.043124561e-06    0.0003052689779        98.59361564       -2.919053979                 -0                 -0                 -0                 -0                 -0        297.9782012        106.2677994        69.24198402        64.87947522       -6.992818761        12.00088676 "MONITOR"                            0                  0      0.04025440324       -2.848909251   -0.0009693455212      0.07996911525
 "BPM.34R4.B2"              14855.65076        61.32250644        2.483005463         171.876335       -2.358852149        34.71716321        33.55770113        1.092874959      0.03049456599      -0.0143509482    5.006554487e-05   -9.977910502e-07     0.001108481827        28.94429946      -0.9213403321                 -0                 -0                 -0                 -0                 -0        292.2366364        104.3839113        69.32680083        65.15235487        -4.38629795      -0.7612305895 "MONITOR"                            0                  0     -0.02151920732       -1.242737232    0.0002687488534    -0.005741420333
 "BPM.33L5.B2"              14909.10224         53.7179235      -0.9350692687        33.48782039       0.5285291454        34.95543323        33.67146497        2.153097774      -0.0149098751      0.02975975031   -0.0009183641747   -2.693198123e-06    0.0003832784905       -12.08315977        1.684894553                 -0                 -0                 -0                 -0                 -0        286.3385157        124.8422456        69.80462659        65.39397839        37.00895634        1.655160428 "MONITOR"                            0                  0      0.02534130698       -1.180334468    0.0002666000323      0.01225551656
 "BPM.32L5.B2"              14962.55373        60.37842136      -0.5662643999        171.5031402       -2.353933493        35.12441662        33.80773447        1.095198525     -0.08776660469     -0.01442895647    -0.001394382418   -1.040910571e-06    4.737831892e-05       -29.78912218         6.86718654                 -0                 -0                 -0                 -0                 -0        286.1313504        126.6746643        70.14308979        65.66563405       -2.365007032        16.33037804 "MONITOR"                            0                  0      0.01385732169       -3.028247732    0.0003989509104     -0.04206280502
 "BPM.31L5.B2"              15016.00521        570.2622542       -7.627016153        33.49061351       0.5261876534        35.17432805        33.92165432        2.154384425     -0.03840823159      0.02974372383     0.001042806615   -4.940395567e-07    -0.000305262619       -90.06011562        2.604946578                 -0                 -0                 -0                 -0                 -0        278.5494477        121.2012616        70.24274883        65.89164176       -7.333292657        14.09349441 "MONITOR"                            0                  0      0.04446175738       -3.329450833    -0.001137012647      0.09925608062
 "BPM.30L5.B2"               15069.4567         61.3359838        2.483338478        171.8989916        -2.35885411        35.21716145        34.05769792        1.094006432     -0.03419964034     -0.01447693334    8.260462586e-06    8.632680156e-07    -0.001108480631       -34.08692608       0.9730447349                 -0                 -0                 -0                 -0                 -0        376.5083493         121.665169        70.32907336        66.15757449       -3.748400337      -0.6959808903 "MONITOR"                            0                  0     -0.02084074972       -1.318614248    0.0004392521611    -0.006555947287
 "BPM.29L5.B2"              15122.90818        53.71797489      -0.9353559682        33.48951098       0.5283095139        35.45547229        34.17147314        2.148575297      0.01910857203      0.02965503503     0.001071069526   -3.265641958e-07   -0.0003832708589       -13.55734255        -1.75367198                 -0                 -0                 -0                 -0                 -0        370.6371796        142.3758833         70.8066607        66.39673281         49.5736115        2.317334386 "MONITOR"                            0                  0      0.02068151223       -1.007103245    9.751804526e-05      0.02115923237
 "BPM.28L5.B2"              15176.35966        60.39308192      -0.5662510683        171.5437458       -2.354406101        35.62442094         34.3077163        1.091571879       0.1065281875     -0.01440559995     0.001673449343   -1.273166831e-06   -4.735201932e-05        24.10178965       -7.208663776                 -0                 -0                 -0                 -0                 -0        370.4426726        144.1969155        71.14500218        66.66845671       -1.458642584        19.00393534 "MONITOR"                            0                  0      0.01915645216       -2.316038379    0.0004933579045     -0.03167693334
 "BPM.27L5.B2"              15229.81115         570.321807       -7.627549609        33.48897625       0.5264036908        35.67432346        34.42162342        2.147069597      0.04573637936      0.02966963241    -0.001283579521   -4.020021709e-06    0.0003052713584        97.68730017       -2.752930924                 -0                 -0                 -0                 -0                 -0        362.8669073        138.7190612        71.24473591        66.89481102       -7.672718811         16.1661183 "MONITOR"                            0                  0      0.04012799515       -2.849864521   -0.0009406715178      0.08011552229
 "BPM.26L5.B2"              15283.26263        61.32796112         2.48311146        171.8705301       -2.358722288         35.7171609        34.55769946        1.092913464      0.03789426681     -0.01435008934   -6.689475734e-05   -9.978111446e-07     0.001108475421         28.9889113      -0.7789447645                 -0                 -0                 -0                 -0                 -0        460.4878626        139.0689878        71.33051127        67.16153332       -3.114223871      -0.6331582079 "MONITOR"                            0                  0     -0.02151998252       -1.242769569    0.0002687495611    -0.005740745964
 "BPM.25L5.B2"              15336.71412        53.71410433      -0.9348761021        33.48599626       0.5284739879        35.95541169         34.6714694        2.153193681     -0.02331035169      0.02976080164    -0.001223605822   -2.693233297e-06    0.0003832721891       -11.89623019        1.631080765                 -0                 -0                 -0                 -0                 -0        454.6379528        159.9461666        71.80788831        67.39890352        62.09092637        2.979372743 "MONITOR"                            0                  0      0.02534036705       -1.180242909    0.0002665814199      0.01225788531
 "BPM.24L5.B2"               15390.1656        60.37444043      -0.5663619904        171.5082284       -2.354062051        36.12441581        34.80774169        1.095212953       -0.124518709     -0.01443062337    -0.001936663688    -9.82596969e-07    4.736297072e-05       -32.25022024         6.44999813                 -0                 -0                 -0                 -0                 -0        452.1029256        161.2328936        72.14668471         67.6721215      -0.2579579187        21.57170269 "MONITOR"                            0                  0      0.01351122475       -3.010982358    0.0003918171928     -0.04170940375
 "BPM.23L5.B2"              15443.61708        570.2770063       -7.627361559        33.49268444       0.5262414885        36.17432827        34.92165521        2.154324634     -0.05254543853      0.02974235395     0.001518515042   -2.864306295e-07   -0.0003052662079       -99.05025308        2.422176749                 -0                 -0                 -0                 -0                 -0        444.5175251        155.7045663         72.2464624        67.89875295       -7.611170435        17.99743813 "MONITOR"                            0                  0      0.04389435192        -3.28849947    -0.001130602182      0.09879189243
 "BPM.22L5.B2"              15497.06857         61.3416239        2.483461273        171.8939601       -2.358728034        36.21715911        35.05769592        1.093975214     -0.04070580317     -0.01447628512    0.0001330118006    9.340701794e-07    -0.001108475652       -37.20613724       0.7479365331                 -0                 -0                 -0                 -0                 -0        542.4805729        155.9350148        72.33190981        68.16604247       -2.043012724      -0.7098555389 "MONITOR"                            0                  0     -0.01986156093       -1.294353012    0.0004477891946    -0.006343595298
 "BPM.21L5.B2"              15550.52005        53.71377206      -0.9351638582        33.48736972       0.5282584204        36.45545208        35.17147738         2.14849938      0.02758411466      0.02965408721      0.00135974146   -3.210530829e-07   -0.0003832644302       -13.98074866       -1.723320069                 -0                 -0                 -0                 -0                 -0        536.6478351        177.0323455        72.80917832        68.40194524        74.65894455        3.636421412 "MONITOR"                            0                  0      0.02071327087        -1.00684991    9.028564783e-05      0.02112691448
 "BPM.20L5.B2"              15603.97154        60.38940136      -0.5663379878         171.548057         -2.3545186        36.62441968        35.30772357        1.091539747       0.1425127417     -0.01440469337     0.002200004974   -1.273136612e-06   -4.733535615e-05        24.04366503       -6.769239386                 -0                 -0                 -0                 -0                 -0        534.1367408        178.3343333        73.14785377        68.67507138       0.9467727555        24.14021275 "MONITOR"                            0                  0      0.01916275637       -2.316003103    0.0004934484845     -0.03167645976
 "BPM.19L5.B2"              15657.42302        570.3343019       -7.627850808        33.49086186        0.526450808        36.67432321        35.42162505           2.147046      0.05935954107      0.02966975265    -0.001753427807    -4.02001795e-06    0.0003052755347        97.69605266       -2.535079443                 -0                 -0                 -0                 -0                 -0        526.5597382         172.806211        73.24765423        68.90191785       -7.550499175        19.82835841 "MONITOR"                            0                  0      0.04013019403       -2.849971015   -0.0009407473956      0.08011909988
 "BPM.18L5.B2"               15710.8745        61.33333032        2.483224963        171.8662134       -2.358609716        36.71715824        35.55769824        1.092944683      0.04350898886     -0.01434900164   -0.0001994111754   -9.978306968e-07      0.00110847066        29.04657358      -0.4494422786                 -0                 -0                 -0                 -0                 -0        624.1710449        172.9279179        73.33293867        69.16969666      -0.9765642822      -0.7886920819 "MONITOR"                            0                  0     -0.02152047085       -1.242796679    0.0002687542888    -0.005739993261
 "BPM.17L5.B2"              15764.32599        53.71027472      -0.9346938073        33.48410909       0.5284268449        36.95539157         35.6714738        2.153297574     -0.03186123004      0.02976215123    -0.001495756756   -2.693268104e-06    0.0003832657755       -11.71006418        1.617548571                 -0                 -0                 -0                 -0                 -0        618.3545721        194.1786918        73.81007292        69.40446494         87.1817418        4.293355656 "MONITOR"                            0                  0      0.02533948767       -1.180152602     0.000266560626      0.01226030923
 "BPM.16L5.B2"              15817.77747        60.37076075       -0.566448887         171.512541       -2.354174587        37.12441455        35.80774896         1.09524018      -0.1605041948     -0.01443221228    -0.002463232316    -9.82599656e-07    4.734630797e-05       -32.19139143        6.010179051                 -0                 -0                 -0                 -0                 -0        615.8514315         195.490887        74.14870822         69.6775168        2.147879291        26.70807947 "MONITOR"                            0                  0      0.01351761231        -3.01094279      0.00039190944     -0.04170887452
 "BPM.15L5.B2"              15871.22896        570.2895018       -7.627662767        33.49457071       0.5262886162        37.17432802        35.92165685        2.154299851     -0.06616888691      0.02974141493     0.001988376785   -2.863995528e-07   -0.0003052703841       -99.07073281        2.195107166                 -0                 -0                 -0                 -0                 -0        608.2657928         189.924913        74.24852391        69.90451244       -7.488937733        21.65976155 "MONITOR"                            0                  0      0.04389651494       -3.288603134    -0.001130678273      0.09879541758
 "BPM.14L5.B2"              15924.68044        61.34699469        2.483574809        171.8896436       -2.358615443        37.21715646         36.0576947        1.093954171     -0.04632061587     -0.01447614681    0.0002655312212    9.340951968e-07    -0.001108470891       -37.26692536       0.3867960774                 -0                 -0                 -0                 -0                 -0        706.2123556        189.9693629        74.33373036        70.17267106      0.09449893603      -0.8653638533 "MONITOR"                            0                  0       -0.019862015       -1.294377813    0.0004477938818    -0.006342814932
 "BPM.13L5.B2"              15978.13193        53.70993909      -0.9349815123        33.48548328       0.5282112891        37.45543196        36.17148178        2.148424201      0.03613742574      0.02965298653      0.00163189019   -3.209654748e-07   -0.0003858707636         -14.170456       -1.721226669                 -0                 -0                 -0                 -0                 -0        700.4052271        211.3577138         74.8107973        70.40656294        99.75059951        4.950449738 "MONITOR"                            0                  0      0.02071242701       -1.006760666     9.02661535e-05      0.02112924208
 "BPM.12L5.B2"              16031.58341        61.72885909       -0.566688227        169.0250406       -2.321480555        37.62144585        36.30904164        1.141018547       0.1775494242     -0.01346677697      0.00270852434   -1.280102185e-06   -4.718444096e-05        23.61341571       -6.287161113                 -0                 -0                 -0                 -0                 -0        697.8682336         212.644597        75.14341312        70.68214589        4.617099684        29.39137726 "MONITOR"                            0                  0      0.01987338597       -2.326265819    0.0004991041261     -0.03145800876
 "BPM.11L5.B2"              16085.03489         561.724342       -7.452739884        37.94959625       0.5543955073        37.67114838        36.41573968        2.272430257      0.07936234207      0.03114929902    -0.002088997018   -3.991142912e-06    4.082114778e-06         95.5000438       -2.531301283                 -0                 -0                 -0                 -0                 -0        690.3013442        206.6778101        75.24274091        70.89475552       -7.367573216        24.50810572 "MONITOR"                            0                  0      0.04228862595       -3.032748242   -0.0008838852969      0.07601972538
 "BPM.10L5.B2"              16137.81758         64.9470517        2.506734885         173.489285       -2.256607288        37.71281173        36.53749889       0.9603417464      0.07019502631     -0.02075413558   -7.714396761e-05   -1.292608814e-06    3.118307291e-05        29.85804885       -1.018361159                 -0                 -0                 -0                 -0                 -0        785.1280181         207.457909        75.32626418        71.13335211      -0.4035707892        1.419956633 "MONITOR"                            0                  0     -0.02959309718       -1.535805626    0.0001605696121    -0.009664143394
 "BPM.9L5.B2"               16176.88457        46.38602941       -0.389225987        27.44768239       0.9674012276        37.85457552        36.62367874        1.371070225     -0.01127362415      0.01885705763    -0.002259606605   -4.113487268e-07    1.470381387e-05        4.212078843        1.163659836                 -0                 -0                 -0                 -0                 -0         784.877707        206.6847707        75.60955287        71.30394565        94.62036162       -2.020576093 "MONITOR"                            0                  0      0.01541179236      -0.7389188437   -0.0001103739453      0.03984957313
 "BPM.8L5.B2"               16217.34956        26.92696831       -0.726042959        96.32064451       -1.914967803        38.11628174        36.79947393       0.3469367534      -0.1315223986     -0.02428160567    -0.003056569424    8.377899429e-07    1.302216253e-05       -20.88242028        5.570896464                 -0                 -0                 -0                 -0                 -0        783.9776723        208.2798787        76.13336208         71.6548109        8.405489346         27.0294266 "MONITOR"                            0                  0      0.02849486931       -1.162275117     0.001022404529     -0.02301184513
 "BPM.7L5.B2"               16256.41755        421.4971776       -8.667429154        23.49537485       0.3367979545        38.18317449         36.9302062     -0.04441376488     -0.05961662263     -0.00318829123      0.00226961068    3.433838615e-06      -4.399094e-06       -78.73117394        1.822629692                 -0                 -0                 -0                 -0                 -0        777.8327269        208.5312377        76.26762136        71.91747701       -7.269540809        21.41815183 "MONITOR"                            0                  0      0.04419385883       -2.052914078    -0.001142492877       0.0651229875
 "BPMR.6L5.B2"              16293.31155        3.436597186       0.6793447854        189.2955335       -4.140449006        38.32884184          37.045201     -0.07107857383     -0.06449811871   -0.0003820060767   -0.0004462529864    1.574896624e-07    -3.35388866e-05       -2.737921436      0.08296031189                 -0                 -0                 -0                 -0                 -0         764.631654        205.4913308        76.55891618         72.1472868        75.20981276      -0.1259931402 "MONITOR"                            0                  0     -0.07756118435      -0.5804795092   -0.0007205186017     -0.01225925953
 "BPMWT.B6L5.B2"            16304.62155        43.39573945       -4.227813316        266.5581281        -3.24923615        38.63417077        37.05309691     -0.07965937638     -0.06556869978    -0.000905021571    2.517478216e-05   -1.092813161e-06   -0.0001637797284        26.24172711      -0.3573222843                 -0                 -0                 -0                 -0                 -0          759.75737         204.846146        77.16958024         72.1630577      -0.0960744845       -1.042696839 "MONITOR"                            0                  0     -0.07795087348       0.2071780053   -9.617429855e-05    -0.006576850039
 "BPMWT.A6L5.B2"            16310.44355        107.3668791       -6.760015552        305.8618967        -3.50166879        38.64776209        37.05634228     -0.08492776538     -0.06527910697    -0.000905021571    2.517478216e-05   -1.739396573e-06   -0.0003068046503         41.2396521      -0.5839943263                 -0                 -0                 -0                 -0                 -0        757.2271501        204.5940424        77.19674128        72.16955885       -4.309194912       -1.379439739 "MONITOR"                            0                  0     -0.07851080024       0.6259774634   -9.617429855e-05    -0.006016923272
 "BPMWT.D6L5.B2"            16311.62155        123.8970306        -7.27237114        314.1719961       -3.552744993        38.64938767        37.05694709     -0.08599374997     -0.06522051193    -0.000905021571    2.517478216e-05   -1.870223653e-06   -0.0003357437362        44.27427175      -0.6298582332                 -0                 -0                 -0                 -0                 -0        756.7151973        204.5430329        77.19998799        72.17077057       -4.703068594       -1.439541276 "MONITOR"                            0                  0     -0.07862409357         0.71150871   -9.617429855e-05    -0.005903629949
 "BPMWT.C6L5.B2"            16321.69455        314.5372284       -11.65348985        390.1449717       -3.989494217        38.65751225        37.06152684     -0.09510891356      -0.0647194696    -0.000905021571    2.517478216e-05    -2.98891735e-06   -0.0005831999433        70.22310349       -1.022037464                 -0                 -0                 -0                 -0                 -0         752.337547        204.1068551        77.21619892        72.17994799       -6.306900904       -1.867057355 "MONITOR"                            0                  0     -0.07959285727        1.453780297   -9.617429855e-05    -0.004934866239
 "BPM.5L5.B2"               16325.21155        401.8877354       -13.18316269        418.7433866       -4.141985731        38.65908664        37.06291172     -0.09829148383     -0.06454453007    -0.000905021571    2.517478216e-05   -3.379510592e-06    -0.000669599574        79.28316914       -1.158967311                 -0                 -0                 -0                 -0                 -0        750.8090953        203.9545637        77.21933426        72.18272398       -6.546486919       -1.986605295 "MONITOR"                            0                  0     -0.07993110228        1.717542059   -9.617429855e-05    -0.004596621231
 "BPMYA.4L5.B2"             16352.61755        1136.015833       -16.10381283        917.4578894       -11.49732472        38.66539963        37.07010961      -0.1029801851     -0.07600541864   -7.571458333e-05   -0.0005097392332   -5.682796207e-06    -0.001492928789        132.5116612       -2.470456526                 -0                 -0                 -0                 -0                 -0        743.8981436        200.3667812         77.2319614        72.19669184       -7.272391565       -2.532523607 "MONITOR"                            0                  0     -0.08031584553        4.195298634   -0.0006647173393      0.02809023956
 "BPMWB.4L5.B2"             16373.67605        1915.884749       -20.92964121        1466.066002       -14.55421626        38.66767151        37.07299964     -0.09697498116      -0.0860177142     0.001053336645   -0.0005097283454    -7.37763288e-06    -0.002214898068        171.6433413       -3.503143898                 -0                 -0                 -0                 -0                 -0        739.0723077        197.3499651        77.23651608        72.20207588       -7.441280436       -2.715195114 "MONITOR"                            0                  0     -0.09431367472        6.772935806   -0.0006647052179      0.04208735374
 "BPMSY.4L5.B2"             16466.59205        7783.733743       -42.22254991        5423.983771       -28.04226784        38.67150129        37.07824473     -0.01460036214       -0.130002309   -7.571446673e-05   -0.0005097209263   -1.485519882e-05    -0.005592117914        344.2474141       -8.059608905                 -0                 -0                 -0                 -0                 -0        717.7793915        184.0557091        77.24422609        72.21066326       -7.614747144       -2.992145042 "MONITOR"                            0                  0      -0.1560753429        25.18541439   -0.0006646960394       0.1038475786
 "BPMS.2L5.B2"              16493.31755        12906.59714        823.8668356        1477.765561       -21.60814193        38.67185199        37.07986541     -0.01872300369     -0.06716024585     0.001197303552    -0.000869808479   -1.912659051e-05    -0.003013309745         443.089036       -4.531737564                 -0                 -0                 -0                 -0                 -0        346.1535108        89.27949153        77.23951218        72.16762297       -7.623568498       -3.066093434 "MONITOR"                            0                  0         1.02448195        16.17319555      0.01082240304       0.1713699683
 "BPMWF.A1L5.B2"            16503.09555         3944.44655        181.3411921        1184.082125          54.420129         38.6720956        37.08091208     -0.01033676613     -0.05947204493     0.000478350136     0.002840765449   -1.057272165e-05    -0.002702563154        244.8588464       -4.237300314                 -0                 -0                 -0                 -0                 -0         60.1104826        82.54239875        77.18580711        72.16188675       -7.629488147       -3.112846709 "MONITOR"                            0                  0       0.3442858357        7.767348738     -0.01767575704      -0.3972314752
 "BPMSW.1L5.B2"             16503.28255        3876.916488        179.7821363        1163.816488        53.95225864        38.67210321        37.08093743     -0.01024740558     -0.05896405191     0.000478350136     0.002840765449   -1.048179792e-05    -0.002679333085        242.7509917       -4.205630597                 -0                 -0                 -0                 -0                 -0        58.68664948        82.15415261        77.18411995        72.16143291       -7.629675351       -3.113972336 "MONITOR"                            0                  0       0.3409804692        7.629303104     -0.01767575704      -0.3939261086
 "BPMSW.1L5.B2_DOROS"         16503.28255        3876.916488        179.7821363        1163.816488        53.95225864        38.67210321        37.08093743     -0.01024740558     -0.05896405191     0.000478350136     0.002840765449   -1.048179792e-05    -0.002679333085        242.7509917       -4.205630597                 -0                 -0                 -0                 -0                 -0        58.68664948        82.15415261        77.18411995        72.16143291       -7.629675351       -3.113972336 "MONITOR"                            0                  0       0.3409804692        7.629303104     -0.01767575704      -0.3939261086
 "BPMSW.1R5.B2"             16546.41055        3877.018264       -179.7844962         1163.85529       -53.95315831        39.17033271        37.57503831      0.01036190921      0.05819489439     0.000478350136     0.002840765449    1.048803387e-05     0.002678241248       -243.3856841        3.098388359                 -0                 -0                 -0                 -0                 -0        307.0759272        60.78899164        77.76078578         72.8804971       -7.588600885       -2.848860432 "MONITOR"                            0                  0      -0.4213395807        8.811591325     -0.01767575704       0.3683939412
 "BPMSW.1R5.B2_DOROS"         16546.41055        3877.018264       -179.7844962         1163.85529       -53.95315831        39.17033271        37.57503831      0.01036190921      0.05819489439     0.000478350136     0.002840765449    1.048803387e-05     0.002678241248       -243.3856841        3.098388359                 -0                 -0                 -0                 -0                 -0        307.0759272        60.78899164        77.76078578         72.8804971       -7.588600885       -2.848860432 "MONITOR"                            0                  0      -0.4213395807        8.811591325     -0.01767575704       0.3683939412
 "BPMWF.A1R5.B2"            16546.54355        3924.988417       -180.8933434        1178.251087       -54.28592172        39.17033814        37.57505639      0.01042546511      0.05855619424     0.000478350136     0.002840765449    1.055270155e-05     0.002694763168       -244.8848535         3.12091281                 -0                 -0                 -0                 -0                 -0        308.1813947        61.00736387         77.7607515        72.87987708       -7.588719165       -2.849681872 "MONITOR"                            0                  0      -0.4236904564         8.91693855     -0.01767575704       0.3707448169
 "BPMS.2R5.B2"              16556.37555         4923.73778        71.96265087        3873.954547       -247.2732636        39.17065448        37.57587522      0.01165724827       0.1053783538   -0.0001722218488      0.00691458924    1.181818312e-05      0.00488103939       -274.1494852         5.91798354                 -0                 -0                 -0                 -0                 -0        335.0694382        135.8379075        77.76039888        72.80237156       -7.595747595       -2.886757988 "MONITOR"                            0                  0       0.2397839876          17.817461       0.0149420408        1.112508932
 "BPMSY.4R5.B2"             16583.22105        18051.59504        93.38336598        2332.942474         12.6693458        39.17114192         37.5770519      0.02225919323       0.0893936495   -0.0001156924376   -5.950189089e-05    2.262529159e-05      0.00362253998        -524.547391        5.060445912                 -0                 -0                 -0                 -0                 -0        673.9234362        244.1971542         77.7554835        72.78117255       -7.607233602       -2.941420735 "MONITOR"                            0                  0       0.1255244903        25.88247389   -0.0009988902259      -0.2017227984
 "BPMWB.4R5.B2"             16676.01705        4880.757683        48.54987883        577.7589053        6.244979462        39.17271538        37.58978656       0.1009364887      0.08692475508     0.001013358692   -5.950727256e-05     1.17581466e-05    0.0005694750769       -272.1279932        5.038425997                 -0                 -0                 -0                 -0                 -0        718.7555942        250.6168143        77.75850082        72.80648638       -7.657258241       -3.813188317 "MONITOR"                            0                  0       0.0328309527        4.116715853   -0.0009988972208      -0.1090305407
 "BPMYA.4R5.B2"             16697.07355        3050.389704        38.37663614        345.4585552        4.787227056        39.17358392        37.59729061       0.1061008206      0.08616182065   -0.0001156925542   -5.951891044e-05    9.292231445e-06    7.923307729e-05       -214.8383906        5.033410019                 -0                 -0                 -0                 -0                 -0        728.9285903        252.0736218        77.76021064        72.82146039       -7.695083343       -4.558562007 "MONITOR"                            0                  0      0.01179758281        1.572490458   -0.0009989007451     -0.08799768292
 "BPMR.5R5.B2"              16718.19155        1644.980144        28.17367925        174.1415992        3.325139454        39.17508437        37.61101085       0.1036600983      0.08494086821   -0.0001156925542   -5.951891044e-05    6.819130915e-06    4.326523979e-05       -157.3738356        5.028383978                 -0                 -0                 -0                 -0                 -0        739.1313106        253.5346291        77.76318489        72.84886695        -7.77752687       -6.339591801 "MONITOR"                            0                  0    -0.009297203121     -0.08950627402   -0.0009989007451     -0.06690289699
 "BPM.6R5.B2"               16750.09155        774.8580782        10.19569455        10.20130069       0.5925320279        39.17968816        37.74339168       0.1253117597        0.062555444    0.0007657322919   -0.0007730143227    4.667842245e-06     6.70487564e-06       -107.1488179        3.823852466                 -0                 -0                 -0                 -0                 -0        744.4451832         257.472005        77.77243527        73.11310981       -8.163873867       -36.43210349 "MONITOR"                            0                  0     -0.02082308166       -1.433734008   -0.0003687639792      -0.0509680274
 "BPMRA.7R5.B2"             16784.10555        91.29616875        5.239407698        124.4431137       -3.900485275        39.19968602        38.02981006       0.1231604713      0.04973424603   -0.0001479445019   -0.0003378785321    1.568412579e-06   -2.556618906e-05       -35.11681799        3.212006024                 -0                 -0                 -0                 -0                 -0        754.4670473         261.878422        77.81240307        73.68566289       -12.13254841       -4.258890982 "MONITOR"                            0                  0     -0.06260553471       -1.468940827   -0.0009630105762     -0.03110280105
 "BPM.8R5.B2"               16825.54256        30.76487708      -0.4027667019         15.5812763       0.4860127881        39.39489786        38.16777711       0.5339117328     -0.05229734304      0.01687100295    -0.002699694106    1.057913383e-07   -1.073471821e-05        1.148570333       -3.083996033                 -0                 -0                 -0                 -0                 -0          756.26699        263.8143691        78.20305787        73.96286811       -125.3961322       -18.80703112 "MONITOR"                            0                  0      0.01452357262      -0.4532218269    0.0002055076164      0.03025847834
 "BPM.9R5.B2"               16864.60757        40.59461115      -0.8870520537        136.6317471       -3.164149904        39.62287418        38.36141174       0.5950170679      -0.2411447987     0.005828840212      -0.0050284249   -1.040495888e-06   -3.376787095e-06        25.62862657       -14.48275657                 -0                 -0                 -0                 -0                 -0        757.0561613        263.0504607        78.65877855        74.35188612       -17.32895329       -40.69686327 "MONITOR"                            0                  0      0.04681343425       -1.589186646     0.001292400102      -0.0324962953
 "BPM.10R5.B2"              16905.07058        523.3965716       -10.10801357        45.02084569       0.8842063659        39.67367284        38.43597952        1.865092739      -0.1038214821      0.03986352855     0.004291626039   -3.848943265e-06    6.731953206e-06        88.64254006       -6.603490808                 -0                 -0                 -0                 -0                 -0        763.9998474        261.6860685           78.75995        74.50102369       -7.846404176       -23.89769168 "MONITOR"                            0                  0      0.06152232574       -3.027970914    -0.001757796783      0.09517128772
 "BPM.11R5.B2"              16957.85129        60.98803936        2.456947085         181.332411       -2.262632436        39.71675929        38.54678076        1.101600832     -0.02938117084     -0.01385400719     0.001231802412   -1.242272394e-06    3.301039759e-05        29.26448854       -3.168945855                 -0                 -0                 -0                 -0                 -0         769.756756        262.8820411        78.84628908        74.72199725       -18.60844479       -3.575101032 "MONITOR"                            0                  0     -0.02676210308       -1.464857925    0.0002129718178    -0.008244050245
 "BPM.12R5.B2"              17012.57481        55.30659584      -0.9805998703        31.33636256       0.5000276827        39.96151968        38.66634299        2.172996175      0.07312632526      0.02942475218     0.001902166798    3.738319064e-07     1.52580608e-05       -4.802821219        3.917220224                 -0                 -0                 -0                 -0                 -0        774.7509305        242.0022246        79.33525608        74.96050846       -122.6233877       -17.83173356 "MONITOR"                            0                  0      0.01960129521       -1.001597894    0.0001647814501      0.01901440337
 "BPM.13R5.B2"              17066.02333        61.07123732        -0.53279754        171.4395666       -2.420381007        40.12497942        38.80894759        1.095202131       0.2825380906     -0.01482313193     0.004029768504    1.278489285e-06    1.541542022e-05       -27.90319406        17.01585582                 -0                 -0                 -0                 -0                 -0        776.9671523        240.5075049        79.66163437        75.24570468       -16.93025303       -41.97901453 "MONITOR"                            0                  0      0.01776661395       -2.346879715    0.0004785857255     -0.03296900447
 "BPM.14R5.B2"              17119.47184        569.8545605       -7.602501713        33.49515052       0.5265342737        40.17462724        38.92283575        2.154860527      0.09678742189      0.02975935431    -0.003890419536    4.010874841e-06   -0.0005144888401       -92.89202949        6.084806738                 -0                 -0                 -0                 -0                 -0        784.5184284        245.9715589        79.76080458        75.47255082       -7.832566784       -25.81712109 "MONITOR"                            0                  0      0.04008237335       -2.854272046   -0.0009481340352      0.08095979615
 "BPM.15R5.B2"              17172.92036        60.71298858        2.473940883        171.8340841       -2.357893343        40.21769757        39.05888767        1.094380806     0.004065115042     -0.01448139369    -0.001649214869    1.998784521e-06    -0.001855992602       -38.21610901        2.295057113                 -0                 -0                 -0                 -0                 -0        678.3405186        248.0744875        79.84936107        75.74780042        -17.8407663       -3.382569145 "MONITOR"                            0                  0     -0.01704121521       -1.423649169    0.0003626543204    -0.009532059488
 "BPM.16R5.B2"              17226.36887        54.14965753      -0.9602660258        33.48973301       0.5278835991        40.45866071        39.17268888        2.149348721     -0.07338060332      0.02966442339    -0.001404664671   -7.476838061e-06   -0.0006379325842        -24.9808044       -4.216309928                 -0                 -0                 -0                 -0                 -0        683.4302598        227.7741794        80.33054512         75.9768176       -109.8166622       -18.91772679 "MONITOR"                            0                  0      0.01468218632      -0.8069117766   -0.0001606394314      0.03461569991
 "BPM.17R5.B2"              17279.81739        61.04665983      -0.5565229283        171.6002007       -2.355181904        40.62496983        39.30889013        1.091899951      -0.2574503668     -0.01441610596    -0.003545735226   -6.788269934e-06   -6.598557375e-05        18.45901069       -17.30836305                 -0                 -0                 -0                 -0                 -0        685.6518208        226.2812308        80.66268689        76.24922771       -15.56657406       -39.83969298 "MONITOR"                            0                  0      0.02600353526       -1.333137738    0.0006270136399     -0.01725498418
 "BPM.18R5.B2"               17333.2659        569.9839905       -7.604232435        33.49484343       0.5268796343        40.67460773        39.42275481        2.147168698     -0.08697458174       0.0296668522     0.003568046785   -1.481259968e-05     0.000515607409        91.03434163       -6.334140871                 -0                 -0                 -0                 -0                 -0        693.1919541        231.6943169        80.76184107        76.47592597       -7.758685016       -24.22376627 "MONITOR"                            0                  0      0.03447630257       -2.200977074    -0.000653373343      0.05291364493
 "BPM.19R5.B2"              17386.71442        60.73368824        2.474148678        171.7812337       -2.357485365        40.71767098        39.55885376        1.092649114    0.0008956562685      -0.0143583142     0.001570945626   -2.005307363e-06     0.001856052903         29.1952102       -2.274211962                 -0                 -0                 -0                 -0                 -0        587.4988098        233.8977576        80.85091476        76.75130846       -16.65580017       -3.495217183 "MONITOR"                            0                  0     -0.02017367853       -1.329948507    8.184272875e-05    -0.008232904103
 "BPM.20R5.B2"              17440.16294        54.11820722      -0.9581099564        33.48358747       0.5281115076        40.95839309        39.67264965        2.152185962       0.0677697485       0.0297480832     0.001200432577    3.668516989e-07    0.0006380330533       -3.959136224        3.852329748                 -0                 -0                 -0                 -0                 -0        592.5632748        213.6792985        81.33160137        76.98076365       -96.02030307       -18.48616455 "MONITOR"                            0                  0      0.02092170477       -1.016305608    0.0001137822525      0.02072825065
 "BPM.21R5.B2"              17493.61145        60.97929352      -0.5572318482        171.5520152       -2.354771242        41.12493592        39.80889525        1.095047054       0.2323726867      -0.0144145924     0.003172687212    1.279964808e-06    6.639404517e-05       -27.80988359        15.96153521                 -0                 -0                 -0                 -0                 -0        594.7672989        212.1846151        81.66403449        77.25319633       -14.21087129       -37.70269847 "MONITOR"                            0                  0      0.01872156565       -2.345800717    0.0004845999472     -0.03203598839
 "BPM.22R5.B2"              17547.05997        569.9214744       -7.605136663        33.50010616       0.5266622031          41.174605        39.92276812        2.154771445      0.07717233633      0.02975490181    -0.003246345568    4.013471752e-06    -0.000515455543        -92.8880372        5.876080274                 -0                 -0                 -0                 -0                 -0        602.3097818        217.5795935        81.76319036        77.47972146       -7.684300619       -22.63189776 "MONITOR"                            0                  0      0.04009462392       -2.854699173   -0.0009482098446      0.08094784755
 "BPM.23R5.B2"              17600.50848         60.7736244        2.474978138        171.8220452       -2.357588326        41.21765069         40.0588129        1.094235342    -0.005885203241     -0.01448222726    -0.001493453295     2.00082128e-06    -0.001856047307       -38.28997829        2.659260926                 -0                 -0                 -0                 -0                 -0        496.3565924        219.9023645        81.85309396        77.75529152       -15.47207759        -3.60600574 "MONITOR"                            0                  0     -0.01705990024       -1.424468312    0.0003623099781    -0.009539703248
 "BPM.24R5.B2"                17653.957        54.10489222      -0.9579350365        33.48477074       0.5277554332        41.45837746         40.1726292         2.14886234     -0.06216283809       0.0296576724   -0.0009956505328     -7.4723573e-06   -0.0006381369185       -25.23783652       -3.795646344                 -0                 -0                 -0                 -0                 -0        501.3925995        199.7399142        82.33350233        77.98528425       -82.11216034       -18.05509195 "MONITOR"                            0                  0      0.01467347592      -0.8065350903   -0.0001608479878      0.03464049534
 "BPM.25R5.B2"              17707.40552        60.99036021      -0.5574913804        171.6122545       -2.355487052        41.62492691         40.3088376        1.091725888      -0.2072677198     -0.01440958179    -0.002799047654    -6.78726001e-06   -6.675104478e-05        18.37213629       -16.25569968                 -0                 -0                 -0                 -0                 -0        503.5604145        198.2454712        82.66592796        78.25775917       -12.84369536       -35.56420323 "MONITOR"                            0                  0      0.02603516587       -1.332331649     0.000627574075     -0.01724513402
 "BPM.26R5.B2"              17760.85403         570.050752       -7.606865345        33.49980544       0.5270077043        41.67458548        40.42268717        2.147128055     -0.06735748984      0.02966913211      0.00292431638   -1.481428036e-05    0.0005153370439        91.05125043       -6.109278949                 -0                 -0                 -0                 -0                 -0        511.0855576        203.5695056        82.76503187        78.48407287       -7.610534492       -21.03803306 "MONITOR"                            0                  0      0.03448732732       -2.201376183   -0.0006534109531      0.05290405673
 "BPM.27R5.B2"              17814.30255        60.79430595        2.475184357        171.7691821       -2.357180208        41.71762414        40.55877899        1.092821949      0.01085785689      -0.0143541934     0.001415373973   -2.007775175e-06     0.001856000575        29.27794489       -2.575378366                 -0                 -0                 -0                 -0                 -0        405.7318662        206.0183985        82.85621677        78.75979838       -14.29122836       -3.718345678 "MONITOR"                            0                  0     -0.02019023154       -1.330675595    8.154066917e-05    -0.008239501999
 "BPM.28R5.B2"              17867.75106        54.07374382      -0.9557826966        33.47862263       0.5279834942        41.95810959        40.67258997        2.152742615       0.0565537034      0.02975536207    0.0007912069984    3.605441929e-07    0.0006382373493       -3.689560501        3.452630779                 -0                 -0                 -0                 -0                 -0        410.7179326         185.980162         83.3360099        78.99046656       -68.28655639       -17.62423825 "MONITOR"                            0                  0       0.0209136179       -1.015945023    0.0001135891895      0.02075083143
 "BPM.29R5.B2"              17921.19958        60.92301196      -0.5581989888        171.5640439       -2.355076161        42.12489297        40.80884274        1.095206758       0.1821825354     -0.01442282727     0.002425829473    1.278586964e-06     6.71596105e-05       -27.72549303        14.90883301                 -0                 -0                 -0                 -0                 -0        412.8444841        184.4861171         83.6686222        79.26298131       -11.48326767       -33.42700831 "MONITOR"                            0                  0       0.0187504925       -2.345030347    0.0004851061232     -0.03202632351
 "BPM.30R5.B2"               17974.6481        569.9882608       -7.607770239        33.50507258       0.5267902848        42.17458275         40.9227005         2.15468258      0.05755014733      0.02975044507    -0.002602557801    4.015964907e-06   -0.0005151851012        -92.8883337        5.633301307                 -0                 -0                 -0                 -0                 -0        420.3638601        189.7718226        83.76766437        79.48903776       -7.536109257       -19.44490964 "MONITOR"                            0                  0      0.04010640724       -2.855123565   -0.0009481895928      0.08093615476
 "BPM.31R5.B2"              18028.09661         60.8307805        2.475691388        171.8185554       -2.357549781        42.21760808         41.0587443        1.094252992     -0.01024582316     -0.01447973752    -0.001222969942    1.238392156e-06    -0.001855984383        -28.0586056        2.195668833                 -0                 -0                 -0                 -0                 -0        426.2988606        190.9374962        83.85394028        79.75986897       -14.31576627       -3.401646221 "MONITOR"                            0                  0     -0.01964670754       -1.299610738    0.0003092094268    -0.006973349162
 "BPM.32R5.B2"              18081.54513         54.0643715      -0.9554164331         33.4869467       0.5277896402        42.45805647        41.17255561        2.149013214     -0.04718943938      0.02966009992   -0.0006290888765   -1.018890623e-05   -0.0006383433507        11.18348845       -3.792673364                 -0                 -0                 -0                 -0                 -0        431.3257415        170.8861063        84.33361486        79.99082149       -71.56331712       -16.21002788 "MONITOR"                            0                  0      0.01050731451      -0.5065918779   -0.0001138873763       0.0312617419
 "BPM.33R5.B2"              18134.99364        60.91843365      -0.5583848102        171.6102751        -2.35539884        42.62487244        41.30875931        1.091788219      -0.1505529768     -0.01441142904    -0.001995267071   -7.714233657e-06    -6.75355496e-05        30.79284353       -15.70049586                 -0                 -0                 -0                 -0                 -0        433.4879899        169.3928793        84.66647979        80.26334966       -11.88922919       -30.71072572 "MONITOR"                            0                  0      0.03321653168       -1.153873145    0.0006904552713     -0.01568393554
 "BPM.34R5.B2"              18188.44216        570.0213257       -7.608419162        33.49788981       0.5269737844        42.67456262        41.42261365        2.147170232     -0.04718140203      0.02966885162     0.002159644756   -1.488765423e-05    0.0005150574751        92.02734748       -5.816917492                 -0                 -0                 -0                 -0                 -0        441.0106701        174.6527486        84.76559138        80.48924312       -7.463481732       -17.82938009 "MONITOR"                            0                  0       0.0347332245        -2.20020119   -0.0007059297516      0.05262799859
 "BPM.33L6.B2"              18241.89067        60.84031509        2.475931114        171.7732311       -2.357181178        42.71758322        41.55870121        1.092800635     0.009636513086     -0.01435542325     0.001030385925   -2.009768685e-06      0.00185597644        29.29008383       -1.934812391                 -0                 -0                 -0                 -0                 -0        446.9366203        175.8170435        84.85186732        80.75994729       -14.34024454       -3.088169042 "MONITOR"                            0                  0     -0.02020991681       -1.331466241    8.114941546e-05    -0.008249150026
 "BPM.32L6.B2"              18295.33919        54.04047123      -0.9539858532        33.47692354       0.5279878486        42.95788284        41.67251405         2.15265179      0.03783482526      0.02975408041    0.0004671325762    3.562872686e-07    0.0006384693687       -3.682601271        3.612329802                 -0                 -0                 -0                 -0                 -0        451.9938153         155.789873        85.33142906        80.99123693       -74.83866255       -14.79822478 "MONITOR"                            0                  0       0.0209056485        -1.01571042    0.0001134313893      0.02077049581
 "BPM.31L6.B2"              18348.78771        60.87808418      -0.5589138429        171.5597646       -2.355059446        43.12485186        41.80877289        1.095138788       0.1176835647     -0.01442233706     0.001539070955     1.11670332e-06    6.798817492e-05        -25.2056213        14.60965643                 -0                 -0                 -0                 -0                 -0        452.0441613        154.6659531        85.66513187        81.26533178       -12.59088104       -27.89244603 "MONITOR"                            0                  0      0.01935555146       -2.372844513    0.0004974956182     -0.03260304636
 "BPM.30L6.B2"              18402.23622        570.0226438       -7.609574277        33.50639066       0.5267803139        43.17455903        41.92262966        2.154550496      0.03596544892      0.02974914693    -0.001707589789    3.444701905e-06   -0.0005149019002        -83.9089021         5.34403068                 -0                 -0                 -0                 -0                 -0        459.5823399        159.9237795        85.76429625        81.49098966       -7.791381914       -15.97241137 "MONITOR"                            0                  0      0.04106216438       -2.923648277   -0.0009587654165      0.08169091792
 "BPM.29L6.B2"              18455.68474        60.88067236        2.476754662        171.8141354       -2.357292931        43.21756194        42.05866122        1.094124017     -0.01613510163     -0.01447966658    -0.000966118243    1.808633789e-06    -0.001855969295       -35.30030232        2.080540832                 -0                 -0                 -0                 -0                 -0        353.7882277        162.5895388        85.85598227        81.76758574       -13.59674918       -3.056577674 "MONITOR"                            0                  0     -0.01872968755       -1.466580875    0.0003473384735    -0.009910103632
 "BPM.28L6.B2"              18509.13325        54.02739872      -0.9537962019         33.4786467       0.5276299715        43.45786306        42.17249388        2.148665189     -0.03236165229      0.02965578419   -0.0002345017335   -7.480923378e-06   -0.0006385738585       -25.25917205       -3.641285935                 -0                 -0                 -0                 -0                 -0        358.7850456        142.7748533        86.33511225         82.0002867       -60.91040223        -14.3638658 "MONITOR"                            0                  0      0.01460164782      -0.8061692247   -0.0001492495223      0.03474580748
 "BPM.27L6.B2"              18562.58177        60.88766184      -0.5591901374        171.6239336       -2.355835134        43.62484379        42.30871371        1.091641136     -0.09130608174      -0.0144073069     -0.00113919539   -6.786296294e-06   -6.835423359e-05        18.27841367       -14.94641031                 -0                 -0                 -0                 -0                 -0        358.8115139        141.7437791        86.66886364        82.27460517       -11.51592083       -25.64959142 "MONITOR"                            0                  0      0.02608870889       -1.330632733    0.0006285709695     -0.01722468686
 "BPM.26L6.B2"              18616.03029         570.150757       -7.611326977        33.50635265       0.5271517586        43.67454113        42.42254508        2.147059579     -0.02528830264      0.02966933288     0.001376035604   -1.481838692e-05    0.0005147782055         91.0528352       -5.529934513                 -0                 -0                 -0                 -0                 -0        366.3209489        146.8537189        86.76789343        82.49974638       -8.118153076       -14.13567276 "MONITOR"                            0                  0      0.03450607998       -2.201993063   -0.0006532900011       0.0528729209
 "BPM.25L6.B2"               18669.4788        60.90137675        2.476950577        171.7575196       -2.356832281        43.71753712        42.55862522        1.092950756      0.02261765378     -0.01435023994    0.0009013332593   -2.012264408e-06      0.00185591656        29.35859866       -1.802497661                 -0                 -0                 -0                 -0                 -0        261.4198024         149.761261        86.86298013        82.77653618       -12.85653346       -3.026826756 "MONITOR"                            0                  0      -0.0202268649       -1.332211999    8.083944719e-05    -0.008256005861
 "BPM.24L6.B2"              18722.92732        53.99643055      -0.9516318018        33.47207462       0.5278396301        43.95759467        42.67245439        2.153183778      0.02688400577      0.02976123931     2.14022123e-06    3.500856305e-07    0.0006386737439       -3.421536218        3.388105901                 -0                 -0                 -0                 -0                 -0        266.3006845        130.2995352         87.3411688        83.01109201       -47.05315979       -13.92955531 "MONITOR"                            0                  0      0.02089741842       -1.015348265     0.000113233853      0.02079355102
 "BPM.23L6.B2"              18776.37583        60.82034532      -0.5598954371        171.5756749       -2.355423758        44.12480981        42.80871889        1.095324613      0.06621215237     -0.01442954227    0.0007656975641    1.276702558e-06     6.87629715e-05       -27.64161908        13.75504452                 -0                 -0                 -0                 -0                 -0        268.3338101        128.8256765        87.67406743        83.28388161        -10.1505289       -23.51237524 "MONITOR"                            0                  0      0.01879827099       -2.343420283    0.0004859874063     -0.03200646962
 "BPM.22L6.B2"              18829.82435        570.0883424        -7.61223354        33.51162677        0.526934362        44.17453841        42.92255843        2.154583179       0.0154718389      0.02974652581    -0.001054267827    4.021473125e-06   -0.0005146261101       -92.88160036        5.073480511                 -0                 -0                 -0                 -0                 -0        275.8182288        133.8179859        87.77285977        83.50840988       -8.043746947       -12.54036926 "MONITOR"                            0                  0      0.04012682412       -2.855802351   -0.0009479515781      0.08090100122
 "BPM.21L6.B2"              18883.27287        60.94138343        2.477779821        171.7984266       -2.356936444        44.21751688        43.05858434        1.094024577     -0.02764141472     -0.01448210423    -0.000824242233    2.006480872e-06    -0.001855910461       -38.43419636        2.011829822                 -0                 -0                 -0                 -0                 -0         171.596929        136.9697869        87.87582131         83.7854763       -11.67919341       -3.136607094 "MONITOR"                            0                  0     -0.01711956634        -1.42701876    0.0003611756529    -0.009566104989
 "BPM.20L6.B2"              18936.72138        53.98320974      -0.9514586828        33.47326551       0.5274833071        44.45757909        43.17243394        2.148181922     -0.02129088283      0.02964825837    0.0002030622393   -7.461432071e-06    -0.000638777377       -25.75306036       -3.439284302                 -0                 -0                 -0                 -0                 -0        176.2473398        117.9197826        88.35265019        84.02224258       -33.10303189       -13.50130973 "MONITOR"                            0                  0      0.01464720349      -0.8055274199   -0.0001614492217      0.03471290071
 "BPM.19L6.B2"               18990.1699        60.83138008      -0.5601533335        171.6359646           -2.35614        44.62480076        43.30866117        1.091466585     -0.04111546284     -0.01440078153   -0.0003919716641   -6.785280027e-06   -6.911974301e-05        18.19319275       -14.21922616                 -0                 -0                 -0                 -0                 -0        178.0728191        116.4690649        88.68470054        84.29521784       -8.776200875       -21.37528969 "MONITOR"                            0                  0      0.02612028435       -1.329826253     0.000629131017     -0.01721481802
 "BPM.18L6.B2"              19043.61841        570.2167638       -7.613950223        33.51131657       0.5272796692        44.67451889        43.42247746        2.147018288    -0.005647331509      0.02967160989     0.000732589638   -1.482005653e-05    0.0005145075064        91.06339423       -5.311167555                 -0                 -0                 -0                 -0                 -0        185.4548881        121.2441255        88.78273426        84.51896146       -7.970217739       -10.94437074 "MONITOR"                            0                  0      0.03451708291       -2.202390274   -0.0006533266099      0.05286328578
 "BPM.17L6.B2"              19097.06693        60.96201208         2.47798156        171.7455097       -2.356527668         44.7174904        43.55855044        1.093123631      0.03265311429     -0.01434610543    0.0007467205847    -2.01473177e-06     0.001855863123        29.43909277       -1.749875325                 -0                 -0                 -0                 -0                 -0        85.60398591         124.661731        88.91523312        84.79620896       -10.50693224        -3.24820921 "MONITOR"                            0                  0     -0.02024336238       -1.332940072     8.05379045e-05     -0.00826262976
 "BPM.16L6.B2"              19150.51545        53.95290435       -0.949316712         33.4671116        0.527711835        44.95731055        43.67239468        2.153740544      0.01569008388      0.02976851828   -0.0004081464535    3.437786327e-07    0.0006388776813       -3.156646204        3.200359901                 -0                 -0                 -0                 -0                 -0        89.38782943        106.2304123        89.38695603        85.03591626       -19.21446411       -13.07286984 "MONITOR"                            0                  0      0.02088935809       -1.014990004    0.0001130395303      0.02081620026
 "BPM.15L6.B2"              19203.96396        60.76408179      -0.5608573193        171.5876809       -2.355728394        45.12476674        43.80866636        1.095484271      0.01601405705      -0.0144377803    1.830411819e-05    1.275325629e-06    6.952857502e-05       -27.55759193        13.02680684                 -0                 -0                 -0                 -0                 -0        90.56609241        104.8140638        89.71624371        85.30912706       -7.406050446       -19.23787487 "MONITOR"                            0                  0      0.01882714672       -2.342648924    0.0004864932738      -0.0319967773
 "BPM.14L6.B2"              19257.41248        570.1543662       -7.614857352        33.51659488       0.5270622673        45.17451616        43.92249082         2.15449447    -0.004683874423      0.02974207362    -0.000410759903    4.024029878e-06   -4.445818587e-06       -92.89281884        4.836458325                 -0                 -0                 -0                 -0                 -0        97.51872704        109.3458973         89.8106745        85.53183195       -7.895769562       -9.347812897 "MONITOR"                            0                  0      0.04013841996       -2.856220493   -0.0009479301287      0.08088908158
 "BPM.13L6.B2"              19310.86099        60.99227532        2.478414331        171.7968281       -2.356923724        45.21747655        44.05851489        1.093864185     -0.03472170513     -0.01448326689   -0.0005710629189    1.246592345e-06   -3.342904556e-05       -38.50142531        1.647572251                 -0                 -0                 -0                 -0                 -0        42.53575254        113.0856643        90.14818817        85.80923611       -9.332452063       -3.357494071 "MONITOR"                            0                  0     -0.01967690499       -1.303645456    0.0003087083991      -0.0070320225
 "BPM.12L6.B2"              19364.30951        54.84789439      -0.8918954793        26.70210433       0.4292770445        45.44560169        44.18957577        2.225569078     -0.01382389362      0.03112369769    0.0004421850379   -2.452451259e-07    -1.35117119e-05       -28.73398149        -3.18946342                 -0                 -0                 -0                 -0                 -0        38.80457418        95.96196398        90.58789268        86.08710824        -5.60382293       -14.17426445 "MONITOR"                            0                  0      0.01962125876      -0.8690366646    3.781156473e-05      0.02563943898
 "BPM.11L6.B2"              19417.75802        53.18098554      -0.5635672932        186.7371173       -2.787741624        45.63139877        44.34024607       0.9751919625    -0.008794784627     -0.01817180979    7.606586557e-05   -1.206504193e-06   -9.190818231e-06        18.64654348       -13.16281438                 -0                 -0                 -0                 -0                 -0        35.86241726        95.04401335        90.95157807        86.39112516       -6.251020821       -15.28142374 "MONITOR"                            0                  0      0.02792126155       -2.228260563    0.0006320509503     -0.03123817249
 "BPM.10L6.B2"              19469.59674        438.0783924       -5.824557196        89.16823384       0.6859291881         45.6890689        44.40300368        1.239383966     0.004668256389      0.01293855852     0.000267599876   -3.494750758e-06    4.068766862e-06        88.42880543       -8.153675795                 -0                 -0                 -0                 -0                 -0        33.74568225        98.13671726        91.04192224        86.50804594       -8.319078414       -9.669762265 "MONITOR"                            0                  0      0.05919594895        -4.32853514   -0.0004502784786      0.04197010016
 "BPM.9L6.B2"               19508.66175        39.93108178        2.591054393        346.8697871        -4.98476574        45.73216986        44.44219416       0.3998566934      0.02192349213       -0.018872801    0.0004580476353   -9.722323549e-07    2.043179094e-05        33.46491315       -13.64058578                 -0                 -0                 -0                 -0                 -0        33.91773422        100.2446111        91.09632196        86.58881316       -9.694634552       -6.050566721 "MONITOR"                            0                  0      -0.1578277966       -2.594442112    -0.002002604304     -0.03631208118
 "BPM.8L6.B2"               19549.12476        66.75081833       -2.211343759        28.18010971        1.902100201        46.06065856        44.50091789       0.2414604504       0.0109380988     0.003335814697   -0.0003495797486    1.098745104e-06    1.040396155e-05        2.403967942        -2.39536044                 -0                 -0                 -0                 -0                 -0        36.24814014        102.2958744        91.73926651          86.714773       -5.592444022        -2.79516192 "MONITOR"                            0                  0     -0.01303835252     -0.05448492188     0.002063828138     -0.03244020511
 "BPMYB.5L6.B2"             19646.21277        109.5153218       -1.049096453        586.9846361       -6.691876723          46.299121        44.83907811        0.381114552      0.01625478421     0.003524558697    6.825020088e-05    1.170635517e-06    1.678126734e-05       -64.63082317        23.51835387                 -0                 -0                 -0                 -0                 -0         35.9095278        99.95036859        92.22309822          87.402517       -11.44488806        -15.9302102 "MONITOR"                            0                  0     -0.01125722264       -3.274222965    7.421227618e-06     -0.04540335142
 "BPMYA.4L6.B2"             19682.61277        542.1960886       -8.743741782        202.8773369         4.49207703        46.32444876        44.85488896       0.8324071985     0.005513392788      0.01311995975   -0.0003246453978    2.104246945e-06    5.956429819e-06       -145.1415659         13.6722511                 -0                 -0                 -0                 -0                 -0        31.51461381        97.38167673        92.28293131        87.43799005       -11.46635613       -14.58151129 "MONITOR"                            0                  0      0.05176854411       -3.929644708   -0.0005851132537      0.05475722061
 "BPMSA.4L6.B2"             19810.82827        256.8453191        0.892203756        119.2789434      -0.3520615354        46.37741804        45.02132017       0.5044339171     -0.02511540618    -0.002898282489   -0.0002373070251    6.209174392e-07   -2.405870806e-05       -91.80024614         3.76581586                 -0                 -0                 -0                 -0                 -0        30.67230684        96.17697616        92.38620827        87.77020939       -10.70398687       -4.159826405 "MONITOR"                            0                  0     -0.01733767992       -3.935963803    3.801005531e-05     -0.02225258452
 "BPMSE.4R6.B2"             19902.39827         152.080886       0.2518874652         262.766683       -1.214911705        46.45408882        45.10783913       0.2390393272     -0.04682435582    -0.002898282489   -0.0002373070251   -5.166369569e-07   -4.531331595e-05       -48.23532036       -2.842829726                 -0                 -0                 -0                 -0                 -0        30.24249345        95.44254794        92.53701831        87.94246729       -8.600035317       -9.134285679 "MONITOR"                            0                  0     -0.01385709915       -4.704738397    3.801005531e-05     -0.02573316528
 "BPMSX.A4R6.B2"            19995.52327        165.8089004       -0.399302385        570.7614268       -2.092414403        46.55382472        45.14648927     -0.03086207268     -0.06890195694    -0.002898282489   -0.0002373070251   -1.673508783e-06    -6.69288599e-05       -3.930594867       -9.563700318                 -0                 -0                 -0                 -0                 -0        29.81314456        94.69787491        92.73399483        88.01895876       -6.846140082       -12.78582212 "MONITOR"                            0                  0     -0.01031741275       -6.140330352    3.801005531e-05     -0.02927285168
 "BPMSX.B4R6.B2"            19996.10827        166.2784772      -0.4033930809        573.2127764       -2.097926769        46.55438545        45.14665205     -0.03255756067     -0.06904064576    -0.002898282489   -0.0002373070251   -1.680776112e-06   -6.706464614e-05       -3.652277934       -9.605920016                 -0                 -0                 -0                 -0                 -0         29.8104729        94.69320417        92.73510066        88.01927924       -6.845079508        -12.8012813 "MONITOR"                            0                  0     -0.01029517687       -6.151432291    3.801005531e-05     -0.02929508756
 "BPMYB.4R6.B2"             20026.21277        196.9036699      -0.6139030927        708.0665963       -2.381596889        46.58098847        45.15417552      -0.1198085319     -0.07617766743    -0.002898282489   -0.0002373070251   -2.054757835e-06   -7.405229868e-05        10.67010176        -11.7785745                 -0                 -0                 -0                 -0                 -0        29.67342459        94.45296762        92.78749562        88.03406549       -6.927586353       -13.50982406 "MONITOR"                            0                  0    -0.009150903161       -6.757862891    3.801005531e-05     -0.03043936128
 "BPMYA.5R6.B2"             20062.61277         560.895549        -6.75365534        230.8878389        5.217005102        46.59917777        45.16793827      -0.2965720112     -0.04270950301    -0.005016028412     0.001013583144   -3.673355497e-06   -4.153615551e-05        34.73261893       -7.879381449                 -0                 -0                 -0                 -0                 -0        31.71943662        94.50688484        92.81421627        88.05479608       -7.123771988       -14.77291054 "MONITOR"                            0                  0      0.06531160359       -6.305484173    -0.001149122763       0.1191394692
 "BPM.8R6.B2"               20158.33778        16.74791224       0.2179238538        186.5825609      -0.1648419293         46.7896518        45.24910264      0.01544862201     -0.02860796724      0.01193292096    0.0001222714887   -4.878130195e-07   -2.798665228e-05        24.69195171       -11.81846896                 -0                 -0                 -0                 -0                 -0        37.54114902        94.97866191        93.19275947        88.21704077       -12.70923769       -19.69366235 "MONITOR"                            0                  0     -0.07970793757       -0.127642686    -8.68724631e-05     -0.00685631968
 "BPM.9R6.B2"               20197.40279        134.9947327       -2.938296269        12.45857079       0.5533083707        46.96067774         45.3851736       0.6928095326    0.0004887396564      0.02344677449    0.0007995171871     5.65077059e-07     4.11907879e-07        40.89911819       -3.317875205                 -0                 -0                 -0                 -0                 -0        39.73699566        92.05574031        93.54114608        88.48543605       -9.322848601       -13.26082835 "MONITOR"                            0                  0    -0.008552531963       0.0841001381     0.002056767323     -0.08282808741
 "BPM.10R6.B2"               20237.8658        21.91664007       0.6676688217         175.773169       -4.278829356        47.07139478          45.613187       0.6705140794      0.03827526185     0.002563486145    0.0009523720103    6.604654607e-07    3.720327935e-05        -1.50417196        2.597647086                 -0                 -0                 -0                 -0                 -0        39.19258327        91.46459619        93.77169856        88.93413955       -7.234727611       -10.01324535 "MONITOR"                            0                  0     -0.08149002185      -0.9271627078    -0.001964355613     -0.02892003407
 "BPM.11R6.B2"              20289.70451        182.4986695       -3.103505271        28.08849721        0.612872445        47.25472714        45.72713619          2.4101069      0.01252372108      0.03972619605   -0.0005911518384    1.924078006e-06    1.216760112e-05       -76.10680476        4.251620802                 -0                 -0                 -0                 -0                 -0        36.29604288        93.40906065        94.13840683        89.15960633        -12.7714337       -19.40537668 "MONITOR"                            0                  0    -0.003858178443      -0.3111600556       0.0011124969     -0.04905208712
 "BPM.12R6.B2"              20344.42803        36.26270911       0.5998931922        169.7389893        -2.50579041        47.36154887        45.88999817         1.14420255    -0.002660180072     -0.01820122158   -0.0002614402037    3.308509727e-07   -2.632006915e-06       -36.28545426         12.4045744                 -0                 -0                 -0                 -0                 -0        48.25956442        92.75504951        94.37478474         89.4878072       -12.26985964        -14.0645367 "MONITOR"                            0                  0      -0.0560402412       -0.929770925    -0.000815047392     -0.02307322279
 "BPM.13R6.B2"              20397.87654        172.8004719       -2.294121782        32.12567862        0.503239108        47.49047836        46.00731545        2.130339221     -0.01186981872      0.02847445398   -0.0001676153909   -1.023986298e-06   -1.156109096e-05       -42.47926906        2.632650191                 -0                 -0                 -0                 -0                 -0        49.43888213        91.68289164         94.6353293        89.71390049       -6.849188736       -6.046529187 "MONITOR"                            0                  0     0.003078254781      -0.8727219626    0.0007367324756     -0.03503021786
 "BPM.14R6.B2"              20451.32506        32.90489267       0.5274834204        171.4651582       -2.395962385        47.60506368        46.14752487        1.075069812     -0.03771148957      -0.0143550842   -0.0005016305309   -9.031222494e-07   -3.665601107e-05        4.263121839       -5.296732702                 -0                 -0                 -0                 -0                 -0        40.24317706        92.46848683        94.84110919        89.99159817       -6.267194459        -13.1112496 "MONITOR"                            0                  0     -0.06123681702       -1.108660757    -0.000799239252     -0.02321593298
 "BPM.15R6.B2"              20504.77357         171.291412       -2.370740621        33.99616863       0.5339711676        47.74323583        46.26027711        2.116670454     -0.01145744267      0.02940808015    0.0005463529839   -1.945725445e-06     -1.1124647e-05        62.06259945        -5.33223804                 -0                 -0                 -0                 -0                 -0        38.99523952        93.87720744        95.11427586        90.22504362       -11.25172006       -20.55031434 "MONITOR"                            0                  0     0.001531669703      -0.7866716835    0.0007414602725     -0.03186797596
 "BPM.16R6.B2"              20558.22209        34.74611915       0.5397550134        170.9613972       -2.332500029        47.85467278        46.39550616        1.101236185     0.003966868031     -0.01360037478     0.000274845288   -3.647438633e-07    3.912044114e-06         31.3404556        -12.2873779                 -0                 -0                 -0                 -0                 -0        48.24876035        92.98538001        95.36065922        90.49825581       -11.31490484       -13.59870749 "MONITOR"                            0                  0     -0.05533322631       -1.022157093   -0.0006999018269     -0.02259355414
 "BPM.17R6.B2"              20611.67061        172.9492215       -2.337252565        32.13138465       0.5088475895         47.9870422         46.5124131        2.222523897      0.01222546125      0.03093977514     0.000147961105    9.805761265e-07    1.190947218e-05        35.28292303       -2.470479619                 -0                 -0                 -0                 -0                 -0        49.46567445        91.58357288        95.62801672        90.72390265       -5.784226826       -5.993620959 "MONITOR"                            0                  0     0.004643711368      -0.9519383132    0.0007195223289     -0.03230994534
 "BPM.18R6.B2"              20665.11912        32.91704915       0.5288536924        171.7662428       -2.400003996        48.10151725        46.65246908        1.140998325      0.03759048382     -0.01498936871    0.0004931794068    8.953124079e-07    3.653426132e-05       -8.192063134        5.680689154                 -0                 -0                 -0                 -0                 -0        40.24468333        92.37465015        95.83029619        91.00117239       -4.923415473       -13.59020941 "MONITOR"                            0                  0     -0.06077632808       -1.182268055   -0.0007759957724     -0.02388827304
 "BPM.19R6.B2"              20718.56764        171.0823075       -2.367674037        33.99957653       0.5357874856        48.23976932        46.76509479        2.238090067      0.01107719023      0.03053815391   -0.0005510103825    1.966393158e-06      1.0753795e-05       -70.64948901        5.410482067                 -0                 -0                 -0                 -0                 -0        39.10606346        94.10328193        96.10311751         91.2348579       -9.861516231       -20.63173628 "MONITOR"                            0                  0     0.002912939851      -0.8663666491    0.0007166895446     -0.02928616596
 "BPM.20R6.B2"              20772.01615        34.73229266       0.5383699368        170.6611868       -2.328533342         48.3513149        46.90047413        1.115683169    -0.005137388759        -0.01577397   -0.0002902066961    3.836566762e-07   -5.049726626e-06       -36.43507647         12.1130968                 -0                 -0                 -0                 -0                 -0        48.46015756        93.18519592        96.35334168         91.5084926       -10.15664127       -13.13801776 "MONITOR"                            0                  0     -0.05474192604       -1.099252004   -0.0006742691342     -0.02331851218
 "BPM.21R6.B2"              20825.46467        173.1574306       -2.340355603        32.12972602       0.5070599025        48.48361409        47.01751121        2.132565188     -0.01257062582      0.02899778074   -0.0001308077226   -9.389971514e-07     -1.2244349e-05       -46.29036037        2.301787173                 -0                 -0                 -0                 -0                 -0        49.63767139        91.47485002        96.62074268        91.73453944       -4.621490585       -5.953219499 "MONITOR"                            0                  0     0.006005612176       -1.032477179     0.000689373969     -0.02941269016
 "BPM.22R6.B2"              20878.91318        32.93209549       0.5302489009        172.0652424       -2.403901583         48.5979735        47.15740481        1.075377253     -0.03742921321     -0.01440171176   -0.0004841106476   -8.869017966e-07   -3.637697358e-05        2.681570017       -6.057901147                 -0                 -0                 -0                 -0                 -0        41.12653567        92.06481873        96.82309957        92.01140927       -3.555313994       -14.06765336 "MONITOR"                            0                  0     -0.06001408586       -1.250839764   -0.0007463267366     -0.02448085466
 "BPM.23R6.B2"               20932.3617        172.7108308       -2.388710972        32.07734495       0.5151436163         48.7353425        47.27393471         2.13449599     -0.01005766274      0.02974223424    0.0005669507377   -2.003755826e-06    -9.75883443e-06        61.03633491       -5.381906979                 -0                 -0                 -0                 -0                 -0        39.97848923        94.06353262        97.09407556        92.25194816       -8.513908562       -20.70486678 "MONITOR"                            0                  0     0.004995480491      -0.9625430677    0.0006923730885     -0.02643611633
 "BPM.24R6.B2"              20985.81022        32.87422402       0.5274339332        172.3037156       -2.409112978        48.84997107        47.41389648        1.077551423      0.00831040403     -0.01441040326    0.0003320155073   -3.812684768e-07    8.143764995e-06        31.12958469       -11.67029779                 -0                 -0                 -0                 -0                 -0        48.49985163        93.69265809        97.35034342        92.53483752       -9.008589315         -11.945939 "MONITOR"                            0                  0     -0.05468352065       -1.192885087   -0.0006572889853      -0.0241157156
 "BPM.25R6.B2"              21039.25873        173.0795967       -2.395257343        32.14204949        0.517360307        48.98730515        47.53018344         2.13924137      0.01337228824      0.02979348493    8.176831802e-05    9.841805293e-07    1.302483205e-05        36.25283298        -1.87661138                 -0                 -0                 -0                 -0                 -0        49.81318182        91.25693443        97.62736522        92.76023327       -3.299247224       -5.993692037 "MONITOR"                            0                  0     0.007786020907       -1.113999196    0.0006614347002     -0.02592643704
 "BPM.26R6.B2"              21092.70725        32.93001922        0.530257187        172.0403563       -2.403673057        49.10166681        47.67009866        1.078384236      0.03676933472     -0.01449042938    0.0004577472774    8.958224069e-07      3.5728145e-05        -7.77955088         6.98847424                 -0                 -0                 -0                 -0                 -0        40.93894772        91.58284132        97.83100821        93.03699233       -2.445383093       -15.26467396 "MONITOR"                            0                  0     -0.05912132799       -1.315564165   -0.0007148957116     -0.02494644843
 "BPM.27R6.B2"              21146.15576        172.7052165       -2.388699266        32.08042761       0.5150404123         49.2390445        47.78663183        2.136663982     0.008995586048      0.02973053347   -0.0005734489134    1.980370776e-06     8.72099515e-06       -70.52281767        5.535621392                 -0                 -0                 -0                 -0                 -0        39.74499825        94.25937951        98.10219804        93.27694815       -7.436803199        -20.6555899 "MONITOR"                            0                  0     0.006404859654       -1.036128843    0.0006631940252     -0.02364413734
 "BPM.28R6.B2"              21199.60428        32.87549514       0.5274171184        172.3270727       -2.409317559        49.35367259        47.92657146        1.076180044     -0.01123090835     -0.01447965095   -0.0003683742603    3.600042889e-07   -1.099069584e-05       -35.33094132        11.12586451                 -0                 -0                 -0                 -0                 -0        48.61531094        94.15823837        98.35706771        93.55986013       -7.717522418       -10.85479026 "MONITOR"                            0                  0     -0.05356941967       -1.270682356   -0.0006247197649     -0.02481416546
 "BPM.29R6.B2"               21253.0528        173.0851402       -2.395291056        32.13850983        0.517451229        49.49100018        48.04285664        2.131969666     -0.01408685759      0.02968077257   -3.622179594e-05    -1.03135953e-06   -1.371975833e-05       -43.23900892         1.43766836                 -0                 -0                 -0                 -0                 -0        49.95969448        91.08809549        98.63389538        93.78602491        -1.98017947       -6.219814057 "MONITOR"                            0                  0     0.009205004912       -1.194975276    0.0006200279174     -0.02236837576
 "BPM.30R6.B2"              21306.50131         32.9289416       0.5302768609        172.0188172       -2.403507242        49.60536187        48.18279443        1.075399288     -0.03582634379     -0.01439968892     -0.00042744226   -9.043235524e-07   -3.485238045e-05        8.004803875       -7.828764581                 -0                 -0                 -0                 -0                 -0        50.26884605        89.17805752        98.86882517        94.06471374       -2.167682829       -16.25659521 "MONITOR"                            0                  0     -0.05788620258       -1.371365984   -0.0006766721454     -0.02527340426
 "BPM.31R6.B2"              21359.94983        172.6999163       -2.388666891        32.08454593       0.5149637558        49.74274566        48.29932758        2.134665163    -0.007844011433      0.02974502897     0.000575908395   -1.957512067e-06    -7.62785999e-06         76.4529918       -5.620415971                 -0                 -0                 -0                 -0                 -0        48.88687686        92.50127852        99.14171218        94.30390968       -8.380050491        -20.0699459 "MONITOR"                            0                  0     0.007713309228        -1.10205116    0.0006292921624     -0.02072697525
 "BPM.32R6.B2"              21413.39834        32.87743218       0.5274088167        172.3465071       -2.409435637        49.85737183        48.43924391        1.077629297      0.01413509069     -0.01441235756    0.0004028618343   -3.396268298e-07     1.37675391e-05        35.36355049       -10.44930536                 -0                 -0                 -0                 -0                 -0        59.04968882        92.69723464        99.38583158        94.58682136       -7.595067177       -9.644686946 "MONITOR"                            0                  0     -0.05220135272       -1.334295803   -0.0005892681327     -0.02528896449
 "BPM.33R6.B2"              21466.84686        173.0900723       -2.395293797        32.13411705       0.5175098115        49.99469119        48.55553075        2.139316965      0.01471466768       0.0297935467   -1.061201386e-05    1.075602581e-06    1.432749315e-05        33.20418713      -0.9872657135                 -0                 -0                 -0                 -0                 -0        60.49437012        89.02250615        99.66160358        94.81385447      -0.6681140689       -6.626093211 "MONITOR"                            0                  0      0.01059035892       -1.268417459    0.0005805872808     -0.01907266809
 "BPM.34R6.B2"              21520.29538        32.92692868       0.5302814166         172.001356       -2.403421697        50.10905516        48.69549143        1.078363556      0.03465113467     -0.01449233071    0.0003943717287    9.120268788e-07    3.375542523e-05       -9.406468741        8.607674215                 -0                 -0                 -0                 -0                 -0        61.12091896        87.03292403        99.89526909        95.09318032       -1.943736222       -17.14133371 "MONITOR"                            0                  0     -0.05656299924       -1.428727826   -0.0006398160736     -0.02560975219
 "BPM.33L7.B2"              21573.74389        172.6951481       -2.388664172         32.0890117       0.5149216834          50.246447        48.81202168         2.13650549     0.006641331838      0.02972791643    -0.000574640884    1.931422401e-06    6.486213543e-06       -72.25987563         5.66790156                 -0                 -0                 -0                 -0                 -0        59.65778269        90.93049326        100.1691402        95.33139769       -9.318458002       -19.30035449 "MONITOR"                            0                  0     0.009131597807       -1.172724448    0.0005950655459     -0.01774096511
 "BPM.32L7.B2"              21627.19241         32.8790099       0.5274003515        172.3616102       -2.409489278        50.36107172        48.95191628         1.07611379     -0.01696306694     -0.01447768273   -0.0004350479009    3.178287076e-07   -1.645732423e-05       -31.13229617        9.697637972                 -0                 -0                 -0                 -0                 -0        59.00262326        92.94242178        100.3933654         95.6113802       -8.246061994       -8.393295284 "MONITOR"                            0                  0     -0.05083525349       -1.405999658   -0.0005534491218     -0.02584807181
 "BPM.31L7.B2"              21680.64092        173.0948059       -2.395308206        32.12927677       0.5175354298         50.4983842        49.06820768          2.1319224     -0.01525680449      0.02968103936     5.75065749e-05   -1.121762037e-06   -1.484436565e-05       -26.22469742       0.5225751994                 -0                 -0                 -0                 -0                 -0        60.46725827         88.8199266        100.6689475        95.83950347       -1.381440498       -6.853909875 "MONITOR"                            0                  0      0.01193486437       -1.341187914    0.0005357149914     -0.01536527863
 "BPM.30L7.B2"              21734.08944        32.92559525       0.5302933992        171.9885932       -2.403409877        50.61274905        49.20818992        1.075433992     -0.03332077907     -0.01439808172   -0.0003599719838   -9.194695045e-07   -3.244407594e-05         10.3626888       -9.404371122                 -0                 -0                 -0                 -0                 -0        49.91193495        88.27944688         100.885713        96.11638498       -2.119569141       -17.86948621 "MONITOR"                            0                  0     -0.05491787992       -1.476038232   -0.0005965255486     -0.02579048609
 "BPM.29L7.B2"              21787.53795        172.6905758       -2.388649007        32.09432508       0.5149113558        50.75014733        49.32471385         2.13484115    -0.005431140401      0.02974773087     0.000570384533   -1.905797988e-06   -5.303449337e-06        64.63195234       -5.715014334                 -0                 -0                 -0                 -0                 -0        48.47290202        92.53801093        101.1590872         96.3534785       -8.229943143       -18.71688891 "MONITOR"                            0                  0      0.01043983647       -1.234796623    0.0005570488478     -0.01469202898
 "BPM.28L7.B2"              21840.98647        32.88046427       0.5273911785        172.3724914       -2.409460932        50.86477081        49.46458648        1.077693455      0.01961933648     -0.01441471694    0.0004638425398   -2.968109734e-07    1.904230508e-05        30.31129656       -8.943792727                 -0                 -0                 -0                 -0                 -0        47.94046835        94.53831935         101.382057        96.63295151       -7.720013355        -7.44343754 "MONITOR"                            0                  0     -0.04925569604       -1.462944695   -0.0005158546448     -0.02617214172
 "BPM.27L7.B2"              21894.43499        173.0989445       -2.395314932        32.12385075       0.5175315225        51.00207681        49.58088533        2.139336194      0.01569459271      0.02979278884   -0.0001028867205    1.164763431e-06    1.526688957e-05        29.66523216     -0.06201543534                 -0                 -0                 -0                 -0                 -0        49.37457834        90.09196066        101.6581992        96.86215984       -2.103697908        -7.23613977 "MONITOR"                            0                  0      0.01322772824       -1.404985601    0.0004937386734     -0.01197124029
 "BPM.26L7.B2"               21947.8835         32.9236135       0.5302928317        171.9801554       -2.403475212        51.11644425        49.72088867        1.078315155      0.03177454933     -0.01449362764    0.0003232470067    9.262666166e-07    3.092684405e-05       -10.85198191        10.13197217                 -0                 -0                 -0                 -0                 -0        39.18061878        89.32481683        101.8686321        97.13927501       -2.252669456       -18.49914491 "MONITOR"                            0                  0     -0.05321367446       -1.523037046   -0.0005556177922     -0.02594780999
 "BPM.25L7.B2"              22001.33202        172.6868376       -2.388658797         32.0997436       0.5149341464        51.25384994        49.83740382        2.136314851     0.004185637207      0.02972517934   -0.0005624361339    1.878319958e-06     4.08697526e-06       -73.61435366        5.725277823                 -0                 -0                 -0                 -0                 -0        37.80162749        93.87618355        102.1409499        97.37525357       -7.125364721       -17.99295729 "MONITOR"                            0                  0      0.01177298692       -1.296305251    0.0005187719997     -0.01159803877
 "BPM.24L7.B2"              22054.78053        32.88202285       0.5273886175        172.3782731       -2.409364251        51.36847159        49.97725707        1.076039731     -0.02214307006     -0.01447523802   -0.0004895178867     2.75005764e-07   -2.150665533e-05       -34.44063149         8.14813579                 -0                 -0                 -0                 -0                 -0         48.0120011        94.80228571        102.3887018        97.65757321       -6.404717643       -6.756743257 "MONITOR"                            0                  0     -0.04753224176       -1.523386817   -0.0004762273845      -0.0265365559
 "BPM.23L7.B2"              22108.22905         173.102631       -2.395317008        32.11818923       0.5174916234        51.50577138        50.09356622        2.131883551     -0.01602715533      0.02968160041    0.0001475568393   -1.209654582e-06   -1.559258147e-05       -36.57725725      -0.3934651295                 -0                 -0                 -0                 -0                 -0        49.46535398        90.10987292         102.664638        97.88805428      -0.8141098445       -8.102545289 "MONITOR"                            0                  0      0.01446373241       -1.466969315    0.0004453841608    -0.008195962171
 "BPM.22L7.B2"              22161.67757        32.92256669       0.5303026393        171.9769148       -2.403610878        51.62013948        50.23358818        1.075476088     -0.03001594932     -0.01439651413   -0.0002843665507   -9.327963669e-07   -2.921315927e-05        7.288367539       -10.79063148                 -0                 -0                 -0                 -0                 -0        39.08687863        89.09412852         102.876863        98.16547633       -1.174406969       -19.19842537 "MONITOR"                            0                  0     -0.05117015067       -1.559469706   -0.0005080966051     -0.02595275427
 "BPM.21L7.B2"              22215.12608        172.6830962       -2.388645336        32.10572764        0.514987993        51.75755034        50.35009156        2.135032749    -0.002912835617      0.02975059716    0.0005507153757   -1.850641915e-06    -2.84458682e-06        65.87528102       -5.698624558                 -0                 -0                 -0                 -0                 -0        37.67636999        93.84565647        103.1494886        98.40013526       -6.019985564       -17.14683564 "MONITOR"                            0                  0      0.01302749371       -1.351128385    0.0004772379784    -0.008483511724
 "BPM.20L7.B2"               22268.5746         34.7485066       0.5479957667        170.6916482       -2.387025344        51.86844203        50.49083144        1.111953278       0.0245705761     -0.01377018461    0.0005129347139   -2.831164722e-07    2.387714728e-05        30.92659381       -7.195095957                 -0                 -0                 -0                 -0                 -0        48.19455685        94.96712157        103.3882178        98.68389973       -5.218158315       -6.191516747 "MONITOR"                            0                  0     -0.04414233505       -1.627920292    -0.000414173707     -0.02737857451
 "BPM.19L7.B2"              22322.02311        171.5417191       -2.318954001        34.03582687       0.5298401834        52.00152201        50.60381265        2.238438687      0.01669852296      0.03105166237   -0.0001838477557    1.152922568e-06    1.624899384e-05        29.45470507        0.779983202                 -0                 -0                 -0                 -0                 -0        49.51376301        89.88664229        103.6562608        98.90887633       0.2824987155       -8.885735015 "MONITOR"                            0                  0      0.01626905637       -1.591169444      0.00035838309    -0.002131747948
 "BPM.18L7.B2"              22375.47163        32.90621941       0.5204837048        171.7445836       -2.341432532        52.11659174        50.73852424        1.141091744      0.02926216073     -0.01530778379    0.0002583967871    9.262337546e-07    2.847718421e-05       -11.30732121        11.01784673                 -0                 -0                 -0                 -0                 -0        38.99241255        88.85376052        103.8664584        99.17529642       0.2074193712       -19.42481822 "MONITOR"                            0                  0     -0.04883224808        -1.60045896   -0.0004435699517     -0.02548676088
 "BPM.17L7.B2"              22428.92015        172.4813087       -2.386034378        32.09045306       0.5129249781        52.25411209        50.85519455        2.220071671     0.002394349743      0.03019806462   -0.0005450427297    1.875193917e-06    2.338638337e-06       -74.71628866        5.675670828                 -0                 -0                 -0                 -0                 -0        37.65681698        93.97917479        104.1387059        99.41003575       -4.651777405       -16.77375339 "MONITOR"                            0                  0      0.01418459579       -1.401933572    0.0004363730889    -0.005339706286
 "BPM.16L7.B2"              22482.36866        34.74679351       0.5467909799        171.0128856       -2.391629054        52.36508489        50.99579828        1.104968453     -0.02548113678     -0.01561103432   -0.0005209948877    3.029813595e-07   -2.476393588e-05       -36.08946309        6.856037012                 -0                 -0                 -0                 -0                 -0        48.29367154        95.16278257        104.3807725        99.69354868       -4.078369212       -6.017439959 "MONITOR"                            0                  0     -0.04219333817       -1.668754502   -0.0003727404669     -0.02744603628
 "BPM.15L7.B2"              22535.81718        171.7438991       -2.321620337        34.04913587       0.5318875302        52.49806569        51.10862449        2.116260239     -0.01677468229      0.02887851977    0.0002007759924   -1.113513088e-06   -1.632185212e-05       -40.40580573      -0.9587752608                 -0                 -0                 -0                 -0                 -0        49.59443028        90.13715186        104.6487632        99.91880066        1.461567434       -9.277348766 "MONITOR"                            0                  0      0.01734932948        -1.63864047    0.0003135275715     0.001206240725
 "BPM.14L7.B2"              22589.26569        32.90932465       0.5217093608        171.4227897       -2.336880981        52.61304606        51.24346954        1.075051544     -0.02847165318     -0.01407977343   -0.0002421952127   -9.198745995e-07   -2.770607469e-05        5.887615126       -11.23825247                 -0                 -0                 -0                 -0                 -0        39.92484779        88.97622868         104.858821        100.1858651        1.585005874       -19.64002925 "MONITOR"                            0                  0     -0.04670482662        -1.63001959    -0.000398999757     -0.02539330174
 "BPM.13L7.B2"              22642.71421        172.2783564       -2.383321318         32.0792564       0.5108938607        52.75066759        51.36029961        2.132401104    -0.001874926594       0.0297038869    0.0005387902831   -1.899791043e-06   -1.830447595e-06        65.30765717       -5.649383318                 -0                 -0                 -0                 -0                 -0        38.58765815        93.79307923        105.1313301        100.4201353       -3.385716059       -16.39563582 "MONITOR"                            0                  0       0.0152470721       -1.444798604    0.0003935478299     -0.00225260838
 "BPM.12L7.B2"              22696.16273        34.01175468       0.5377914407        171.9890422       -2.404707956        52.86314605         51.5004043        1.097300801      0.02635072445     -0.01399412626    0.0005282659493   -3.113658353e-07    2.561670336e-05        31.42102473       -6.548354695                 -0                 -0                 -0                 -0                 -0        48.51812278        95.08954838        105.3766415        100.7024026       -2.979023646       -5.918950495 "MONITOR"                            0                  0     -0.04072543596       -1.677842614   -0.0003395801199     -0.02710799333
 "BPM.11L7.B2"              22749.61124          174.93037        -2.38532446        30.89275444       0.4993273442        52.99646305        51.61967974        2.224328836      0.01607793053      0.03105037819   -0.0002315156013    1.103048779e-06     1.56454591e-05        32.73474992        1.294749153                 -0                 -0                 -0                 -0                 -0         49.8753761        90.15629342        105.6454235        100.9411865        2.610576223       -10.22915212 "MONITOR"                            0                  0      0.01843417437       -1.632987915    0.0002774204512     0.004480470927
 "BPM.10L7.B2"              22802.39195         29.9551664       0.5121910454        172.1960803       -2.454272732        53.11554405        51.76032285       0.8746068023      0.02572129196     -0.02157126423     0.000204317659    8.818860446e-07    2.502920251e-05       -9.991813743        11.94543206                 -0                 -0                 -0                 -0                 -0        40.34152094        88.46962754        105.8643211        101.2204616        2.704046989       -20.09417475 "MONITOR"                            0                  0     -0.04455520963       -1.600565271   -0.0003618630076     -0.02500053634
 "BPM.9L7.B2"               22841.45696        108.2341295       -1.848341998         57.7841447        1.064761797        53.24586526         51.8200988        1.025000434      0.00794090965      0.01129778734   -0.0005011971513    1.532560932e-06    7.699324984e-06       -57.10960289        7.709344007                 -0                 -0                 -0                 -0                 -0        38.88756752        87.66340418        106.1267167        101.3381588       -2.050938581       -19.21802531 "MONITOR"                            0                  0      0.01105826808       -1.311308742    0.0003751225176      0.00387197633
 "BPM.8L7.B2"               22881.91997        21.71982855       0.3670873817        178.2855915       -2.436092806        53.37953963        51.89322944       0.2470038513    -0.003459670388       -0.016182856   -0.0002631726828    1.708115149e-07   -3.459105254e-06       -25.29445434        12.66553816                 -0                 -0                 -0                 -0                 -0        38.82937807        88.55487519        106.3864144        101.4862265       -2.016311833       -14.01321485 "MONITOR"                            0                  0      -0.0672784773      -0.6238520596    -0.000865741461     -0.01597558704
 "BPM.7L7.B2"               22920.98398        112.5863594       -2.234500886        66.20627662        1.085348004        53.53687484        51.94831259     -0.02218693512    -0.009934590682   -0.0005786450553   -0.0001595393088   -1.248334173e-06   -9.731868901e-06       -9.933286966        6.235416167                 -0                 -0                 -0                 -0                 -0        40.52737598         87.6881017        106.6967024        101.5978674        2.887675332       -9.477974789 "MONITOR"                            0                  0     -0.02246456572       0.2785457665    0.0009263440279     -0.03528880866
 "BPMR.6L7.B2"              22955.80198        53.06923823       0.6979322165        157.3141933       -2.051199182        53.60458351        52.00873729     -0.01828703117     -0.02640045717    0.0001754710285   -0.0005026104841    -1.14546286e-06    -2.58003221e-05        11.24790152        5.818468305                 -0                 -0                 -0                 -0                 -0        40.73287204        88.38862993        106.8352852        101.7175612        2.552118979       -6.703352148 "MONITOR"                            0                  0      -0.0341211799       0.3586126859   -0.0006821562955    -0.008501718097
 "BPMWC.6L7.B2"             22967.98048        55.13842438       -0.676881899          157.66131         1.40522232        53.64269308        52.02041568     -0.01894247421     -0.02818551919   -0.0002143388609    0.0001057060218    -1.24339619e-06   -2.753400284e-05        21.13595169        4.972043445                 -0                 -0                 -0                 -0                 -0        40.55029677        88.43763407        106.9120408          101.74093        1.435930742        -6.58028377 "MONITOR"                            0                  0     -0.04548281219       0.7108235713    0.0004580318314     -0.01891480176
 "BPMWE.5L7.B2"             23045.03448        316.4673427       -2.714621703        53.12652909     -0.04858172513        53.74181553        52.17970631     -0.02045669501     -0.02004843086   -0.0002143388609    0.0001057070735   -2.657244083e-06   -1.949823755e-05        94.55619148       -4.237438842                 -0                 -0                 -0                 -0                 -0        38.54271603        88.84529577        107.1088529        102.0619298       -2.358313094       -16.40432986 "MONITOR"                            0                  0      -0.0101895549       0.0385077519    0.0004580331805     -0.05420809721
 "BPMW.5L7.B2"              23068.23948        308.4502836         4.04602727        92.92787632       -2.143844694        53.75259696         52.2384985     -0.02097165961     -0.02157857393    0.0002402446903   -0.0003073700084   -2.523353164e-06   -2.095012021e-05         96.1342967       -8.155936621                 -0                 -0                 -0                 -0                 -0        38.33996489        88.47432377        107.1293703        102.1804001       -2.671518221       -20.15707829 "MONITOR"                            0                  0     -0.02633108142       -1.052607193    -0.001074300156     -0.06325355952
 "BPMWE.4L7.B2"             23103.32448        93.86174232        2.070220164        317.4890848       -4.256645785        53.78565152        52.27123796     -0.01254401375     -0.03235222975    0.0002402446903   -0.0003073700084   -1.184262623e-06   -3.137102742e-05        56.18856978       -16.84224991                 -0                 -0                 -0                 -0                 -0        37.74891569        86.56359215        107.1875467        102.2475072       -3.388611814       -20.83484826 "MONITOR"                            0                  0     -0.06402290239       -1.025614798    -0.001074300156     -0.02556173855
 "BPMW.4L7.B2"              23131.42948        45.89880572      -0.0169816637         375.360812        2.514609319        53.86196409         52.2832524    -0.008886572989     -0.03178766852    3.865190957e-05    0.0003359021621   -3.699788894e-07   -3.079600508e-05         37.9152587       -18.83651591                 -0                 -0                 -0                 -0                 -0          37.908243        86.31668154        107.3366582        102.2718504         -3.2624099        -20.7830142 "MONITOR"                            0                  0     -0.06562232092       0.4433806312    0.0004313963027     -0.01106317651
 "BPMW.4R7.B2"              23247.47648        343.3290426       -2.546033639        54.47336153       0.2505414429        54.04969691        52.43394138    -0.004403858619     0.007154881176    3.865190957e-05    0.0003359021621    2.353794905e-06     7.09241921e-06        8.575022667       -6.156612347                 -0                 -0                 -0                 -0                 -0         40.1312495         84.4831287        107.7072434        102.5708413        2.195889925         -11.264399 "MONITOR"                            0                  0     -0.01556007419       0.9652321158    0.0004313963027     -0.06112542325
 "BPMWE.4R7.B2"             23275.58148        278.1125143        4.199866656        93.32622657       -1.886876496        54.06294208        52.50470073    -0.002118077054      0.01975126521      0.00011212964    0.0006106948405    2.265678333e-06    1.939334583e-05      -0.4377796336       -4.795986539                 -0                 -0                 -0                 -0                 -0        40.43195393        84.64957259        107.7347599        102.7112081        2.280265202       -7.680214591 "MONITOR"                            0                  0     -0.01673432742      -0.2334093167   -0.0009524178686     -0.04523765667
 "BPMW.5R7.B2"              23310.66648        65.90564704        1.848497808        285.8779783       -3.601273761        54.10466315        52.53915531     0.001816980294      0.04115654782      0.00011212964    0.0006106948405    1.276751783e-06    4.033916877e-05       -12.58170672       -4.944296615                 -0                 -0                 -0                 -0                 -0        42.43681499        85.93401075        107.8229796         102.778002        1.918707491       -7.620931973 "MONITOR"                            0                  0     -0.05014990834     -0.06106296701   -0.0009524178686     -0.01182207576
 "BPMWE.5R7.B2"             23333.87148        31.98323405     -0.01500894121        286.4057027        2.589888641        54.19781268        52.55093214     0.005191951968       0.0430318744    0.0001757278369     -0.00030780995    9.347324756e-07    4.214521984e-05        -25.0358242       -3.695380362                 -0                 -0                 -0                 -0                 -0        42.94620993        86.20489816        108.0121544        102.8014272       -1.446851276       -7.881811043 "MONITOR"                            0                  0      -0.0621675186          1.0608343    0.0004351304374      -0.0160263731
 "BPM.6R7.B2"               23413.01098        230.2261848       -2.489972149        45.02706481       0.4601495052        54.38464374        52.67364927     0.004099392349      0.01869588729    0.0001757278369    -0.000307811134     4.75561611e-07    1.816475016e-05       -80.16883333         3.70466417                 -0                 -0                 -0                 -0                 -0         43.1276662        88.15854712        108.3947184         103.048327       -3.491355638       -16.65383504 "MONITOR"                            0                  0     -0.02773145206        1.987167738    0.0004351321678      -0.0504625275
 "BPM_A.7R7.B2"             23451.04698         73.7897687        1.803368057        134.1759009       -2.051070212        54.42667221        52.76503442     0.006710908444       0.0221664769     5.18328632e-05    0.0001514742066   -1.124674501e-07    2.137240401e-05       -38.01868778        10.89983368                 -0                 -0                 -0                 -0                 -0        41.54723383        87.40557229        108.4816286        103.2328454        -1.90987317       -21.57999135 "MONITOR"                            0                  0      0.01034945898        1.436473059   -0.0003163614337     0.007756335898
 "BPM.8R7.B2"               23490.11099        95.25251576      -0.6970797221        55.68329054       0.7198838789          54.509201        52.83466463        0.180141606     0.006088740465      0.01043923615   -0.0004506240332   -9.260338817e-07    5.732100885e-06       -18.94962768        7.765340714                 -0                 -0                 -0                 -0                 -0        41.58685985        86.96392987         108.644777        103.3706048        1.028125751       -19.77459288 "MONITOR"                            0                  0     -0.02084148131        1.108163742    0.0002429629201     -0.03857503919
 "BPM.9R7.B2"                 23529.176        18.78223911       0.1213892583         162.033657        -2.13817235        54.67330826        52.90739024       0.5366234982    -0.006252259632      0.01469631268    -0.000306581085    -7.31291754e-07   -6.460015914e-06        16.05746338        11.90549236                 -0                 -0                 -0                 -0                 -0         41.7432702        87.98753276        108.9804372        103.5172215       -1.332672459       -14.09488675 "MONITOR"                            0                  0     -0.01107110698        1.172540798   -0.0005800484174      0.01313438463
 "BPM.10R7.B2"              23569.63902        157.6984933       -3.142966594        46.00940538       0.9161823333        54.81868241        52.97969866        1.897236672     -0.01148023546      0.04075795566   -0.0001174031143   -1.200089655e-06   -1.134847716e-05        71.97789147        4.334911946                 -0                 -0                 -0                 -0                 -0        39.88943078        87.15243058        109.2787312        103.6640831       -5.081014193       -9.024384642 "MONITOR"                            0                  0     -0.03633186694        1.905609132    0.0002748960429     -0.02913592694
 "BPM.11R7.B2"              23622.41973        33.62693495       0.5075534708        180.8303995       -2.222120378        54.93327144        53.08868544        1.104555735     -0.03756445682     -0.01425976763    -0.000517488258    1.163609429e-07   -3.672685574e-05        26.53986796      -0.3211174982                 -0                 -0                 -0                 -0                 -0        38.32736038        86.89784463        109.5040146        103.8792316        -2.03563752       -10.35229698 "MONITOR"                            0                  0       0.0371525031        1.827104917    0.0002101904185      0.02472938418
 "BPM.12R7.B2"              23677.14324        174.2527836       -2.329662141        30.98523726       0.4888075656        55.06995533        53.20955553        2.149137111     -0.01399492988      0.02889881757     0.000474744334    1.847107747e-06   -1.370579906e-05        5.742700086       -3.937220214                 -0                 -0                 -0                 -0                 -0        40.72761617        78.47646497        109.7841884        104.1489794       0.6043601471        -18.8547211 "MONITOR"                            0                  0      -0.0191307274        1.670287327   -0.0001918708883     -0.01151122348
 "BPM.13R7.B2"              23730.59176        32.86131536       0.5355646822        172.7198317       -2.449191327         55.1840395        53.35261439        1.078482764    -0.006080133367     -0.01467311893    0.0001302915562    9.594892313e-07   -6.019039965e-06       -20.89701288       -13.09609055                 -0                 -0                 -0                 -0                 -0        30.35695126        77.27389741        110.0349877        104.4375616       -2.227486317       -16.52137919 "MONITOR"                            0                  0      0.03504234021        1.687537291    0.0001976165353      0.02492674533
 "BPM.14R7.B2"              23784.04027        172.6998445         -2.3910284        32.18965149       0.5206788135        55.32164024        53.46860401        2.137536792     0.008284740343      0.02974783331    0.0002867295851    1.218239429e-06    0.0005282038884       -79.50611569       -3.783532937                 -0                 -0                 -0                 -0                 -0         28.1292376        82.96159204        110.3048778        104.6392083       -4.226012311       -7.859036744 "MONITOR"                            0                  0      -0.0205042384        1.642249136   -0.0001885826089      -0.0112709769
 "BPM.15R7.B2"              23837.48879        34.82230634       0.5489113252        169.8815309       -2.373966658        55.43238215        53.60955051        1.110957351       0.0368508904     -0.01383915351    0.0005767219035     1.84997039e-07     0.001890476232       -30.28694907        2.004958071                 -0                 -0                 -0                 -0                 -0        38.56528393        84.33517762        110.5030907        104.9192037       -1.199514026       -10.00587434 "MONITOR"                            0                  0      0.03036880079        1.889423617    0.0001398135885      0.02762784115
 "BPM.16R7.B2"              23890.93731        171.5445576       -2.317197335         33.9489047       0.5237263694        55.56529607        53.72305508        2.231787362     0.006571367398      0.03094334531   -0.0006492125015   -9.120311922e-06     0.001257150687       -12.98420462        4.543265811                 -0                 -0                 -0                 -0                 -0         40.6564227        79.69169967        110.7758914        105.1773594         1.49876523       -17.68018237 "MONITOR"                            0                  0     -0.01463521543         1.46806161    0.0001314981004     -0.02942748445
 "BPM.17R7.B2"              23944.38582        32.84904474       0.5198706177        172.6092161       -2.355126993        55.68048304        53.85754092        1.138034242     -0.01787818688     -0.01523075236   -0.0004244796893   -4.978374903e-06     0.002229386864        16.93975986        13.33604599                 -0                 -0                 -0                 -0                 -0        29.68639719        78.22211769        111.0268522        105.4489035       -1.202565849       -14.30929004 "MONITOR"                            0                  0      0.02065658832       0.8349389306   -5.865935202e-05       0.0119562845
 "BPM.18R7.B2"              23997.83434        172.4836734       -2.388002341        32.16798398       0.5187917033        55.81817657        53.97369145        2.217347952     -0.02419604224      0.03020029501   -0.0001463009245   -1.772751707e-05    0.0003833301019        73.67983279        3.630576663                 -0                 -0                 -0                 -0                 -0        27.44599555        83.24745603        111.2952985        105.6487511       -3.334247983        -5.69691424 "MONITOR"                            0                  0     -0.00910363935       0.8052014742   -0.0001360610919    -0.002317988823
 "BPM.19R7.B2"              24051.28285        34.81708277       0.5475492205        170.1558928       -2.378181005        55.92901386        54.11454777        1.106065078      -0.0634013706     -0.01553547552   -0.0007971104015   -7.051336793e-06    -0.001225815154        27.14253486       -2.905232625                 -0                 -0                 -0                 -0                 -0         38.5540711        84.63902053        111.4956157        105.9284218      -0.4270239341         -8.4476844 "MONITOR"                            0                  0      0.01965963055       0.8692237408    0.0001430028948      0.01328730076
 "BPM.20R7.B2"              24104.73137        171.7623619       -2.319712185        33.97970197       0.5261322989        56.06179993        54.22785148        2.122802009     -0.01082963397      0.02898157056     0.001090050949   -7.821448948e-06    -0.001040107837        9.076847944       -4.466066486                 -0                 -0                 -0                 -0                 -0        40.55702543        80.98449017        111.7684261        106.1860511        2.431682708       -16.04117563 "MONITOR"                            0                  0     -0.01547183085        1.123089319   -0.0002441002878     0.002261800324
 "BPM.21R7.B2"              24158.17989        32.84012317       0.5209392165        172.2572719       -2.349755875        56.17692352        54.36244557         1.07794936      0.03406003263     -0.01415716582    0.0008013852336    2.094850574e-06    -0.002171586603       -19.62648663       -12.01912935                 -0                 -0                 -0                 -0                 -0        29.97659399        79.71132693        112.0155999        106.4579206      -0.1705753544       -12.11486402 "MONITOR"                            0                  0      0.02900418454        1.478047106    0.0002778787535      0.02092947022
 "BPM.22R7.B2"               24211.6284        172.2757276        -2.38511533        32.14447382       0.5169006989        56.31472212        54.47876294        2.135270399      0.03637733978      0.02970793062      4.5440984e-05    5.635704579e-06   -0.0003509514783       -78.42193885       -3.433155527                 -0                 -0                 -0                 -0                 -0        27.89658109        83.39641499        112.2844247        106.6597632       -2.523461303       -3.618665914 "MONITOR"                            0                  0     -0.02028457035        1.513092543   -0.0002065535195    -0.008672799871
 "BPM.23R7.B2"              24265.07692        32.94107458       0.5256858295        172.1226168       -2.404665186        56.42938549        54.61862572        1.075536563      0.08737322918     -0.01446370338     0.001035646842     5.35374233e-07     0.001287872792       -29.44437525        2.029993876                 -0                 -0                 -0                 -0                 -0        38.63473266        84.66665394        112.4960314        106.9371451       0.4157498147       -6.969353123 "MONITOR"                            0                  0      0.02830815223        1.864355116    0.0001516736117      0.02689032242
 "BPM.24R7.B2"              24318.52543        173.5071533       -2.398973985        32.07467526        0.515210689        56.56631848        54.73515341        2.130796138      0.01260654274      0.02966887732    -0.001541651554   -8.859084141e-06     0.001025826991        -11.9950074        3.991221325                 -0                 -0                 -0                 -0                 -0        40.62574014        81.99484178        112.7755915         107.200608        3.264735446       -14.53705933 "MONITOR"                            0                  0     -0.01486594501        1.413967522    0.0001664543796     -0.03208058733
 "BPM.25R7.B2"              24371.97395        32.87068288       0.5320771873        172.2845211        -2.40889849        56.68063104        54.87513016        1.075267998     -0.05545291408     -0.01437837398    -0.001236007517   -5.024343092e-06     0.002068401444        17.22197732        11.45329472                 -0                 -0                 -0                 -0                 -0        30.10124568        81.10902146        113.0238567        107.4836029       0.5657473652       -9.331914345 "MONITOR"                            0                  0      0.01577952992       0.8220982796   -0.0001282718531       0.0115571183
 "BPM.26R7.B2"              24425.42246        172.2798806       -2.385189586        32.14335524       0.5171067546        56.81841766        54.99143272        2.136108072     -0.04888737798      0.02977512449    0.0001539282092   -1.684663894e-05    0.0002692495059        73.65997211        2.973563116                 -0                 -0                 -0                 -0                 -0        27.96167612        82.21821064        113.2933562        107.6847814       -1.637160976        -1.42974782 "MONITOR"                            0                  0     -0.01122568786       0.8879692934    -7.25487692e-05    -0.006027468487
 "BPM.27R7.B2"              24478.87098        32.94611714       0.5257770425        172.0825253       -2.404165302        56.93306825        55.13131979        1.078640741      -0.1061550007     -0.01442230367    -0.001172088799   -6.128963264e-06    -0.001452538651        25.90493465       -2.997088439                 -0                 -0                 -0                 -0                 -0        38.52233349        83.28767483        113.5024423        107.9617752        1.401207083       -6.199139061 "MONITOR"                            0                  0       0.0189001731       0.9115122325    0.0001203993844      0.01296949617
 "BPM.28R7.B2"               24532.3195        173.4972782       -2.398317362        32.08237596       0.5154312062        57.06996683        55.24782309        2.140424105     -0.01171034604      0.02979534036     0.001940712813   -7.199151573e-06    -0.001047265823        5.173992755       -3.750668372                 -0                 -0                 -0                 -0                 -0        40.57059311        83.14841466        113.7817214        108.2258348         4.09906206       -13.07419108 "MONITOR"                            0                  0     -0.01659137228         1.13510336   -0.0002205949105   -0.0006758688142
 "BPM.29R7.B2"              24585.76801         32.8529098       0.5317156984        172.2593816        -2.40841788        57.18432677        55.38779693        1.078075473      0.08026194635     -0.01451975048     0.001688888186     1.63110093e-06    -0.001952785395       -20.94277388        -9.47813474                 -0                 -0                 -0                 -0                 -0        30.19557431        82.50126296        114.0322265        108.5090046        1.305589117       -6.507447641 "MONITOR"                            0                  0      0.02513431893        1.557200915    0.0002117378031       0.0218374518
 "BPM.30R7.B2"              24639.21653        172.3099338       -2.385690317        32.13929254       0.5173486327        57.32211777        55.50408952        2.134990585      0.06159972448      0.02970583182   -0.0004183788005    5.499816326e-06   -0.0001858195307       -78.87796962       -2.578145431                 -0                 -0                 -0                 -0                 -0        27.99591871        81.01280542         114.302373        108.7101884      -0.7375799643       0.6079734594 "MONITOR"                            0                  0     -0.02166288505        1.582307525   -9.155815156e-05       -0.016344413
 "BPM.31R7.B2"              24692.66504        32.94637454       0.5259579133           172.0375       -2.403722887         57.4367555        55.64401452          1.0755636       0.1217964755     -0.01445749908     0.001245960654    1.013273457e-06     0.001608226538       -24.79365677        1.852813393                 -0                 -0                 -0                 -0                 -0        26.21895329        79.60926646        114.5272115        108.9870347        1.566500685       -5.289188072 "MONITOR"                            0                  0      0.02370310172        1.814707144    5.450489522e-05      0.02522138215
 "BPM.32R7.B2"              24746.11356         173.467193       -2.398337897        32.08077981       0.5147404662        57.57369786        55.76056737        2.130835145     0.008962292617      0.02966846735    -0.002310822991   -9.252569428e-06     0.001062095671        5.096623675        3.017541762                 -0                 -0                 -0                 -0                 -0        28.44706926        82.07337931        114.8069007        109.2515496        2.913237787        -11.0980901 "MONITOR"                            0                  0     -0.01496390181        1.365824273      0.00023928752     -0.03600948922
 "BPM.33R7.B2"              24799.56208        32.86716046       0.5317999685         172.373595       -2.409852035        57.68803404        55.90047613        1.075222899      -0.1079032771     -0.01438002765    -0.002162847979   -5.834411839e-06     0.001824611465        22.99807844        8.281372663                 -0                 -0                 -0                 -0                 -0        19.47577838        81.70600741        115.0830321        109.5348891       0.8699610741       -3.497610828 "MONITOR"                            0                  0      0.01027662577       0.7496540201   -0.0002075508794     0.009810604695
 "BPM.34R7.B2"              24853.01059        172.3155476       -2.385721531        32.13737736        0.517577233        57.82580869        56.01675334        2.136276519     -0.07421963667       0.0297797262    0.0007419701116   -1.695872786e-05    0.0001012235583        74.06237443        2.211660813                 -0                 -0                 -0                 -0                 -0        17.08027526        77.60374219        115.3567022        109.7361887       0.1597824437        2.478337411 "MONITOR"                            0                  0     -0.01275911152       0.9089445355   -2.464053764e-05    -0.008362785772
 "BPM.33L8.B2"              24906.45911        32.94499735       0.5259743208        171.9955775       -2.403244078        57.94044706        56.15670751        1.078757038       -0.133461878      -0.0144236049    -0.001245888266   -5.308894503e-06    -0.001753460117        24.90488841       -1.759433694                 -0                 -0                 -0                 -0                 -0        15.16333656        75.98369619        115.5851281        110.0134207        1.680646606       -4.349699088 "MONITOR"                            0                  0      0.01597546337        0.979270242    8.070740504e-05      0.01302932475
 "BPM.32L8.B2"              24959.90762        173.4649763        -2.39790056        32.08894372       0.5150474366        58.07736385        56.27322957        2.140271696    -0.004025527401      0.02978983283     0.002641556246   -6.495754791e-06    -0.001070141957        1.629334056       -2.270647311                 -0                 -0                 -0                 -0                 -0        17.60639533        81.07344625        115.8607484        110.2777402        1.721192456       -8.952340007 "MONITOR"                            0                  0     -0.01828238747        1.198373978   -0.0001532295753     -0.00603997578
 "BPM.31L8.B2"              25013.35614        32.85235847       0.5315654973        172.3402012       -2.409215688        58.19173503        56.41313631        1.077828914       0.1422105889     -0.01452137044     0.002730191313    2.298377876e-07    -0.001685024546       -18.32264078        -5.76579834                 -0                 -0                 -0                 -0                 -0        19.53817886        82.95764927        116.0897133        110.5591211      -0.3451534582       -0.368924819 "MONITOR"                            0                  0      0.01907808677         1.70614796    9.274024129e-05      0.02370733169
 "BPM.30L8.B2"              25066.80466         172.341063       -2.386131727        32.13100628       0.5177030906        58.32951241        56.52941465        2.134671782      0.08897769052      0.02970473351    -0.001160212607     2.00759698e-06   -1.599353921e-05       -65.26422174       -1.944967521                 -0                 -0                 -0                 -0                 -0        17.13072147        76.42742687        116.3642944        110.7620288      -0.9590059577        4.539855993 "MONITOR"                            0                  0      -0.0253606982        1.819544132    5.679557625e-05     -0.02626622636
 "BPM.29L8.B2"              25120.25317        32.94719592       0.5261592333        171.9637622       -2.403028599        58.44413518        56.66940511        1.075634034       0.1453481267     -0.01444969296     0.001213275456    4.348762121e-07     0.001887742627       -23.01903315   -0.0007426553055                 -0                 -0                 -0                 -0                 -0        25.83448162        76.73025006         116.538132        111.0381894        1.403238063       -3.320538223 "MONITOR"                            0                  0      0.02314380994        1.844215765    -7.72423385e-06        0.024075098
 "BPM.28L8.B2"              25173.70169        173.4319506       -2.397904955        32.09122089       0.5143873206        58.58109731        56.78596903        2.131099248    -0.002507310389      0.02967160156    -0.003006183111   -9.523630892e-06     0.001071422063       -4.830084487        1.398272469                 -0                 -0                 -0                 -0                 -0        28.12320681        84.01719087        116.8170295        111.2998842        2.538895772       -6.992262199 "MONITOR"                            0                  0     -0.01491372609        1.305644862    0.0002712088981     -0.03931944083
 "BPM.27L8.B2"               25227.1502        32.86653538         0.53154467        172.4559317       -2.410634345        58.69545172        56.92580448        1.075253157      -0.1785939967     -0.01438484569     -0.00330243671   -6.586488553e-06     0.001534602168        19.51666588        4.817956956                 -0                 -0                 -0                 -0                 -0        29.98630337        85.98032471        117.0487993        111.5806952      -0.3840312588        2.523520025 "MONITOR"                            0                  0     0.004837596332       0.6893514105   -0.0002794274591     0.008201729677
 "BPM.26L8.B2"              25280.59872        172.3543343       -2.386208066        32.12863685       0.5179720121        58.83320474        57.04206537        2.136410642      -0.1031427699      0.02978230737     0.001631638426   -1.708799965e-05   -6.933440007e-05        73.78697126        1.981914566                 -0                 -0                 -0                 -0                 -0         27.6962036        77.38346769         117.320281        111.7864922       -2.073907542        6.435943565 "MONITOR"                            0                  0     -0.01419577415       0.9259817271    3.010582464e-05     -0.01126827325
 "BPM.25L8.B2"              25334.04723         32.9474489       0.5262184403        171.9106874       -2.402430336        58.94782301        57.18209321        1.078933218      -0.1525641644     -0.01442282325    -0.001102685697    -4.49655318e-06    -0.002009850411        23.99249084        1.134864829                 -0                 -0                 -0                 -0                 -0        37.56461298        77.42158845        117.5216019        112.0626444        1.172031977       -2.268639002 "MONITOR"                            0                  0      0.01268815666        1.021885261    3.483048383e-05      0.01265915318
 "BPM.24L8.B2"              25387.49575        173.4327292       -2.397381726         32.0977069       0.5146989707        59.08474845        57.29862859        2.140428097       0.0111738454      0.02978915892     0.003316403908   -5.756427299e-06    -0.001065871526       -1.615465187      -0.4069092273                 -0                 -0                 -0                 -0                 -0        39.75557728        86.75277245        117.7999792        112.3215288        3.356712639       -4.881927311 "MONITOR"                            0                  0      -0.0196132055         1.23227066   -8.499313253e-05     -0.01116824279
 "BPM.23L8.B2"              25440.94427        32.84927857        0.531296504        172.4116919       -2.409897607        59.19914197        57.43847196        1.077713842       0.2133903125     -0.01452671563     0.003801536278    6.054674194e-07    -0.001374556134       -23.18652317       -2.556471779                 -0                 -0                 -0                 -0                 -0        30.11277065        87.13733408        118.0570499        112.6046137       0.3609555479        5.227586717 "MONITOR"                            0                  0       0.0156980001        1.666100327    3.772391811e-05      0.02187498826
 "BPM.22L8.B2"              25494.39278        172.3815604       -2.386806989        32.12087509       0.5179373849        59.33691012        57.55474685        2.134313954        0.114245317      0.02970045515    -0.002128388433    4.748108017e-06    0.0001542363909       -78.88275824       -2.007324954                 -0                 -0                 -0                 -0                 -0        27.78281584        76.44136336        118.3292215        112.8133865       -1.158957031        7.838474004 "MONITOR"                            0                  0     -0.02335952782        1.648810766    0.0001475984683     -0.03153267554
 "BPM.21L8.B2"               25547.8413        32.95151847       0.5264566521        171.9069178       -2.402610792        59.45150677        57.69479893        1.075575852       0.1510004492     -0.01444355349    0.0008804122472    1.929112324e-06     0.002119411575       -26.61826387       -3.929430289                 -0                 -0                 -0                 -0                 -0        37.35755975        76.18284538         118.528169         113.089576        2.154974378       -1.347876799 "MONITOR"                            0                  0      0.01306756014        1.615833251   -0.0001498697373      0.02047203094
 "BPM.20L8.B2"              25601.28981        171.5369969       -2.372781294        34.02324954       0.5365361635        59.58943311        57.80734328        2.111364817     -0.01949488803      0.02929689316    -0.003441623188   -9.677737968e-06     0.001089458064       -1.115977893      -0.7767729033                 -0                 -0                 -0                 -0                 -0        39.53909089        87.50811921        118.8080216        113.3373842        4.154307742       -2.808706392 "MONITOR"                            0                  0     -0.01517701543        1.262600084    0.0003470136619     -0.04013846072
 "BPM.19L8.B2"              25654.73833        34.70974997       0.5408608844        170.5762642       -2.326687885         59.7008419        57.94270115        1.097497518      -0.2400223533      -0.0135633188    -0.004158048979   -7.440142778e-06     0.001311669103        21.00630157        1.725108417                 -0                 -0                 -0                 -0                 -0        30.39331758         87.8635154        119.0610791        113.6116674        1.148819347        7.299424054 "MONITOR"                            0                  0     0.002013741613       0.6469805681   -0.0003043525095     0.006692949107
 "BPM.18L8.B2"              25708.18685        172.6673321       -2.334711574        32.11026866       0.5062252071        59.83344945        58.05982367        2.217111337      -0.1259516341      0.03090552686     0.002446237648   -1.819147548e-05   -0.0001881040838        73.96585386        2.421113464                 -0                 -0                 -0                 -0                 -0        27.86290453         76.4634735        119.3214339        113.8229497      -0.3753354057        9.500310853 "MONITOR"                            0                  0     -0.01403326029       0.8678664888    6.394249503e-05     -0.01320724769
 "BPM.17L8.B2"              25761.63536        32.95483932       0.5276468574        172.1707157        -2.40588059        59.94795921        58.19971687        1.141277423      -0.1588322033     -0.01487477665   -0.0008230135004   -4.502675468e-06    -0.002160107683         23.7693936        6.139813648                 -0                 -0                 -0                 -0                 -0        38.17734621        76.16844275        119.5216525        114.0986617        2.923852779       0.1701742776 "MONITOR"                            0                  0     0.007736298021        1.001515047   -2.873558902e-05      0.01179283794
 "BPM.16L8.B2"              25815.08388        171.3643832       -2.369939949        34.02091627       0.5386208826        60.08593522        58.31212652        2.243737372      0.02595721427      0.03063659913      0.00372212222   -5.885654461e-06    -0.001083577298       -2.733356657        2.184096061                 -0                 -0                 -0                 -0                 -0        40.40303676         88.9243738        119.8026228         114.346397        5.120056729      -0.7907967423 "MONITOR"                            0                  0     -0.02096820155        1.284203093    -2.27460787e-05     -0.01448303487
 "BPM.15L8.B2"              25868.53239        34.68626856       0.5395069258        170.2225238       -2.322296395        60.19746209        58.44768524        1.118582446       0.2712160173     -0.01583352631      0.00463200546    3.269122179e-07    -0.001244508065       -23.93293022       0.6685846522                 -0                 -0                 -0                 -0                 -0        30.35987102         89.2894497         120.055659        114.6211248        2.151136535        9.571003315 "MONITOR"                            0                  0      0.01330789974        1.699107566   -2.833846959e-06      0.02128240517
 "BPM.14L8.B2"              25921.98091        172.8710984       -2.337789913        32.11317799       0.5044630783        60.33001018        58.56493152         2.13762114       0.1387567768       0.0290448833    -0.002848439213    4.699309359e-06   -0.0003998995436       -79.67869737       -2.674670664                 -0                 -0                 -0                 -0                 -0        27.83929945        77.04313992        120.3152393        114.8341398       0.5120097984        11.23417602 "MONITOR"                            0                  0     -0.02318974627        1.630462262    0.0002100435896     -0.03564212671
 "BPM.13L8.B2"              25975.42943        32.96612364       0.5289708868        172.4787616       -2.409772662        60.44441397        58.70464577        1.075890439       0.1655006041     -0.01449408408    0.0006906840369    2.303322998e-06   -1.932746311e-05       -27.72216617       -9.805820284                 -0                 -0                 -0                 -0                 -0        37.88220062        76.56308005        120.5175803        115.1096955        3.727491788        1.720253007 "MONITOR"                            0                  0       0.0093727773        1.486541316   -0.0002030878869      0.01753051901
 "BPM.12L8.B2"              26028.87794        167.2838171       -2.316545042        38.47469603       0.5819910052        60.58456272        58.80908994        2.068316278     -0.01873119744      0.02847545857    -0.003678094041    2.472663315e-06    1.180057969e-05       -2.989495729        -4.21862742                 -0                 -0                 -0                 -0                 -0        39.89101851        89.31735593        120.8022536        115.3387647        5.987533925       0.8291550333 "MONITOR"                            0                  0     -0.02460190478        1.677472572    0.0001387528325     -0.02834294702
 "BPM.11L8.B2"              26082.32646        32.68420904         0.49304908        175.6516413       -2.269980163          60.701867        58.93176105        1.035292976      -0.2555655908     -0.01386677499    -0.004473550249   -5.830512628e-07    2.382136766e-05        21.04957424       -3.476348886                 -0                 -0                 -0                 -0                 -0        31.04101824          89.290264        121.0636381        115.5882407        2.809443223        10.24600022 "MONITOR"                            0                  0      0.01716570009         1.67270324   -6.622781007e-05      0.02064698628
 "BPM.10L8.B2"              26134.16517        192.4488109       -2.735458611        15.26360869       0.1350025325        60.82716781        59.11744083        2.035982273     -0.08544400851      0.02806177548     0.003729046794   -4.899416344e-06   -3.996695687e-07        79.11339842        2.890903133                 -0                 -0                 -0                 -0                 -0        27.84044244        80.39051658        121.3117908        115.9392019        1.273739043        9.950202625 "MONITOR"                            0                  0     -0.01737910979        1.032421535    0.0003930663548     -0.04990807596
 "BPM.9L8.B2"               26173.23018        18.55543024       0.9047041402        179.0757211       -3.943462014        60.92729437        59.27169888       0.6448601315     -0.03744424777      -0.0355515872      0.00101362803   -1.757084085e-06   -2.282494827e-05        23.38754917        12.45274155                 -0                 -0                 -0                 -0                 -0        24.44477853         77.4529879        121.5115176        116.2509581        3.190076536        1.123623673 "MONITOR"                            0                  0     -0.01232519844       0.7612023014   -0.0007919104545      0.01146078197
 "BPM.8L8.B2"               26213.69319        116.3526466       -2.811386758        30.19081897        1.115678854        61.15960817        59.35069629       0.1538206508      0.05083343284    -0.004034301508      0.00230005569   -6.231269996e-08   -1.097993683e-05       -18.38648343        3.780733322                 -0                 -0                 -0                 -0                 -0        22.77426749        75.04008493        121.9591952         116.406799        3.259763105        3.767497537 "MONITOR"                            0                  0     -0.03004068983        1.272686056    0.0005916609597     -0.04043005303
 "BPM.7L8.B2"                26252.7592        41.22722328       0.6715867076        81.99183741       -1.559357966        61.24368387        59.51924072     -0.02693148034       0.2222832175    0.0009536199783     0.004578506197    1.294177588e-06   -9.715582508e-06       -28.00457381       -2.434627379                 -0                 -0                 -0                 -0                 -0        23.80798926        75.53734322        122.1236593         116.741179        1.363793027        12.93427226 "MONITOR"                            0                  0     0.007327234932         1.19885618   -0.0002841323657      0.01650201742
 "BPM.6L8.B2"                26285.2282        95.44752672        2.592956444        31.74546549      -0.7772707455         61.3247616        59.63194335     -0.02002454988        0.116694544     0.001048855147    0.0004517647373    3.419292843e-06    1.598684213e-06       -56.84660932       -4.309226068                 -0                 -0                 -0                 -0                 -0        23.06561656        76.17992716        122.2917344        116.9684522       0.7931502064        7.998560786 "MONITOR"                            0                  0       0.0199093729       0.9772240485   -0.0004593578223    0.0006355042149
 "BPMR.5L8.B2"               26345.6472        88.69905498       -3.831515703        265.0516909        1.423170286         61.6999386        59.73638412      0.04648033535       0.1322030937     0.001790659674    -0.002143325194   -9.148866779e-07    0.0003475586616        28.92810218       -14.79908826                 -0                 -0                 -0                 -0                 -0        18.68970315        73.45703121        122.0199432        117.1773694        1.961469054        1.337064257 "MONITOR"                            0                  0     -0.03325336153        1.492911008   -0.0003872385384     0.003505350139
 "BPMWI.A5L8.B2"             26347.1487         100.603655       -4.096955844        260.8036444        1.406031521        61.70246847        59.73729304      0.04916913367       0.1289440243     0.001790659674    -0.002143325194   -1.037702923e-06    0.0003884251701        31.62597518       -14.66921859                 -0                 -0                 -0                 -0                 -0        18.53329195        73.45889964        122.0231767        117.1791488        1.912227709        1.307092247 "MONITOR"                            0                  0      -0.0338348002        1.548977244   -0.0003872385384     0.004086788804
 "BPMYB.4L8.B2"              26366.4142        324.0782641       -7.502774715        210.8644175        1.186126842        61.71948206         59.7503828      0.08366866346      0.08712744021     0.001790659674    -0.002143325194   -2.613538007e-06    0.0009127766315        66.24194073       -13.00288222                 -0                 -0                 -0                 -0                 -0         16.7710084        73.48322476         122.030925        117.2048363        1.597709506       0.9517626521 "MONITOR"                            0                  0     -0.04129514426        2.423282875   -0.0003872385384      0.01154713287
 "BPMWB.4L8.B2"              26395.6867        429.3199806      -0.6887611313        375.2487886       -4.146311463        61.73107238        59.76822311      0.07428058612      0.06128435173    -0.001527950313    -0.000567752698   -3.577583599e-06      0.00303722772        83.24498927       -16.85691835                 -0                 -0                 -0                 -0                 -0        16.38881871        72.49494791        122.0492757        117.2414937        1.400669469       0.7136950009 "MONITOR"                            0                  0       0.0102204774        4.095579683    5.344888181e-05      0.06657839177
 "BPMSX.4L8.B2"              26441.0987        498.9583016      -0.8447172662        851.8103553       -6.347865555        61.74671348        59.78102069     0.004894381493      0.03140188679    -0.001527950313    -0.000567752698   -4.652569668e-06     0.007136898227        99.22484281        -24.6822489                 -0                 -0                 -0                 -0                 -0        16.26705855        70.49131038        122.0815335        117.2691114        1.151081615       0.7301831735 "MONITOR"                            0                  0      0.01264769803        6.544680347    5.344888181e-05      0.06415117115
 "BPMS.2L8.B2"               26478.9502        782.4600285        50.33417951        292.4648939       -4.690343816        61.75577045        59.79134746    -0.005452512407    -0.002492949334     0.000361002513    -0.001122236733   -6.379627621e-06     0.004835118654        130.5478489       -14.03637462                 -0                 -0                 -0                 -0                 -0        18.05940411        51.47707087        121.8795073        117.2967344        1.019632255       0.8436939164 "MONITOR"                            0                  0       0.3282538947        4.930661319     0.007346630736       0.1117589041
 "BPMSW.1L8.B2"              26488.8842        234.6175959        10.77205048        234.9960908        10.78777427        61.75991312        59.79668351    -0.002873543259     -0.01121065985    0.0001507276279   -0.0006601213008   -3.627928119e-06      0.00434733409        72.97726274       -12.36307187                 -0                 -0                 -0                 -0                 -0        33.34564965        49.85852376        121.8278202        117.3085108       0.9553486827       0.9266465082 "MONITOR"                            0                  0       0.1313215516        2.466580809    -0.005157698687     -0.09336116512
 "BPMSW.1L8.B2_DOROS"          26488.8842        234.6175959        10.77205048        234.9960908        10.78777427        61.75991312        59.79668351    -0.002873543259     -0.01121065985    0.0001507276279   -0.0006601213008   -3.627928119e-06      0.00434733409        72.97726274       -12.36307187                 -0                 -0                 -0                 -0                 -0        33.34564965        49.85852376        121.8278202        117.3085108       0.9553486827       0.9266465082 "MONITOR"                            0                  0       0.1313215516        2.466580809    -0.005157698687     -0.09336116512
 "BPMSW.1R8.B2"              26532.0742        234.6555084       -10.77292829        234.8679997       -10.78480851        62.23044915        60.26725703      0.00363013188      -0.0310292639    0.0001507276279   -0.0006601213008    2.623167473e-06     -0.00434468195       -61.35625979        13.37484253                 -0                 -0                 -0                 -0                 -0        54.27479579        28.91245743        122.7499271        118.2713029        1.218368877       0.6322810649 "MONITOR"                            0                  0     -0.09143945466        2.383582134    -0.005157698687       0.1293998411
 "BPMSW.1R8.B2_DOROS"          26532.0742        234.6555084       -10.77292829        234.8679997       -10.78480851        62.23044915        60.26725703      0.00363013188      -0.0310292639    0.0001507276279   -0.0006601213008    2.623167473e-06     -0.00434468195       -61.35625979        13.37484253                 -0                 -0                 -0                 -0                 -0        54.27479579        28.91245743        122.7499271        118.2713029        1.218368877       0.6322810649 "MONITOR"                            0                  0     -0.09143945466        2.383582134    -0.005157698687       0.1293998411
 "BPMS.2R8.B2"               26542.0082        292.0574337        4.682924968        783.3453555       -50.39233493        62.23579281        60.27139515     0.003907209497     -0.04423275474    -7.73662221e-05    -0.002604900701    3.138427732e-06    -0.007924585095       -70.98976212        24.22525728                 -0                 -0                 -0                 -0                 -0        55.90945726        12.31875212        122.7599169         118.335812        1.204449253       0.6487473026 "MONITOR"                            0                  0       0.1067940833        4.815651149     0.007045426998        0.322020332
 "BPMSX.4R8.B2"              26579.9797        849.2134162        6.332746488        499.3831338       0.8444269482        62.24615582        60.28047953    -0.003625591354     -0.03618937365    -0.001587513111    7.828785042e-05    6.034461778e-06    -0.004961205457       -129.0436989        18.83643115                 -0                 -0                 -0                 -0                 -0        74.80436373        13.01477611        122.7727648        118.6881661        1.123801528       0.6922998814 "MONITOR"                            0                  0      0.06265256503        6.534439338    7.466445248e-05       0.0151541319
 "BPMWI.4R8.B2"              26625.1677        375.7199631        4.145554235        430.0718171        0.689416479        62.25890161        60.29602294     -0.07536064873     -0.03567552488    -0.001587513111    7.828785042e-05     4.54936426e-06     -0.00193738941       -91.79839185        16.54668915                 -0                 -0                 -0                 -0                 -0         76.9587171        12.93364141        122.7990364        118.7208808       0.8937555753       0.7334972439 "MONITOR"                            0                  0      0.06602650231        4.235618665    7.466445248e-05      0.01178019463
 "BPMYB.4R8.B2"              26654.5442        210.7219492       -1.187066476        324.5615581        7.513601919        62.27680145        60.30763487      -0.1036902148     -0.03157185245    -0.001985985592    0.0007582755966    3.932851816e-06   -0.0005865565436        -74.2902597        13.67540577                 -0                 -0                 -0                 -0                 -0        78.03173621        13.49285703        122.8352446         118.747737       0.3066416117       0.7375709626 "MONITOR"                            0                  0     0.008313527095         2.60040271   -0.0003179871134     -0.04394614934
